0.3265223801136017,0.4004816710948944,0.373340368270874,0.3723164200782776,0.4096294343471527,0.3002890348434448,0.40766361355781555,0.21729648113250732,0.3761140704154968,0.18179559707641602,0.3856070935726166,0.23104411363601685,0.3996792137622833,0.17722588777542114,0.3956097960472107,0.23501023650169373,0.38823017477989197,0.26196229457855225,0.35820257663726807,0.22256305813789368,0.37176528573036194,0.16709372401237488,0.37020355463027954,0.24673250317573547,0.36044102907180786,0.27658069133758545,0.3311444818973541,0.22491011023521423,0.3429371118545532,0.16839373111724854,0.3475216031074524,0.2498600333929062,0.3396882116794586,0.2828032076358795,0.300167977809906,0.2339697629213333,0.31645581126213074,0.19270586967468262,0.32425761222839355,0.24842442572116852,0.31883910298347473,0.27371153235435486
0.32142454385757446,0.4034326374530792,0.3686150312423706,0.3812275826931,0.4056878089904785,0.3061038553714752,0.4043709635734558,0.21992595493793488,0.3721030056476593,0.18509286642074585,0.3828142583370209,0.23155517876148224,0.39755210280418396,0.17888955771923065,0.39173299074172974,0.23984427750110626,0.38330137729644775,0.26411953568458557,0.35505494475364685,0.22409851849079132,0.3695129454135895,0.1732354760169983,0.366146981716156,0.2572048604488373,0.3544647693634033,0.28145432472229004,0.327909916639328,0.22760774195194244,0.34041261672973633,0.1732904314994812,0.34351325035095215,0.257450670003891,0.3337274193763733,0.2858276665210724,0.29659318923950195,0.23570263385772705,0.3134208023548126,0.1967799961566925,0.31988683342933655,0.2541474401950836,0.31286221742630005,0.2762035131454468
0.31512776017189026,0.42123717069625854,0.3605765998363495,0.3887224793434143,0.395516961812973,0.31446710228919983,0.39100217819213867,0.23011627793312073,0.35948318243026733,0.1924651563167572,0.37337419390678406,0.24275608360767365,0.3847634196281433,0.1810586154460907,0.3811691999435425,0.24675492942333221,0.37423354387283325,0.272867351770401,0.34524330496788025,0.23650355637073517,0.3558097779750824,0.18014875054359436,0.3558109402656555,0.2632627487182617,0.34723663330078125,0.28347471356391907,0.3174797296524048,0.23983244597911835,0.3264502286911011,0.18354804813861847,0.33230656385421753,0.26658573746681213,0.32600459456443787,0.2924194931983948,0.28595277667045593,0.24883486330509186,0.29999080300331116,0.20638194680213928,0.30893072485923767,0.2629280388355255,0.30490756034851074,0.2864839732646942
0.31338441371917725,0.41939741373062134,0.35874855518341064,0.39249375462532043,0.39424043893814087,0.3148671090602875,0.3895588219165802,0.22990381717681885,0.3575105369091034,0.1969870924949646,0.37278568744659424,0.24225443601608276,0.385109007358551,0.18015378713607788,0.3795023560523987,0.24712057411670685,0.3719615638256073,0.2710024118423462,0.3444584012031555,0.23652741312980652,0.35531872510910034,0.18182986974716187,0.35337650775909424,0.2661004960536957,0.34436142444610596,0.28303834795951843,0.31632837653160095,0.24040214717388153,0.32551851868629456,0.18285340070724487,0.3295869529247284,0.26786667108535767,0.32257261872291565,0.2928552031517029,0.28451138734817505,0.2493157982826233,0.2991024851799011,0.2068547010421753,0.30612245202064514,0.2644524872303009,0.3005833625793457,0.286989688873291
0.30484870076179504,0.4189533591270447,0.34974002838134766,0.39172956347465515,0.38441357016563416,0.3084900975227356,0.37878483533859253,0.2218744307756424,0.3451329171657562,0.19367553293704987,0.36357372999191284,0.2365753948688507,0.3764355182647705,0.17594319581985474,0.36921340227127075,0.24240854382514954,0.36120471358299255,0.2635989487171173,0.3348628580570221,0.23277106881141663,0.3454366624355316,0.17560741305351257,0.34334346652030945,0.2606163024902344,0.33523696660995483,0.27702394127845764,0.3063730299472809,0.23884466290473938,0.3143441081047058,0.17982065677642822,0.3195122182369232,0.26458844542503357,0.313480406999588,0.28795120120048523,0.2746680676937103,0.24913810193538666,0.28777015209198,0.2081872969865799,0.2956070303916931,0.26484784483909607,0.2911700904369354,0.2844177186489105
0.30370184779167175,0.4182661473751068,0.34792062640190125,0.3855626583099365,0.3820927143096924,0.3047955334186554,0.37541013956069946,0.2189096361398697,0.34284645318984985,0.18475109338760376,0.360547810792923,0.23290082812309265,0.3729189932346344,0.16935957968235016,0.36732542514801025,0.2378024458885193,0.3596430718898773,0.26117321848869324,0.3320665955543518,0.22916868329048157,0.3434465825557709,0.17195844650268555,0.34243518114089966,0.2575787901878357,0.3336600065231323,0.2740980386734009,0.3035801649093628,0.23568883538246155,0.3128316104412079,0.17724841833114624,0.31861358880996704,0.26288115978240967,0.3120821416378021,0.28580766916275024,0.2714082598686218,0.24693350493907928,0.28594520688056946,0.20435592532157898,0.2946365475654602,0.26229429244995117,0.28976744413375854,0.2832038700580597
0.3095376491546631,0.4194963574409485,0.3554914593696594,0.3898440897464752,0.3893088400363922,0.31188100576400757,0.38256382942199707,0.22728922963142395,0.35067716240882874,0.19421303272247314,0.3667854070663452,0.23873822391033173,0.3787752687931061,0.1771717369556427,0.3739539086818695,0.24601250886917114,0.36687806248664856,0.2698172628879547,0.338593989610672,0.23491619527339935,0.3504638373851776,0.17704129219055176,0.34974250197410583,0.2632242739200592,0.34045854210853577,0.2812117040157318,0.3107790946960449,0.2407262772321701,0.32089951634407043,0.18254774808883667,0.3261271119117737,0.26814955472946167,0.318758487701416,0.2924908995628357,0.2790147364139557,0.25075313448905945,0.29411131143569946,0.209138885140419,0.30241814255714417,0.26699593663215637,0.2969949543476105,0.2883390486240387
0.313216894865036,0.4279748797416687,0.3577718734741211,0.40112000703811646,0.3925555348396301,0.3238879442214966,0.3874509036540985,0.23859676718711853,0.35577332973480225,0.2013859748840332,0.3727155923843384,0.25522157549858093,0.3847334384918213,0.19541700184345245,0.37887945771217346,0.25948837399482727,0.37253376841545105,0.2814391255378723,0.34439826011657715,0.24791213870048523,0.35533562302589417,0.19117869436740875,0.3533385396003723,0.2740635573863983,0.3450745642185211,0.29319947957992554,0.3163227438926697,0.25134867429733276,0.3249654769897461,0.19568279385566711,0.32996881008148193,0.27835240960121155,0.32371991872787476,0.30288469791412354,0.2845612168312073,0.25907886028289795,0.29783183336257935,0.21965809166431427,0.30619555711746216,0.276355117559433,0.3020634353160858,0.29725778102874756
0.31366705894470215,0.4381592273712158,0.35762909054756165,0.41327279806137085,0.3933846652507782,0.33148980140686035,0.38913875818252563,0.24522732198238373,0.3552395701408386,0.21319186687469482,0.37086522579193115,0.2571832835674286,0.3838346302509308,0.2028929591178894,0.3787633180618286,0.2674283981323242,0.37214475870132446,0.28728625178337097,0.34216684103012085,0.2518579065799713,0.3551378548145294,0.19937577843666077,0.35377466678619385,0.2834201157093048,0.3438146412372589,0.3028112053871155,0.3140910565853119,0.2587833106517792,0.32494741678237915,0.2044573575258255,0.3303748667240143,0.2879312336444855,0.3220687210559845,0.3126777708530426,0.2823687195777893,0.2705489695072174,0.297913134098053,0.23123174905776978,0.3063925802707672,0.2874890863895416,0.3008873164653778,0.30704501271247864
0.3129448890686035,0.4456772208213806,0.35616257786750793,0.419771671295166,0.3931463062763214,0.33911699056625366,0.38858211040496826,0.25326481461524963,0.3536527752876282,0.22098129987716675,0.3710465133190155,0.2641121447086334,0.3837871551513672,0.20836779475212097,0.3782835900783539,0.2708066403865814,0.3712746798992157,0.2907789945602417,0.342022180557251,0.2591302692890167,0.3545912504196167,0.2069661021232605,0.3527698814868927,0.29008758068084717,0.34271231293678284,0.3089342713356018,0.31405022740364075,0.2659050524234772,0.3237500786781311,0.2109484076499939,0.3294842839241028,0.29388245940208435,0.3216772973537445,0.319476455450058,0.2825041711330414,0.2769278883934021,0.2971358001232147,0.23737764358520508,0.30587759613990784,0.2931763529777527,0.3007776439189911,0.3130585253238678
0.3143032193183899,0.4442148506641388,0.3574330508708954,0.41508975625038147,0.39357659220695496,0.3364291787147522,0.39005789160728455,0.252744197845459,0.35714590549468994,0.21963970363140106,0.3718107342720032,0.2575845718383789,0.38398832082748413,0.20274344086647034,0.37915027141571045,0.2678220272064209,0.37232163548469543,0.2888711094856262,0.34319567680358887,0.25358137488365173,0.354525089263916,0.20248284935951233,0.3540348410606384,0.285427063703537,0.3449837267398834,0.3038458526134491,0.31518468260765076,0.2611256241798401,0.3244591951370239,0.20675095915794373,0.33037906885147095,0.2895282804965973,0.3232141137123108,0.31410741806030273,0.28365278244018555,0.2741852402687073,0.2978387475013733,0.2345874011516571,0.30678990483283997,0.29039081931114197,0.30224424600601196,0.31080710887908936
0.31714069843292236,0.4427662193775177,0.36131754517555237,0.4110599160194397,0.3958377242088318,0.33756881952285767,0.39125344157218933,0.2551008462905884,0.3597189784049988,0.21902301907539368,0.3732900321483612,0.2650430500507355,0.3855588138103485,0.20712196826934814,0.3813568949699402,0.27088919281959534,0.3750513792037964,0.2949168384075165,0.3454742431640625,0.2586067318916321,0.35723185539245605,0.20550483465194702,0.3562629520893097,0.2869553864002228,0.347440630197525,0.3079603910446167,0.31787875294685364,0.26351630687713623,0.32769784331321716,0.2078569233417511,0.33273741602897644,0.290444016456604,0.3255802392959595,0.3179583251476288,0.28624123334884644,0.2745070159435272,0.3004685044288635,0.2337050437927246,0.30917999148368835,0.28968778252601624,0.3046887516975403,0.3124227523803711
0.31818851828575134,0.4434913992881775,0.36199790239334106,0.41204020380973816,0.39672210812568665,0.33986663818359375,0.3935888111591339,0.2565324306488037,0.3619396686553955,0.2188936173915863,0.3756658732891083,0.26983270049095154,0.3878164291381836,0.21298076212406158,0.3833284080028534,0.273280531167984,0.37669527530670166,0.29868581891059875,0.3468698561191559,0.2620738446712494,0.3582272529602051,0.20771770179271698,0.35698214173316956,0.28853508830070496,0.34791532158851624,0.31179508566856384,0.3189155161380768,0.26506441831588745,0.32830914855003357,0.2071009874343872,0.3335225582122803,0.2894444465637207,0.3264113664627075,0.31965357065200806,0.2868609130382538,0.2747000455856323,0.3010711967945099,0.23157277703285217,0.30925989151000977,0.28723546862602234,0.30483412742614746,0.3119761645793915
0.3163905441761017,0.4581025540828705,0.3651551306247711,0.4071519672870636,0.39157214760780334,0.344564288854599,0.39218175411224365,0.26411598920822144,0.3727826476097107,0.20833513140678406,0.3711587190628052,0.2746604084968567,0.38555067777633667,0.2128506898880005,0.38159990310668945,0.2716788351535797,0.37048038840293884,0.3129618167877197,0.34570443630218506,0.26331907510757446,0.3573647737503052,0.20158395171165466,0.3545050621032715,0.2826988101005554,0.34467872977256775,0.31816214323043823,0.31775060296058655,0.26274406909942627,0.3294842839241028,0.1974005103111267,0.3314337432384491,0.28049856424331665,0.3234262764453888,0.3202669322490692,0.28371602296829224,0.2709236145019531,0.2987530827522278,0.21452702581882477,0.30729684233665466,0.2708706259727478,0.3049955368041992,0.30520209670066833
0.31553059816360474,0.461489737033844,0.3629489839076996,0.41358429193496704,0.3902052640914917,0.34707197546958923,0.3952198624610901,0.26553255319595337,0.37403225898742676,0.2098764330148697,0.3695414662361145,0.2786661684513092,0.38211578130722046,0.21341925859451294,0.3778272867202759,0.2691692113876343,0.3681235909461975,0.3127480745315552,0.34457889199256897,0.2672055661678314,0.3551025986671448,0.2037607878446579,0.35146304965019226,0.27919620275497437,0.343267023563385,0.3185157775878906,0.31637582182884216,0.26553332805633545,0.3269934058189392,0.19792525470256805,0.3285728394985199,0.27638351917266846,0.3224526047706604,0.32178065180778503,0.2832488715648651,0.27262529730796814,0.2973727285861969,0.21367359161376953,0.3050876557826996,0.26570361852645874,0.30377206206321716,0.30397847294807434
0.3153616189956665,0.46711307764053345,0.3617572784423828,0.4160611629486084,0.3887518644332886,0.34653472900390625,0.3940293788909912,0.2676340937614441,0.37218815088272095,0.21397869288921356,0.3665696084499359,0.2782869040966034,0.378804087638855,0.21354281902313232,0.37490314245224,0.26998382806777954,0.3658607602119446,0.31288450956344604,0.3420393168926239,0.26746681332588196,0.35260552167892456,0.20436951518058777,0.3492901921272278,0.27827081084251404,0.34101688861846924,0.3187425434589386,0.3141120374202728,0.266327828168869,0.3237655758857727,0.19684505462646484,0.3261245787143707,0.27321285009384155,0.3205523192882538,0.31967008113861084,0.2813979983329773,0.2742908000946045,0.29442834854125977,0.21636787056922913,0.3026408553123474,0.26597341895103455,0.3015088438987732,0.30285415053367615
0.31605276465415955,0.46686530113220215,0.36214783787727356,0.41838833689689636,0.3887096047401428,0.3469874858856201,0.3947606682777405,0.26813337206840515,0.3743126094341278,0.21387650072574615,0.3669009208679199,0.2784489393234253,0.37766703963279724,0.21430055797100067,0.3740588426589966,0.269313782453537,0.36487579345703125,0.3127311170101166,0.3427867293357849,0.26661139726638794,0.35246148705482483,0.2034274935722351,0.3491051197052002,0.27590423822402954,0.34043335914611816,0.31808343529701233,0.3152896463871002,0.26406434178352356,0.3250006139278412,0.19726970791816711,0.326702356338501,0.2713014483451843,0.32068493962287903,0.3174896836280823,0.28312626481056213,0.2703316807746887,0.29583099484443665,0.21161207556724548,0.3033325672149658,0.2590532600879669,0.30201077461242676,0.29611021280288696
0.3160790801048279,0.47155529260635376,0.3615163564682007,0.41789743304252625,0.38687893748283386,0.34697431325912476,0.3938809335231781,0.2697629928588867,0.3730182647705078,0.21447736024856567,0.36989104747772217,0.27772507071495056,0.37992021441459656,0.21031281352043152,0.3739253878593445,0.2637898623943329,0.36462298035621643,0.30726519227027893,0.3449002206325531,0.2646372616291046,0.3534839451313019,0.19976302981376648,0.3476698398590088,0.2702846825122833,0.3398217260837555,0.3118870258331299,0.3168753385543823,0.26055940985679626,0.32477056980133057,0.19221007823944092,0.32505154609680176,0.2617304027080536,0.3197898268699646,0.3080942630767822,0.28497207164764404,0.26400241255760193,0.2955208122730255,0.2029968798160553,0.30207499861717224,0.24675965309143066,0.3019854426383972,0.28414711356163025
0.3158436417579651,0.4736223518848419,0.36116382479667664,0.4214843809604645,0.3858524560928345,0.34763529896736145,0.39460134506225586,0.26969990134239197,0.3755350112915039,0.21512964367866516,0.36679744720458984,0.2789849042892456,0.3735184967517853,0.21283885836601257,0.3685825765132904,0.2667771279811859,0.36040011048316956,0.31126970052719116,0.3423900604248047,0.26673901081085205,0.3499448299407959,0.2015949785709381,0.3453712463378906,0.27170225977897644,0.33799001574516296,0.31455984711647034,0.31491437554359436,0.26352787017822266,0.3221423327922821,0.19436746835708618,0.3232705295085907,0.26405632495880127,0.318562775850296,0.3107970952987671,0.2835080921649933,0.26808375120162964,0.2947033643722534,0.20716232061386108,0.30110591650009155,0.2519809603691101,0.30072227120399475,0.2895800471305847
0.31613612174987793,0.4759194850921631,0.36124187707901,0.42062175273895264,0.3851253092288971,0.34535467624664307,0.39363712072372437,0.26747244596481323,0.3761601150035858,0.21031120419502258,0.3644789755344391,0.2778673768043518,0.3730342984199524,0.21042916178703308,0.36968034505844116,0.26757657527923584,0.36143526434898376,0.3127630352973938,0.3398946523666382,0.2707345187664032,0.3493117392063141,0.20249393582344055,0.34759312868118286,0.27624523639678955,0.34006190299987793,0.3202657699584961,0.31168240308761597,0.2730447053909302,0.3192088305950165,0.1991526186466217,0.32416120171546936,0.27440276741981506,0.32064440846443176,0.32178211212158203,0.27922338247299194,0.2842971682548523,0.29168498516082764,0.22441163659095764,0.30090928077697754,0.27435579895973206,0.3007032573223114,0.31238311529159546
0.31884485483169556,0.4760898947715759,0.3628670573234558,0.41821372509002686,0.3859187364578247,0.3404766917228699,0.3929762542247772,0.2631499767303467,0.379160076379776,0.20379792153835297,0.36273494362831116,0.27010488510131836,0.37123623490333557,0.20382848381996155,0.3686811625957489,0.2636730968952179,0.36039236187934875,0.3099401593208313,0.3385773301124573,0.2656424939632416,0.3495008647441864,0.1967543065547943,0.3483307957649231,0.27504169940948486,0.33991730213165283,0.3200231194496155,0.3110401928424835,0.2714352011680603,0.31921449303627014,0.19863361120224,0.32454919815063477,0.277588427066803,0.32027915120124817,0.3232533931732178,0.2790258228778839,0.2875049412250519,0.2909332811832428,0.22762185335159302,0.3011796474456787,0.2802359461784363,0.30124810338020325,0.3170498013496399
0.3215826153755188,0.47995227575302124,0.3641915023326874,0.41652223467826843,0.3851485550403595,0.3372753858566284,0.3911724090576172,0.26001057028770447,0.3755774199962616,0.20257321000099182,0.3601493537425995,0.26837170124053955,0.3687371611595154,0.20145897567272186,0.3673939108848572,0.26282408833503723,0.35895976424217224,0.3104987144470215,0.3362979292869568,0.2666921615600586,0.3468444049358368,0.1944086104631424,0.3473515212535858,0.27412810921669006,0.3392626941204071,0.3200295567512512,0.3089083731174469,0.2754901945590973,0.31639334559440613,0.2015995979309082,0.32342609763145447,0.28002700209617615,0.3192938268184662,0.32546812295913696,0.2768675684928894,0.2946389615535736,0.2880377173423767,0.2341606318950653,0.29991814494132996,0.28536662459373474,0.3007219135761261,0.32206854224205017
0.32390207052230835,0.47828811407089233,0.3625231385231018,0.41731345653533936,0.3804786801338196,0.330064058303833,0.3813742697238922,0.25013768672943115,0.36366188526153564,0.19182740151882172,0.3505170941352844,0.253752738237381,0.3575275242328644,0.18893086910247803,0.3624442219734192,0.2556377351284027,0.35621029138565063,0.29802626371383667,0.32607969641685486,0.26130080223083496,0.33490970730781555,0.1963747888803482,0.34328800439834595,0.2811226546764374,0.33666375279426575,0.3195206820964813,0.29985904693603516,0.2797505855560303,0.30753999948501587,0.2174312174320221,0.321189284324646,0.30159521102905273,0.3177408277988434,0.34053754806518555,0.27057966589927673,0.30834630131721497,0.28278976678848267,0.2549181282520294,0.29797518253326416,0.3110186755657196,0.2971414625644684,0.34382739663124084
0.3144439160823822,0.4683283865451813,0.3527679443359375,0.41103965044021606,0.369897723197937,0.3248894214630127,0.36996498703956604,0.2405281811952591,0.34633684158325195,0.1882798969745636,0.34053096175193787,0.25848525762557983,0.34709683060646057,0.19774790108203888,0.35236790776252747,0.2625007629394531,0.3460391163825989,0.29973283410072327,0.3165453374385834,0.2657610774040222,0.32253843545913696,0.20222093164920807,0.3327750861644745,0.28573137521743774,0.32656678557395935,0.3177168667316437,0.2908506989479065,0.28416723012924194,0.29658690094947815,0.22341254353523254,0.31171029806137085,0.30535387992858887,0.3076326549053192,0.3390282988548279,0.2614040970802307,0.31207504868507385,0.273540735244751,0.2652803957462311,0.28852367401123047,0.3198153078556061,0.2858761250972748,0.3484273850917816
0.31249168515205383,0.46500810980796814,0.34871020913124084,0.4065740704536438,0.36306339502334595,0.31839025020599365,0.36107969284057617,0.23626689612865448,0.3372892737388611,0.18743878602981567,0.3287186622619629,0.2567611336708069,0.33233359456062317,0.1957019716501236,0.3412076234817505,0.2567828893661499,0.3373314440250397,0.29836758971214294,0.30590006709098816,0.26810359954833984,0.310787171125412,0.20322702825069427,0.32418549060821533,0.28445732593536377,0.3187071979045868,0.3207719027996063,0.2816307246685028,0.2893163859844208,0.28549158573150635,0.2275676131248474,0.30413416028022766,0.3065718710422516,0.3013414740562439,0.34314271807670593,0.2533584535121918,0.31927841901779175,0.2634581923484802,0.26921409368515015,0.28163591027259827,0.32052692770957947,0.28087368607521057,0.351076602935791
0.31052055954933167,0.4702666401863098,0.346027135848999,0.4081159234046936,0.35996073484420776,0.32163092494010925,0.35792380571365356,0.23979294300079346,0.3331349790096283,0.18996348977088928,0.32834482192993164,0.2578759491443634,0.3305400609970093,0.19363398849964142,0.33836156129837036,0.2547883689403534,0.33461886644363403,0.2973252534866333,0.3051619827747345,0.2693200409412384,0.30862876772880554,0.2033638060092926,0.32168540358543396,0.28407132625579834,0.317730575799942,0.32089871168136597,0.2804166078567505,0.29007428884506226,0.2827860414981842,0.22667697072029114,0.30086150765419006,0.3059576153755188,0.29949676990509033,0.34475305676460266,0.25220412015914917,0.3195308744907379,0.2610166668891907,0.26715385913848877,0.27838921546936035,0.3186994791030884,0.2783055007457733,0.3512205481529236
0.31027454137802124,0.47204577922821045,0.3481490910053253,0.4103701710700989,0.3661288917064667,0.3276100754737854,0.36403003334999084,0.24649935960769653,0.33992430567741394,0.1978130042552948,0.33148080110549927,0.26150986552238464,0.3383755683898926,0.1998305320739746,0.34520405530929565,0.2630612552165985,0.3396929204463959,0.3024868667125702,0.30784955620765686,0.26885926723480225,0.3156563639640808,0.20359393954277039,0.32533231377601624,0.2871074080467224,0.3185257911682129,0.3220660388469696,0.28301918506622314,0.2865728437900543,0.28969573974609375,0.22553300857543945,0.303991436958313,0.308223158121109,0.3000375032424927,0.34472233057022095,0.25426042079925537,0.3139084279537201,0.26513218879699707,0.2601919174194336,0.2811228036880493,0.31535932421684265,0.28018930554389954,0.3475712537765503
0.30647721886634827,0.46737024188041687,0.34987643361091614,0.40906262397766113,0.3700777590274811,0.3353213965892792,0.3677721619606018,0.2572392523288727,0.3446178734302521,0.2084415853023529,0.34567680954933167,0.2690123915672302,0.35582807660102844,0.20977690815925598,0.3557054102420807,0.27338576316833496,0.34663501381874084,0.31255581974983215,0.3197069466114044,0.26715153455734253,0.32817500829696655,0.2048533856868744,0.3315281867980957,0.29038941860198975,0.323683500289917,0.3245566785335541,0.2919221520423889,0.2749331593513489,0.2999087870121002,0.21345627307891846,0.3082418739795685,0.29760047793388367,0.30288562178611755,0.33465442061424255,0.2594459652900696,0.2918403446674347,0.271377831697464,0.2367246448993683,0.28334110975265503,0.2926969528198242,0.28227871656417847,0.32542526721954346
0.2947207987308502,0.47630852460861206,0.3409164845943451,0.4301411211490631,0.3695835471153259,0.3578150272369385,0.3692552447319031,0.28176870942115784,0.3387119770050049,0.24711912870407104,0.35304033756256104,0.2924976348876953,0.36765235662460327,0.2279517948627472,0.35836535692214966,0.28441354632377625,0.3481949269771576,0.32088130712509155,0.32750800251960754,0.27522364258766174,0.33896154165267944,0.2102387398481369,0.33101174235343933,0.2821756601333618,0.3215043544769287,0.31991004943847656,0.2996276617050171,0.26675450801849365,0.3103812336921692,0.1956690549850464,0.3089034855365753,0.2686040997505188,0.3002212643623352,0.314689040184021,0.2679702043533325,0.2655799686908722,0.2760573923587799,0.2009979486465454,0.28356069326400757,0.2415245771408081,0.28343695402145386,0.27727746963500977
0.2935640811920166,0.47580158710479736,0.34080490469932556,0.4331637918949127,0.3712286949157715,0.36430859565734863,0.3713414669036865,0.2889464497566223,0.3419544994831085,0.2526155710220337,0.35496068000793457,0.29778602719306946,0.3702268600463867,0.2335694283246994,0.3601296842098236,0.28738290071487427,0.3496832549571991,0.3230571448802948,0.3294774889945984,0.2782950699329376,0.3425700068473816,0.2136385589838028,0.3331153094768524,0.2836102247238159,0.322803258895874,0.32128164172172546,0.30184152722358704,0.2677449584007263,0.3137446939945221,0.1977139413356781,0.3108231723308563,0.2689800560474396,0.30163589119911194,0.3146505653858185,0.27046483755111694,0.26487496495246887,0.27942878007888794,0.2010396420955658,0.28617414832115173,0.2407764196395874,0.2859570384025574,0.2759840190410614
0.29146313667297363,0.4780239760875702,0.3398801386356354,0.437710702419281,0.37088748812675476,0.37112388014793396,0.37287333607673645,0.294341504573822,0.34356895089149475,0.2581292390823364,0.3554558753967285,0.30292415618896484,0.371243417263031,0.2373405396938324,0.3605871796607971,0.29273101687431335,0.3507870137691498,0.32874834537506104,0.3301219642162323,0.2822064459323883,0.3436150848865509,0.21746310591697693,0.3339659869670868,0.2865009605884552,0.3242921531200409,0.32361429929733276,0.3024335503578186,0.2707187533378601,0.314644455909729,0.1996496319770813,0.3113897740840912,0.2694360613822937,0.3022228479385376,0.31497761607170105,0.2710952162742615,0.26659220457077026,0.2812173664569855,0.20265698432922363,0.2871619760990143,0.24212655425071716,0.2860429286956787,0.2778472304344177
0.2893604040145874,0.47917234897613525,0.3388301134109497,0.44228169322013855,0.3720868229866028,0.376628041267395,0.3751322627067566,0.29820847511291504,0.34643641114234924,0.2601904273033142,0.35597169399261475,0.3067806363105774,0.373180627822876,0.2403637021780014,0.36261728405952454,0.2936604619026184,0.351608008146286,0.3309383690357208,0.33074164390563965,0.28562700748443604,0.3465613126754761,0.21946772933006287,0.3366086483001709,0.28797146677970886,0.3254472315311432,0.32672691345214844,0.3035122752189636,0.27315038442611694,0.3183085024356842,0.19913873076438904,0.31482353806495667,0.26760655641555786,0.3042141795158386,0.31490689516067505,0.27234554290771484,0.2678956389427185,0.28495126962661743,0.2021075040102005,0.2911890745162964,0.2397993505001068,0.2889581024646759,0.2763160765171051
0.28554925322532654,0.47607314586639404,0.33550015091896057,0.4440424144268036,0.37095820903778076,0.38066115975379944,0.37696734070777893,0.30269402265548706,0.3490394651889801,0.26356858015060425,0.356281578540802,0.3105161488056183,0.3755294680595398,0.2448222041130066,0.36375293135643005,0.296530544757843,0.35165905952453613,0.33269837498664856,0.33209916949272156,0.2867070436477661,0.34943142533302307,0.22237145900726318,0.33788156509399414,0.2889309525489807,0.3258190453052521,0.3267400562763214,0.3054310977458954,0.27120375633239746,0.32181915640830994,0.1996868997812271,0.31718170642852783,0.26659321784973145,0.3059101402759552,0.312513530254364,0.2747389078140259,0.26234251260757446,0.28904709219932556,0.19831693172454834,0.2944563925266266,0.23627200722694397,0.2914491891860962,0.2726410925388336
0.2872729003429413,0.4738767743110657,0.33696264028549194,0.4397208094596863,0.37098026275634766,0.37780308723449707,0.3758189082145691,0.3012797236442566,0.348835825920105,0.26148927211761475,0.35589009523391724,0.30657094717025757,0.37498635053634644,0.2406555414199829,0.3631896674633026,0.2931946814060211,0.35125932097435,0.3301117420196533,0.3315087556838989,0.2836003601551056,0.34907931089401245,0.21755701303482056,0.33770835399627686,0.2854986786842346,0.32577723264694214,0.3245995342731476,0.3046029508113861,0.2694624066352844,0.3206948935985565,0.19719266891479492,0.3164532482624054,0.2652871012687683,0.3056260943412781,0.31206223368644714,0.27351856231689453,0.26316383481025696,0.2862037718296051,0.19763623178005219,0.2926103174686432,0.23521173000335693,0.2908788323402405,0.27186259627342224
0.2902923822402954,0.47693750262260437,0.33933892846107483,0.4400215446949005,0.37291574478149414,0.37568002939224243,0.37694528698921204,0.29793819785118103,0.3487584590911865,0.25865402817726135,0.3578629195690155,0.3039742708206177,0.37551170587539673,0.23813846707344055,0.3643326461315155,0.2916807234287262,0.35307779908180237,0.32803934812545776,0.3328179121017456,0.2817486524581909,0.34842967987060547,0.21633446216583252,0.33832788467407227,0.2850407660007477,0.32737377285957336,0.3236304223537445,0.30548155307769775,0.2685791552066803,0.3195400834083557,0.19696076214313507,0.31626975536346436,0.2659616470336914,0.3062531352043152,0.31281664967536926,0.2743827700614929,0.26290038228034973,0.28619563579559326,0.19871966540813446,0.29223597049713135,0.23757502436637878,0.2903099060058594,0.27370527386665344
0.2944159507751465,0.4809156060218811,0.3431626856327057,0.4406680464744568,0.3756497800350189,0.37746384739875793,0.3798407018184662,0.30010518431663513,0.3533141613006592,0.2578679025173187,0.359212726354599,0.3058429956436157,0.37572094798088074,0.2389647364616394,0.36587074398994446,0.29363855719566345,0.35536259412765503,0.33100011944770813,0.333534300327301,0.2850235402584076,0.3478472828865051,0.22109198570251465,0.33938872814178467,0.29126787185668945,0.3294124901294708,0.32805997133255005,0.3059835433959961,0.27348026633262634,0.31950387358665466,0.20158618688583374,0.3179057240486145,0.2722933292388916,0.3087921142578125,0.3178146183490753,0.2744470536708832,0.27055609226226807,0.2858911454677582,0.20492897927761078,0.29349184036254883,0.2471400499343872,0.2929120659828186,0.2851359248161316
0.2949436902999878,0.4784768223762512,0.34359240531921387,0.43754953145980835,0.3757069408893585,0.3699353337287903,0.37821242213249207,0.29144373536109924,0.35078373551368713,0.24923363327980042,0.3567158281803131,0.29822441935539246,0.3719768822193146,0.23461033403873444,0.36356672644615173,0.29248544573783875,0.3531520962715149,0.3291266858577728,0.3299809396266937,0.2814285159111023,0.3428528606891632,0.21871417760849,0.3363800346851349,0.29401248693466187,0.32676586508750916,0.3296138048171997,0.30138757824897766,0.27406156063079834,0.3125188946723938,0.20376843214035034,0.31287333369255066,0.28173357248306274,0.3051673173904419,0.32531315088272095,0.2684538960456848,0.27561578154563904,0.2810395359992981,0.21852856874465942,0.28861141204833984,0.26916906237602234,0.28700366616249084,0.30482855439186096
0.296082466840744,0.4759557247161865,0.3439965546131134,0.4349423348903656,0.3757573962211609,0.36529818177223206,0.377179890871048,0.2877594530582428,0.3503393828868866,0.24757924675941467,0.3578553795814514,0.29478442668914795,0.3737562596797943,0.22921869158744812,0.36505767703056335,0.28996339440345764,0.3545403480529785,0.32489830255508423,0.3310507833957672,0.2816219627857208,0.34408798813819885,0.21791422367095947,0.33764368295669556,0.29548224806785583,0.3280099630355835,0.32963672280311584,0.3020296096801758,0.27706390619277954,0.3133217394351959,0.20798562467098236,0.3138785660266876,0.2882290184497833,0.3064839541912079,0.3293607234954834,0.2686646580696106,0.2798421382904053,0.28234416246414185,0.22631889581680298,0.2898920178413391,0.2784065008163452,0.2878585755825043,0.311018705368042
0.2962285280227661,0.4798852205276489,0.34506961703300476,0.4324895739555359,0.37602508068084717,0.3663688004016876,0.37486445903778076,0.28759658336639404,0.34893062710762024,0.24460181593894958,0.35573768615722656,0.3024551570415497,0.3713884949684143,0.23584410548210144,0.3637229800224304,0.2946532368659973,0.3539261519908905,0.3298048675060272,0.3293361961841583,0.28924334049224854,0.34296736121177673,0.22644923627376556,0.3372313380241394,0.30400604009628296,0.3269865810871124,0.3383752107620239,0.30133485794067383,0.2858336865901947,0.3130630552768707,0.21399344503879547,0.3142474293708801,0.29604947566986084,0.30703628063201904,0.33860471844673157,0.2684793472290039,0.2919192910194397,0.2825891077518463,0.23723532259464264,0.2902364432811737,0.29170024394989014,0.2880825400352478,0.32570159435272217
0.2968621551990509,0.4718448519706726,0.3443937301635742,0.4287016987800598,0.37570124864578247,0.35775119066238403,0.37117838859558105,0.2775842547416687,0.3421870470046997,0.2412094920873642,0.3540666699409485,0.29577478766441345,0.3671943247318268,0.22397927939891815,0.36036112904548645,0.28497883677482605,0.35170239210128784,0.32013052701950073,0.3266150653362274,0.28715649247169495,0.3378063142299652,0.22115939855575562,0.33397844433784485,0.3011884093284607,0.32488980889320374,0.33585113286972046,0.29827427864074707,0.2872851490974426,0.30730608105659485,0.21606028079986572,0.31053873896598816,0.2992790639400482,0.304931640625,0.3397877514362335,0.2658265233039856,0.29573681950569153,0.2783745229244232,0.24221569299697876,0.2867974638938904,0.2975238561630249,0.2848280668258667,0.32934263348579407
0.2982521057128906,0.46665889024734497,0.3454281687736511,0.42712995409965515,0.376870334148407,0.35400956869125366,0.3709317743778229,0.272837370634079,0.34155142307281494,0.23883089423179626,0.35526958107948303,0.2922702729701996,0.36725154519081116,0.2237023413181305,0.3620007038116455,0.28491926193237305,0.35435396432876587,0.31865811347961426,0.3274895250797272,0.2851678133010864,0.3376099765300751,0.22276943922042847,0.33582648634910583,0.3018840551376343,0.32769444584846497,0.33457058668136597,0.2990018427371979,0.28739991784095764,0.3074205219745636,0.22099384665489197,0.3125370144844055,0.30292803049087524,0.3073402941226959,0.3412642180919647,0.2663830518722534,0.2972995936870575,0.2801017761230469,0.24899159371852875,0.2891501784324646,0.30364689230918884,0.28660330176353455,0.3332258462905884
0.2942032516002655,0.46099385619163513,0.3433555066585541,0.43212568759918213,0.3772556483745575,0.355753630399704,0.3742792010307312,0.26855528354644775,0.3407215178012848,0.23978647589683533,0.35382720828056335,0.2900542914867401,0.36473754048347473,0.22930535674095154,0.3591596484184265,0.2869413495063782,0.3517778217792511,0.3184187114238739,0.3258397579193115,0.28346124291419983,0.33435800671577454,0.22327247262001038,0.3334081768989563,0.3028339147567749,0.3261333107948303,0.33750149607658386,0.29760825634002686,0.28638166189193726,0.3047707676887512,0.22270703315734863,0.3100886642932892,0.304911345243454,0.3050498962402344,0.3436638116836548,0.26570937037467957,0.29610687494277954,0.27890175580978394,0.24953821301460266,0.28680887818336487,0.3055714964866638,0.2834358811378479,0.33512088656425476
0.29277855157852173,0.45560961961746216,0.3395032584667206,0.4416136145591736,0.3750448226928711,0.35904642939567566,0.36924853920936584,0.27034854888916016,0.3334629237651825,0.2469780445098877,0.34745919704437256,0.28683629631996155,0.35795116424560547,0.22898752987384796,0.3552865982055664,0.2954571843147278,0.3498948812484741,0.318971186876297,0.31869810819625854,0.2842109203338623,0.3300311267375946,0.23038272559642792,0.33008894324302673,0.31719154119491577,0.32075339555740356,0.3338913321495056,0.29111355543136597,0.29021430015563965,0.3002782166004181,0.2355823963880539,0.3063753545284271,0.31986427307128906,0.29910731315612793,0.34429293870925903,0.2592661380767822,0.2976853549480438,0.27363425493240356,0.2613805830478668,0.2821365296840668,0.3185899555683136,0.2768738269805908,0.33838728070259094
0.2903926372528076,0.4493395686149597,0.3330627679824829,0.42778217792510986,0.36768749356269836,0.34347009658813477,0.35770460963249207,0.26082494854927063,0.31842339038848877,0.24987514317035675,0.33806705474853516,0.2671312689781189,0.34599569439888,0.2129056304693222,0.34558895230293274,0.28137436509132385,0.34003946185112,0.30084922909736633,0.30857840180397034,0.26740315556526184,0.31546053290367126,0.21872848272323608,0.32073426246643066,0.3035423457622528,0.3132483959197998,0.31149598956108093,0.28053903579711914,0.27859675884246826,0.28551173210144043,0.22878721356391907,0.29652851819992065,0.30836209654808044,0.2906773090362549,0.32554906606674194,0.24877560138702393,0.29291868209838867,0.2598530650138855,0.2569982707500458,0.2714335322380066,0.30987998843193054,0.2670432925224304,0.3267887532711029
0.2875622808933258,0.4470815062522888,0.329052209854126,0.4173653721809387,0.3615931570529938,0.3348349928855896,0.35116130113601685,0.25356337428092957,0.312317430973053,0.24023868143558502,0.3339885473251343,0.25580668449401855,0.33966922760009766,0.20148882269859314,0.33847707509994507,0.2707030773162842,0.3336804211139679,0.2886880040168762,0.3042202293872833,0.2579163908958435,0.30831336975097656,0.20602919161319733,0.31406131386756897,0.29009169340133667,0.3087940514087677,0.29682591557502747,0.27606552839279175,0.26958394050598145,0.278177410364151,0.21639089286327362,0.2895143926143646,0.2956838011741638,0.2860860526561737,0.3115600645542145,0.24436445534229279,0.28453510999679565,0.2524135112762451,0.2474883645772934,0.2645139694213867,0.29982790350914,0.2630237936973572,0.3160783350467682
0.2877092957496643,0.44216349720954895,0.3296658992767334,0.41000065207481384,0.36296167969703674,0.3284193277359009,0.3524846136569977,0.2482459545135498,0.3146980106830597,0.2325480878353119,0.3342258930206299,0.244685560464859,0.34031471610069275,0.18861174583435059,0.3389422297477722,0.2592351734638214,0.33453086018562317,0.28035181760787964,0.30449122190475464,0.24592925608158112,0.30927807092666626,0.19425565004348755,0.3146413266658783,0.2781860828399658,0.3100315034389496,0.2889224588871002,0.27613312005996704,0.25644055008888245,0.27767515182495117,0.20211626589298248,0.2886526882648468,0.2833390235900879,0.2860964834690094,0.30260026454925537,0.2442956566810608,0.27228328585624695,0.25175940990448,0.23283064365386963,0.26358237862586975,0.2872346043586731,0.262784481048584,0.30608081817626953
0.2876240015029907,0.4427822232246399,0.3318459987640381,0.40127140283584595,0.36521804332733154,0.3287518322467804,0.35542136430740356,0.2502298951148987,0.3195284605026245,0.22382204234600067,0.3381378948688507,0.24633173644542694,0.3478229343891144,0.18314909934997559,0.3443489074707031,0.2543542981147766,0.3386768102645874,0.2821018099784851,0.30863431096076965,0.24352902173995972,0.3174283504486084,0.18191975355148315,0.31836676597595215,0.26825499534606934,0.31149277091026306,0.2930724322795868,0.2796408534049988,0.24939236044883728,0.28497275710105896,0.18696460127830505,0.29228806495666504,0.2737196385860443,0.2882743775844574,0.30650874972343445,0.24682210385799408,0.26231127977371216,0.25735655426979065,0.21359016001224518,0.26784849166870117,0.2711890935897827,0.26651531457901,0.29973113536834717
0.2877976596355438,0.44810938835144043,0.32940077781677246,0.41347259283065796,0.36695271730422974,0.34077131748199463,0.35818710923194885,0.26302623748779297,0.31950506567955017,0.24569842219352722,0.34041163325309753,0.25609341263771057,0.3504694104194641,0.19759124517440796,0.34516286849975586,0.2689956724643707,0.3401376008987427,0.28984251618385315,0.31060275435447693,0.2510530650615692,0.3181517720222473,0.19685693085193634,0.3185737729072571,0.27974289655685425,0.3135630786418915,0.29444506764411926,0.2813422381877899,0.25693246722221375,0.28421705961227417,0.2000558078289032,0.2917059361934662,0.28199633955955505,0.28973397612571716,0.30581536889076233,0.2486068606376648,0.26938313245773315,0.25696438550949097,0.22774656116962433,0.26719000935554504,0.28156059980392456,0.26695191860198975,0.30402782559394836
0.2879425287246704,0.4509917199611664,0.32932016253471375,0.415470153093338,0.36627957224845886,0.3412438929080963,0.35801446437835693,0.2632720172405243,0.3195454478263855,0.24645087122917175,0.33980149030685425,0.25417718291282654,0.3495313227176666,0.19804179668426514,0.34502533078193665,0.26838573813438416,0.33978572487831116,0.28938785195350647,0.30996257066726685,0.25028496980667114,0.3172614574432373,0.19726026058197021,0.31850311160087585,0.28033533692359924,0.3130614757537842,0.29558274149894714,0.2806827127933502,0.25665298104286194,0.2836056053638458,0.199763685464859,0.29154497385025024,0.2824978530406952,0.2889474332332611,0.3070043921470642,0.24780921638011932,0.26963770389556885,0.2561466097831726,0.22728639841079712,0.2667381465435028,0.2817777395248413,0.26642942428588867,0.3046812415122986
0.287981778383255,0.4552915096282959,0.32941752672195435,0.4190822243690491,0.366131454706192,0.34580177068710327,0.35775867104530334,0.26754337549209595,0.31874731183052063,0.2486780285835266,0.3405359089374542,0.25835663080215454,0.3505966365337372,0.2027951180934906,0.34480148553848267,0.2734539210796356,0.33951663970947266,0.2929909825325012,0.31080400943756104,0.2529212236404419,0.3189193606376648,0.20011332631111145,0.3187456727027893,0.28321877121925354,0.31336209177970886,0.29755648970603943,0.28123217821121216,0.2582654654979706,0.28447824716567993,0.2016165554523468,0.29164788126945496,0.2841421961784363,0.28901734948158264,0.308598130941391,0.2479207068681717,0.2705497145652771,0.2564217746257782,0.22889608144760132,0.26684826612472534,0.28287065029144287,0.2667369842529297,0.3053929805755615
0.2879747748374939,0.45576012134552,0.33054131269454956,0.421749085187912,0.36798614263534546,0.34820428490638733,0.3590252101421356,0.27095988392829895,0.32093387842178345,0.25339895486831665,0.3430558145046234,0.2590043544769287,0.3535381257534027,0.2032906711101532,0.34778475761413574,0.27603352069854736,0.34255871176719666,0.2955480217933655,0.31315380334854126,0.25338947772979736,0.3213341534137726,0.20155568420886993,0.3207195997238159,0.2859709560871124,0.3153137266635895,0.29951220750808716,0.2832372188568115,0.25879162549972534,0.2871902287006378,0.20294111967086792,0.29348525404930115,0.2871455252170563,0.2906089425086975,0.3109298646450043,0.2497226893901825,0.2706913948059082,0.2590155303478241,0.2293473184108734,0.26815173029899597,0.28493863344192505,0.2669801712036133,0.3073151111602783
0.2900232970714569,0.47070372104644775,0.3325994610786438,0.43360763788223267,0.368330717086792,0.36468425393104553,0.36265915632247925,0.28670695424079895,0.32639503479003906,0.25778746604919434,0.3457846939563751,0.27407774329185486,0.3553429841995239,0.21414780616760254,0.348489373922348,0.28662246465682983,0.3430751860141754,0.31152427196502686,0.3157680034637451,0.2666589617729187,0.32438111305236816,0.20928990840911865,0.3221450448036194,0.2948795557022095,0.31602364778518677,0.31350624561309814,0.28565773367881775,0.26886045932769775,0.29019153118133545,0.20750409364700317,0.29487544298171997,0.2934315502643585,0.2912636995315552,0.32235559821128845,0.25162652134895325,0.2783142924308777,0.26094383001327515,0.23100870847702026,0.26998668909072876,0.28729918599128723,0.2692534923553467,0.3133280873298645
0.28958261013031006,0.4879764914512634,0.33276236057281494,0.45459452271461487,0.36909061670303345,0.38706696033477783,0.3654630780220032,0.30624300241470337,0.33180302381515503,0.27173560857772827,0.34956473112106323,0.30218082666397095,0.3632614314556122,0.2386014610528946,0.35397210717201233,0.3105489909648895,0.3469140827655792,0.33387595415115356,0.3210008442401886,0.2913838028907776,0.33245161175727844,0.23204463720321655,0.3266236484050751,0.3154548406600952,0.3189866542816162,0.33150896430015564,0.29192110896110535,0.2893368601799011,0.30075863003730774,0.22742795944213867,0.3008052706718445,0.3126659095287323,0.29479798674583435,0.3391723930835724,0.2589235007762909,0.2926160991191864,0.2711802124977112,0.24480204284191132,0.2766993045806885,0.30163246393203735,0.2740226686000824,0.327869713306427
0.2907300293445587,0.492099404335022,0.335747629404068,0.4581901431083679,0.3706790804862976,0.3916727304458618,0.36825254559516907,0.31077757477760315,0.33558571338653564,0.27400755882263184,0.34997355937957764,0.31065478920936584,0.36433812975883484,0.24571847915649414,0.35559195280075073,0.31491610407829285,0.3472083806991577,0.3409901559352875,0.32173943519592285,0.29914939403533936,0.3343113362789154,0.2354520559310913,0.32888153195381165,0.3179514706134796,0.3197140097618103,0.338660329580307,0.2929270565509796,0.29586899280548096,0.30273252725601196,0.23007728159427643,0.30352163314819336,0.3145093321800232,0.29650256037712097,0.34413591027259827,0.2600872218608856,0.29841986298561096,0.27327829599380493,0.24697668850421906,0.2795875668525696,0.30329886078834534,0.27664682269096375,0.33170413970947266
0.29241943359375,0.49817517399787903,0.33768463134765625,0.46240004897117615,0.37313851714134216,0.39781880378723145,0.37117406725883484,0.3195164203643799,0.3410066068172455,0.2794013023376465,0.3527683615684509,0.31521886587142944,0.36783409118652344,0.253622442483902,0.3589134216308594,0.3217194080352783,0.34915050864219666,0.34932711720466614,0.3249078392982483,0.30420106649398804,0.338179349899292,0.2446485459804535,0.33262476325035095,0.3261582553386688,0.3227699398994446,0.3482115566730499,0.2960049510002136,0.30174368619918823,0.30739134550094604,0.23978593945503235,0.3079378008842468,0.32365095615386963,0.30005207657814026,0.3538619577884674,0.26246169209480286,0.3058181703090668,0.27801865339279175,0.256386399269104,0.2843150496482849,0.3122936487197876,0.28057265281677246,0.34017425775527954
0.2959553301334381,0.5011048913002014,0.34170201420783997,0.4656674265861511,0.37795689702033997,0.4010905623435974,0.3765697181224823,0.32258954644203186,0.34629184007644653,0.28314948081970215,0.3558969497680664,0.3174198567867279,0.37274086475372314,0.2580772936344147,0.3637760579586029,0.3271370530128479,0.35337117314338684,0.351340651512146,0.3283829092979431,0.30575716495513916,0.34338265657424927,0.24719515442848206,0.33728182315826416,0.33053407073020935,0.32588624954223633,0.3481697142124176,0.29971328377723694,0.3027788996696472,0.3123495578765869,0.24155491590499878,0.31240636110305786,0.3264862298965454,0.30311983823776245,0.3527619540691376,0.2659720778465271,0.30614805221557617,0.2821309566497803,0.2581099271774292,0.28830060362815857,0.3139133155345917,0.28374186158180237,0.33950451016426086
0.3003078103065491,0.4963642954826355,0.34583941102027893,0.4625530540943146,0.3820973038673401,0.397784024477005,0.38053634762763977,0.3191909193992615,0.3503095209598541,0.27868103981018066,0.3617698848247528,0.31270506978034973,0.37822985649108887,0.25094929337501526,0.36830785870552063,0.32159629464149475,0.35806381702423096,0.3492409884929657,0.333638459444046,0.30047982931137085,0.34782883524894714,0.24273157119750977,0.3408076763153076,0.32643386721611023,0.3305965065956116,0.34598299860954285,0.3046552240848541,0.2971707582473755,0.31715214252471924,0.23675554990768433,0.31597593426704407,0.32171133160591125,0.3072074353694916,0.34943509101867676,0.2711107134819031,0.30016764998435974,0.28782570362091064,0.2511073350906372,0.29254069924354553,0.30820024013519287,0.28771698474884033,0.3353959918022156
0.3064318597316742,0.48767930269241333,0.35299715399742126,0.4493645429611206,0.3876034617424011,0.3848053216934204,0.3876270353794098,0.30724602937698364,0.3596267104148865,0.2648223638534546,0.36875540018081665,0.3024775981903076,0.38406428694725037,0.24053773283958435,0.37448927760124207,0.30966916680336,0.36509430408477783,0.3368416428565979,0.34097015857696533,0.29097673296928406,0.3537977635860443,0.23272275924682617,0.34732139110565186,0.3157723546028137,0.33823689818382263,0.3348380923271179,0.3119814097881317,0.28835242986679077,0.3235170841217041,0.22740715742111206,0.3226400315761566,0.311154305934906,0.3146043121814728,0.3380281329154968,0.278389036655426,0.29229968786239624,0.2936999797821045,0.24294310808181763,0.2992385923862457,0.29978424310684204,0.29567891359329224,0.32705438137054443
0.30933311581611633,0.48436790704727173,0.35701990127563477,0.4415093958377838,0.39069414138793945,0.3788548707962036,0.390442430973053,0.30107152462005615,0.36203670501708984,0.259555846452713,0.3696713447570801,0.2993502616882324,0.38542941212654114,0.23226898908615112,0.3768121004104614,0.3005410432815552,0.36674344539642334,0.3314141631126404,0.3419637382030487,0.28858280181884766,0.3552389144897461,0.22710353136062622,0.34986934065818787,0.30993086099624634,0.34002941846847534,0.3339066803455353,0.31335946917533875,0.28640133142471313,0.3251309096813202,0.22076112031936646,0.3258253335952759,0.30462610721588135,0.3179716467857361,0.33759644627571106,0.2800012230873108,0.2916218638420105,0.2950070798397064,0.2367320954799652,0.3021281957626343,0.2930414378643036,0.29918742179870605,0.3241744637489319
0.3098907172679901,0.48786115646362305,0.3564746081829071,0.4460621178150177,0.3897326588630676,0.3806626796722412,0.38771238923072815,0.3023175001144409,0.357479989528656,0.2628650963306427,0.367450475692749,0.3013552129268646,0.38191038370132446,0.23507700860500336,0.3742516338825226,0.30241334438323975,0.3646054267883301,0.33485785126686096,0.3390759527683258,0.29154959321022034,0.35142257809638977,0.22939133644104004,0.3472096920013428,0.3111628293991089,0.3374924063682556,0.33819514513015747,0.3098940849304199,0.2899036407470703,0.31985870003700256,0.2245369255542755,0.32224613428115845,0.30864816904067993,0.3150750398635864,0.344277948141098,0.2763771712779999,0.2958596348762512,0.2900278568267822,0.24042320251464844,0.2984830141067505,0.2972966730594635,0.2963053584098816,0.3302513062953949
0.3111688792705536,0.5007327795028687,0.3574918508529663,0.4581517279148102,0.39096516370773315,0.3906629979610443,0.3881504535675049,0.3116554915904999,0.3565588593482971,0.2772865295410156,0.36670997738838196,0.3113565742969513,0.3804512619972229,0.24617603421211243,0.37413737177848816,0.31447866559028625,0.365681529045105,0.3454420864582062,0.33825594186782837,0.303119957447052,0.35072582960128784,0.24026498198509216,0.3477991223335266,0.3220682144165039,0.3381361961364746,0.34882619976997375,0.3090367913246155,0.3035217523574829,0.3192949593067169,0.23873110115528107,0.32275769114494324,0.3217175006866455,0.31562116742134094,0.3558881878852844,0.27567458152770996,0.31140825152397156,0.28991615772247314,0.2572382092475891,0.2988533675670624,0.31249764561653137,0.296153724193573,0.3433891236782074
0.31255751848220825,0.5079813003540039,0.35774967074394226,0.46631553769111633,0.39006367325782776,0.3980001211166382,0.38707953691482544,0.32077550888061523,0.35639697313308716,0.2855284512042999,0.3652797341346741,0.31736892461776733,0.3794555068016052,0.25462764501571655,0.3732838034629822,0.32229021191596985,0.36414897441864014,0.3515515625476837,0.3372538387775421,0.30991989374160767,0.34952542185783386,0.24881240725517273,0.3465076684951782,0.3307788372039795,0.3366856575012207,0.3552534878253937,0.3081444799900055,0.31115901470184326,0.318885862827301,0.24892045557498932,0.32199329137802124,0.3323274552822113,0.3143201768398285,0.3642919659614563,0.2746293842792511,0.3198190927505493,0.2883859872817993,0.2668316662311554,0.2974102199077606,0.3219422996044159,0.294974684715271,0.35194262862205505
0.31341347098350525,0.5110971331596375,0.3581380546092987,0.4692661166191101,0.39072728157043457,0.40215691924095154,0.38802212476730347,0.32497090101242065,0.3574250042438507,0.28999054431915283,0.3669997453689575,0.32148608565330505,0.3809172511100769,0.26096174120903015,0.3739055395126343,0.32844850420951843,0.36467504501342773,0.35671496391296387,0.33898839354515076,0.3131753206253052,0.35062718391418457,0.2541208267211914,0.3471928834915161,0.33615201711654663,0.33803319931030273,0.3585682809352875,0.30999258160591125,0.31432247161865234,0.32027915120124817,0.2541995048522949,0.3224889039993286,0.33739838004112244,0.3147498369216919,0.3670938014984131,0.2766122817993164,0.32327961921691895,0.29040059447288513,0.2709544003009796,0.29838430881500244,0.3255552053451538,0.2956250309944153,0.3536788523197174
0.31158679723739624,0.5003963708877563,0.3575035035610199,0.4610191583633423,0.3916064500808716,0.39556369185447693,0.38786226511001587,0.31639042496681213,0.3579504191875458,0.2770577669143677,0.3690461814403534,0.31266701221466064,0.38232144713401794,0.24611309170722961,0.37533560395240784,0.316236674785614,0.3662654757499695,0.34724941849708557,0.34048596024513245,0.3041520416736603,0.35218727588653564,0.242555171251297,0.34860095381736755,0.3263698220252991,0.3395077586174011,0.3502125144004822,0.3114768862724304,0.30453622341156006,0.32148608565330505,0.2411346584558487,0.32387885451316833,0.32594871520996094,0.31692466139793396,0.3582828938961029,0.27792254090309143,0.3120158612728119,0.29140958189964294,0.25904545187950134,0.299683541059494,0.31557559967041016,0.2972955107688904,0.34592947363853455
0.3112359642982483,0.5009788274765015,0.35726043581962585,0.4613657295703888,0.39093664288520813,0.3948093354701996,0.3879622220993042,0.31501027941703796,0.35772600769996643,0.2770657241344452,0.3679603040218353,0.31426894664764404,0.381751149892807,0.2471737563610077,0.3747262954711914,0.3173505961894989,0.36601346731185913,0.34770306944847107,0.3390529155731201,0.3064260482788086,0.35149863362312317,0.2438870221376419,0.3479565978050232,0.3279265761375427,0.33857664465904236,0.35136979818344116,0.3098209798336029,0.3066340386867523,0.32014113664627075,0.24155601859092712,0.32299646735191345,0.3262348771095276,0.3159005343914032,0.3580154776573181,0.276319295167923,0.31349292397499084,0.29000282287597656,0.2589283585548401,0.29875651001930237,0.3152964115142822,0.29634329676628113,0.345242977142334
0.3058612644672394,0.5011723041534424,0.3497409224510193,0.4511401653289795,0.3784341514110565,0.3760536015033722,0.37237098813056946,0.2977205812931061,0.3395339846611023,0.2681233882904053,0.3521125614643097,0.3029041886329651,0.3629685938358307,0.2374935746192932,0.35933417081832886,0.30743658542633057,0.3516371548175812,0.3383549749851227,0.3231549561023712,0.29913902282714844,0.33209967613220215,0.23608000576496124,0.3335207402706146,0.3216954469680786,0.3257545828819275,0.35035234689712524,0.29401785135269165,0.30568164587020874,0.3008729815483093,0.24152469635009766,0.30875566601753235,0.3260849416255951,0.3034107983112335,0.3606180250644684,0.2613036334514618,0.3213599622249603,0.2712620794773102,0.2653732895851135,0.28371888399124146,0.31909826397895813,0.2833535969257355,0.34972673654556274
0.3000051975250244,0.5002163052558899,0.3427070379257202,0.4488368630409241,0.3694586157798767,0.37238821387290955,0.3615153431892395,0.2938620448112488,0.32932204008102417,0.26206570863723755,0.34139561653137207,0.30152657628059387,0.35040733218193054,0.233815997838974,0.3489241302013397,0.3023480176925659,0.341922402381897,0.3350914716720581,0.31275808811187744,0.29951542615890503,0.3201431930065155,0.233681783080101,0.32402095198631287,0.3182952404022217,0.317250519990921,0.3472383916378021,0.28409063816070557,0.30775928497314453,0.28906482458114624,0.24208486080169678,0.2997009754180908,0.32568615674972534,0.29578566551208496,0.36016732454299927,0.2518967092037201,0.32520976662635803,0.2609380781650543,0.26994866132736206,0.27496057748794556,0.3234000504016876,0.27513399720191956,0.3532842993736267
0.29129600524902344,0.49935460090637207,0.3336068093776703,0.4511425495147705,0.3623543083667755,0.3764878213405609,0.3548857867717743,0.2987736463546753,0.3219190537929535,0.2652375400066376,0.3342873752117157,0.3003746569156647,0.34345924854278564,0.23631122708320618,0.3414887487888336,0.3063686490058899,0.3345062732696533,0.3371899127960205,0.30499330163002014,0.29791587591171265,0.31253939867019653,0.23607546091079712,0.31587499380111694,0.3205222487449646,0.30879029631614685,0.34557241201400757,0.2759428322315216,0.3050754964351654,0.2811596989631653,0.24012067914009094,0.290925532579422,0.3247961699962616,0.28631988167762756,0.35760268568992615,0.24290873110294342,0.32066264748573303,0.25291019678115845,0.26775482296943665,0.26596516370773315,0.3220200538635254,0.2653280198574066,0.3501145839691162
0.28824424743652344,0.49999794363975525,0.3317299783229828,0.44947388768196106,0.36063557863235474,0.3764748275279999,0.3524693250656128,0.2986088991165161,0.31979745626449585,0.26525047421455383,0.3329479694366455,0.3056949973106384,0.3419899642467499,0.2378152459859848,0.3399762809276581,0.3058210015296936,0.3333797752857208,0.33925601840019226,0.3041829466819763,0.302251398563385,0.31161609292030334,0.23703044652938843,0.31411218643188477,0.3197704553604126,0.3071784973144531,0.34915176033973694,0.2755119502544403,0.3080342411994934,0.2809635102748871,0.2399466633796692,0.2895839214324951,0.32412534952163696,0.28529658913612366,0.36024588346481323,0.2426440417766571,0.32263267040252686,0.2521427869796753,0.2675902843475342,0.2647843062877655,0.3221915662288666,0.2648584842681885,0.3526301383972168
0.2901138961315155,0.501707136631012,0.3342047929763794,0.45710551738739014,0.36505359411239624,0.38286569714546204,0.35923129320144653,0.3033505976200104,0.3272239565849304,0.2697474956512451,0.33887365460395813,0.3113301992416382,0.3485029339790344,0.24328264594078064,0.3449363708496094,0.3115672171115875,0.33848708868026733,0.3429507911205292,0.3101132810115814,0.30706125497817993,0.318901389837265,0.24036523699760437,0.31987684965133667,0.3237473666667938,0.3128664195537567,0.3513566851615906,0.2814432978630066,0.3110780119895935,0.28897684812545776,0.24372783303260803,0.29576894640922546,0.328887015581131,0.29082879424095154,0.36380526423454285,0.24884434044361115,0.32242003083229065,0.2598550319671631,0.2668727934360504,0.27125459909439087,0.3226853013038635,0.2707914113998413,0.35368090867996216
0.3032173216342926,0.5064561367034912,0.3482420742511749,0.46290522813796997,0.3795846998691559,0.39107128977775574,0.37657052278518677,0.3132367730140686,0.34743624925613403,0.27712658047676086,0.35547295212745667,0.31091323494911194,0.3675626814365387,0.24949496984481812,0.36218366026878357,0.32012149691581726,0.3542404770851135,0.3469771146774292,0.3272879719734192,0.3040750324726105,0.3373660743236542,0.24555186927318573,0.3360205888748169,0.33044853806495667,0.3286336660385132,0.350968599319458,0.29817864298820496,0.3074038326740265,0.3077702522277832,0.24742838740348816,0.31138697266578674,0.3323653042316437,0.30449700355529785,0.3604600131511688,0.26457491517066956,0.31781312823295593,0.277989000082016,0.26715049147605896,0.2864975333213806,0.32267624139785767,0.2838795483112335,0.34976235032081604
0.3122546374797821,0.5052492618560791,0.3572223484516144,0.4627358913421631,0.38963887095451355,0.39301320910453796,0.3888934552669525,0.31680020689964294,0.35943543910980225,0.27965208888053894,0.36632561683654785,0.31216925382614136,0.3797677755355835,0.252206951379776,0.3732430934906006,0.3234502673149109,0.3643055856227875,0.34908992052078247,0.33831092715263367,0.30453842878341675,0.3498777449131012,0.24869519472122192,0.34692248702049255,0.3329809308052063,0.3380841612815857,0.349243700504303,0.3089852035045624,0.30612054467201233,0.3199925422668457,0.24703577160835266,0.3220681846141815,0.3317188322544098,0.31401413679122925,0.3565275967121124,0.2752746641635895,0.3139890432357788,0.28988343477249146,0.2655267119407654,0.297299861907959,0.3213580846786499,0.29396846890449524,0.3468278646469116
0.3218349814414978,0.5057216286659241,0.3682607114315033,0.46341773867607117,0.4019087851047516,0.398611456155777,0.4018656015396118,0.321284681558609,0.37312960624694824,0.2835499942302704,0.3766706585884094,0.31720203161239624,0.391917884349823,0.2585316002368927,0.38545089960098267,0.32775089144706726,0.3751480281352997,0.35343074798583984,0.3496505618095398,0.3082056939601898,0.3625211715698242,0.2514486312866211,0.3594135642051697,0.3358372151851654,0.3496626615524292,0.3553379476070404,0.3211871385574341,0.3089354634284973,0.33289459347724915,0.24860922992229462,0.33491218090057373,0.33303022384643555,0.32626456022262573,0.3607816994190216,0.28750133514404297,0.31690722703933716,0.30275073647499084,0.2663463354110718,0.31054890155792236,0.3228338360786438,0.3071359694004059,0.3511520326137543
0.32355430722236633,0.5103445053100586,0.3696827292442322,0.4704544246196747,0.4045102596282959,0.40200307965278625,0.404719740152359,0.32278817892074585,0.3742941617965698,0.28565698862075806,0.37987759709358215,0.3215533494949341,0.3957057297229767,0.264395147562027,0.38776376843452454,0.33390605449676514,0.37707072496414185,0.35747310519218445,0.3527592122554779,0.3111836910247803,0.36630868911743164,0.2561189830303192,0.36138445138931274,0.3411065638065338,0.35075709223747253,0.35803982615470886,0.32410210371017456,0.31092074513435364,0.33637550473213196,0.2516462206840515,0.3372190296649933,0.3369075059890747,0.3277745842933655,0.36276009678840637,0.2904946208000183,0.3177957534790039,0.3059508204460144,0.2689846158027649,0.31297558546066284,0.3252583146095276,0.3090856969356537,0.351526141166687
0.31026551127433777,0.5037108063697815,0.3571436107158661,0.4623764753341675,0.39030736684799194,0.39265555143356323,0.38838446140289307,0.31367775797843933,0.35754886269569397,0.2786492705345154,0.3656129837036133,0.3158813714981079,0.3795345425605774,0.25460588932037354,0.37255391478538513,0.3226969838142395,0.36339065432548523,0.34999722242355347,0.33700892329216003,0.306519478559494,0.34945976734161377,0.25064969062805176,0.3456141948699951,0.3344475030899048,0.33633631467819214,0.35560813546180725,0.30785220861434937,0.3073307275772095,0.319193035364151,0.2491580843925476,0.3207908570766449,0.33386462926864624,0.3126390278339386,0.36206379532814026,0.2746749818325043,0.3163820505142212,0.2891998291015625,0.26694366335868835,0.296368271112442,0.32280102372169495,0.29225483536720276,0.34886598587036133
0.3042471706867218,0.507695198059082,0.34955957531929016,0.46116241812705994,0.37968066334724426,0.3921051323413849,0.3765559494495392,0.31496888399124146,0.3473837673664093,0.2757706940174103,0.3542190492153168,0.31811976432800293,0.3673861026763916,0.2536734342575073,0.3620452284812927,0.32100632786750793,0.3529616594314575,0.351175993680954,0.3264073431491852,0.3119153678417206,0.3376710116863251,0.24977907538414001,0.33586058020591736,0.3329913318157196,0.3266198933124542,0.35749804973602295,0.2977850139141083,0.31389760971069336,0.3077412545681,0.2495642602443695,0.311885803937912,0.33379125595092773,0.3046719431877136,0.36575794219970703,0.2646876871585846,0.32305437326431274,0.27780628204345703,0.2689213156700134,0.2876325845718384,0.32419049739837646,0.2857995331287384,0.354405015707016
0.29912716150283813,0.5061554908752441,0.34500598907470703,0.45752859115600586,0.37431588768959045,0.387337327003479,0.3698176145553589,0.30900678038597107,0.3396017849445343,0.27268919348716736,0.3473801910877228,0.3174216151237488,0.35997042059898376,0.25120216608047485,0.35572928190231323,0.3170241713523865,0.34691959619522095,0.35043302178382874,0.3195077180862427,0.3107534646987915,0.3305492103099823,0.2465110719203949,0.32945939898490906,0.32962098717689514,0.32050156593322754,0.3586312532424927,0.2908860743045807,0.3136223554611206,0.30041900277137756,0.24869495630264282,0.3056046962738037,0.33215439319610596,0.29904764890670776,0.3664306104183197,0.2578275799751282,0.32495659589767456,0.2703143358230591,0.26982125639915466,0.28127312660217285,0.3247140944004059,0.2801584303379059,0.35548222064971924
0.29344767332077026,0.505967378616333,0.33833736181259155,0.45767951011657715,0.3672194480895996,0.3861193060874939,0.363808274269104,0.3086389899253845,0.33349642157554626,0.27239784598350525,0.34232282638549805,0.31486696004867554,0.3538714647293091,0.24747499823570251,0.3498038649559021,0.31536802649497986,0.34147387742996216,0.3481573760509491,0.314100056886673,0.31026238203048706,0.3242121934890747,0.2469470053911209,0.3239889144897461,0.33021485805511475,0.31542396545410156,0.3578737676143646,0.2853540778160095,0.3148318827152252,0.2944646179676056,0.2510918378829956,0.3002040982246399,0.3344499468803406,0.29382285475730896,0.3682195544242859,0.25297626852989197,0.3270917236804962,0.2650218605995178,0.27131202816963196,0.2763631343841553,0.32571253180503845,0.275302529335022,0.3567151129245758
0.28366920351982117,0.5040841102600098,0.3275885581970215,0.4548415243625641,0.35583436489105225,0.3811778128147125,0.35032278299331665,0.3026462197303772,0.31870192289352417,0.26925837993621826,0.329019695520401,0.3099896311759949,0.33936285972595215,0.242946594953537,0.33616727590560913,0.31052741408348083,0.32805106043815613,0.3436477780342102,0.3006097078323364,0.30617809295654297,0.3095991909503937,0.2429589033126831,0.31115785241127014,0.32715746760368347,0.3032852113246918,0.3555194139480591,0.27228930592536926,0.31177425384521484,0.27914392948150635,0.24743622541427612,0.28694793581962585,0.33098989725112915,0.28151196241378784,0.3649155795574188,0.24008852243423462,0.32609182596206665,0.2502893805503845,0.27119380235671997,0.26257047057151794,0.3247106671333313,0.261688232421875,0.35392189025878906
0.2800665497779846,0.50236976146698,0.3221683204174042,0.4556525647640228,0.35064736008644104,0.37864622473716736,0.34268465638160706,0.2995443344116211,0.31040531396865845,0.2672536373138428,0.3232804536819458,0.3047184944152832,0.33042091131210327,0.23606126010417938,0.32995375990867615,0.30671200156211853,0.32437312602996826,0.33942124247550964,0.2946586310863495,0.3054407238960266,0.3012637197971344,0.24146413803100586,0.3056429326534271,0.3261831998825073,0.2990413010120392,0.354580819606781,0.2667507231235504,0.3134150505065918,0.27193307876586914,0.2478683888912201,0.2814764380455017,0.33272090554237366,0.27724626660346985,0.3679683804512024,0.23519814014434814,0.32801803946495056,0.24407075345516205,0.2716561257839203,0.2570771276950836,0.3264263868331909,0.2572602927684784,0.35750484466552734
0.28119537234306335,0.5028462409973145,0.3244442939758301,0.45320016145706177,0.3521561026573181,0.37802231311798096,0.34639447927474976,0.301041841506958,0.314377099275589,0.2694692015647888,0.3263614773750305,0.3025687634944916,0.3337132930755615,0.2398681789636612,0.3326285183429718,0.30706092715263367,0.32646632194519043,0.3401636779308319,0.2978617548942566,0.3021736145019531,0.30380964279174805,0.24202406406402588,0.30817344784736633,0.3249712288379669,0.3020012378692627,0.3566238582134247,0.26954397559165955,0.31034255027770996,0.2743993103504181,0.24836838245391846,0.2839217782020569,0.33156946301460266,0.2795582711696625,0.36843791604042053,0.23771488666534424,0.32655060291290283,0.24727515876293182,0.27355027198791504,0.25970736145973206,0.32716166973114014,0.2590721547603607,0.3572119474411011
0.30082935094833374,0.5037623047828674,0.3471416234970093,0.45963501930236816,0.3777351975440979,0.3866463899612427,0.37507161498069763,0.3094315528869629,0.34524717926979065,0.27511468529701233,0.3506180942058563,0.31176936626434326,0.36255329847335815,0.2511138319969177,0.3590948283672333,0.31805047392845154,0.35170379281044006,0.34651046991348267,0.32320311665534973,0.3061758875846863,0.3328452706336975,0.24806219339370728,0.3333030641078949,0.33086156845092773,0.3263712525367737,0.3572004437446594,0.294666051864624,0.3091578483581543,0.3037550747394562,0.2501055896282196,0.3087179958820343,0.33423668146133423,0.3024426996707916,0.3669717311859131,0.2617153525352478,0.31914010643959045,0.27626338601112366,0.2689099609851837,0.28459689021110535,0.32505711913108826,0.2810235023498535,0.3543802797794342
0.3165532648563385,0.5056372880935669,0.36279645562171936,0.46163034439086914,0.3944498896598816,0.39216381311416626,0.39331451058387756,0.31635037064552307,0.3646429181098938,0.27991393208503723,0.3683568835258484,0.31819966435432434,0.38121771812438965,0.25612226128578186,0.3760322332382202,0.3249906897544861,0.36691856384277344,0.35431426763534546,0.34116801619529724,0.31029489636421204,0.35213249921798706,0.2526457607746124,0.3504592776298523,0.33553722500801086,0.34157463908195496,0.3574936091899872,0.3124338984489441,0.3116188049316406,0.32322320342063904,0.25099846720695496,0.3261690139770508,0.3362123668193817,0.3182828724384308,0.3669891953468323,0.27868977189064026,0.32007527351379395,0.2928706407546997,0.26714810729026794,0.30143943428993225,0.32357656955718994,0.2984534502029419,0.35409438610076904
0.3308557868003845,0.5114709734916687,0.37718772888183594,0.468567430973053,0.40957409143447876,0.40079930424690247,0.41013145446777344,0.3257380723953247,0.3834271728992462,0.2850503623485565,0.3854374289512634,0.32207009196281433,0.4023283123970032,0.26339155435562134,0.39498597383499146,0.33342406153678894,0.3833312690258026,0.35774266719818115,0.35839834809303284,0.31385353207588196,0.37234029173851013,0.25881698727607727,0.36836475133895874,0.3446855843067169,0.3574563264846802,0.36244863271713257,0.32976895570755005,0.3143564760684967,0.3430633842945099,0.25577908754348755,0.34400424361228943,0.3419134318828583,0.33385634422302246,0.3677466809749603,0.295938104391098,0.32092657685279846,0.31270018219947815,0.27045097947120667,0.3199694752693176,0.3277716040611267,0.3151628375053406,0.355227530002594
0.34146374464035034,0.5173501968383789,0.3891143500804901,0.47523993253707886,0.42323169112205505,0.4109257459640503,0.4269508123397827,0.3362041413784027,0.40109995007514954,0.29411712288856506,0.3961085379123688,0.32790815830230713,0.41496747732162476,0.2698473334312439,0.4081708490848541,0.3402675688266754,0.3960581421852112,0.36357367038726807,0.3701617121696472,0.3199504613876343,0.38685745000839233,0.2666989266872406,0.38233301043510437,0.3516819477081299,0.36952298879623413,0.365651398897171,0.3424370288848877,0.3196394741535187,0.35796013474464417,0.2597009539604187,0.3585840165615082,0.3448001444339752,0.3469204008579254,0.3689994513988495,0.30884096026420593,0.3249373435974121,0.3271576762199402,0.2738884389400482,0.3344503939151764,0.3305695652961731,0.3289737403392792,0.3588697612285614
0.337586373090744,0.5141856670379639,0.38454949855804443,0.4741719961166382,0.4196404218673706,0.4085179567337036,0.42137324810028076,0.33196312189102173,0.39314019680023193,0.2916405498981476,0.39403706789016724,0.32946038246154785,0.4120173752307892,0.2689286470413208,0.4051293432712555,0.33829838037490845,0.3933314085006714,0.36387312412261963,0.3673311471939087,0.32115453481674194,0.383338063955307,0.266989141702652,0.37883561849594116,0.3506261706352234,0.3661365509033203,0.3693545460700989,0.3390964865684509,0.3212709426879883,0.35391777753829956,0.25985029339790344,0.3551724851131439,0.3455389738082886,0.34434759616851807,0.37398290634155273,0.30513036251068115,0.3274649679660797,0.32287871837615967,0.2750682234764099,0.3311755061149597,0.3317979574203491,0.32643455266952515,0.36172834038734436
0.3164232671260834,0.506530225276947,0.3639466464519501,0.4624001383781433,0.39497148990631104,0.3924980163574219,0.39331668615341187,0.3153332471847534,0.3643038272857666,0.2794545292854309,0.3697831928730011,0.31955498456954956,0.38283073902130127,0.2600635886192322,0.37758105993270874,0.32516416907310486,0.36846840381622314,0.3562779724597931,0.34189847111701965,0.3104872703552246,0.35360705852508545,0.25355613231658936,0.35142964124679565,0.33518800139427185,0.3424672484397888,0.3622242510318756,0.31322866678237915,0.31152498722076416,0.3240818977355957,0.2530493140220642,0.326964408159256,0.33583924174308777,0.3192967176437378,0.3676919639110565,0.28030407428741455,0.3216232359409332,0.2949872314929962,0.271629273891449,0.30266907811164856,0.3268063962459564,0.29872235655784607,0.3547446131706238
0.304377019405365,0.5062510371208191,0.3501743972301483,0.45870643854141235,0.37998273968696594,0.3875700533390045,0.37651655077934265,0.3097350597381592,0.34721946716308594,0.2722349464893341,0.35414600372314453,0.31443503499031067,0.3664962947368622,0.24912062287330627,0.3622645139694214,0.31678110361099243,0.35313880443573,0.34964683651924133,0.3256152868270874,0.3097666800022125,0.3361460268497467,0.2490924894809723,0.3360103666782379,0.3337237238883972,0.3272932469844818,0.3615357577800751,0.29646047949790955,0.3138889968395233,0.3058641850948334,0.2519882023334503,0.31150302290916443,0.3375958800315857,0.30484485626220703,0.37165334820747375,0.2632245421409607,0.3256675601005554,0.27595940232276917,0.2713870704174042,0.2870313823223114,0.32747551798820496,0.285398006439209,0.3587532043457031
0.2975844144821167,0.5093955397605896,0.3422234356403351,0.4569345712661743,0.3694884479045868,0.38582128286361694,0.364732950925827,0.30859625339508057,0.33581387996673584,0.2688804566860199,0.3427242338657379,0.3156036138534546,0.3538309633731842,0.2469477355480194,0.35109907388687134,0.31490761041641235,0.3424384295940399,0.35070744156837463,0.31534671783447266,0.31248706579208374,0.3246358335018158,0.24850884079933167,0.32570305466651917,0.33309000730514526,0.3175203502178192,0.361907035112381,0.28718507289886475,0.31816819310188293,0.2959733307361603,0.2534870505332947,0.30247899889945984,0.3375815749168396,0.29632773995399475,0.37215906381607056,0.2545555531978607,0.33176031708717346,0.2665766179561615,0.2750418782234192,0.27839699387550354,0.3294283449649811,0.2774040102958679,0.36049604415893555
0.29767048358917236,0.5089398622512817,0.3412298858165741,0.4583384692668915,0.3686383366584778,0.38528013229370117,0.3639572560787201,0.30800750851631165,0.3345614969730377,0.26972565054893494,0.3424055278301239,0.315015584230423,0.3528261184692383,0.2507033944129944,0.3500143885612488,0.317356139421463,0.3421470820903778,0.3500390350818634,0.31492578983306885,0.31102702021598816,0.3235715329647064,0.2487974464893341,0.3246431350708008,0.33244752883911133,0.3170873522758484,0.360917329788208,0.2864096164703369,0.31658923625946045,0.29459571838378906,0.25413045287132263,0.3012670576572418,0.33784323930740356,0.295623779296875,0.37183693051338196,0.25379353761672974,0.3305618464946747,0.26527297496795654,0.27601557970046997,0.27693408727645874,0.3295931816101074,0.27644455432891846,0.36005502939224243
0.29788345098495483,0.5090415477752686,0.3424931466579437,0.45918983221054077,0.3699861466884613,0.38693052530288696,0.36480826139450073,0.3079800605773926,0.33554723858833313,0.27010032534599304,0.34392210841178894,0.31863582134246826,0.3542225956916809,0.2539285123348236,0.35120537877082825,0.3200322985649109,0.34308651089668274,0.3521340489387512,0.31648311018943787,0.3133150339126587,0.32510730624198914,0.25073277950286865,0.32581380009651184,0.3340997099876404,0.3180074095726013,0.36141639947891235,0.2882160544395447,0.31762978434562683,0.2963433265686035,0.25474852323532104,0.30230242013931274,0.3378317654132843,0.2961050868034363,0.37075352668762207,0.2554902732372284,0.33026641607284546,0.26695311069488525,0.2760988473892212,0.2781195044517517,0.32960084080696106,0.27708345651626587,0.35897931456565857
0.30047497153282166,0.507947564125061,0.3450903296470642,0.4592856168746948,0.3742659389972687,0.38857322931289673,0.3689139485359192,0.30958694219589233,0.3385116159915924,0.2728126645088196,0.3472636938095093,0.31857943534851074,0.3574984669685364,0.2529774308204651,0.3544917702674866,0.3206695318222046,0.3468865156173706,0.35250917077064514,0.31966274976730347,0.31350448727607727,0.32853174209594727,0.2503913640975952,0.32901787757873535,0.33436495065689087,0.3211621344089508,0.36113569140434265,0.291324645280838,0.3176567554473877,0.2997051775455475,0.2549176812171936,0.3052995502948761,0.3377118408679962,0.2990955710411072,0.36949336528778076,0.2586835026741028,0.3295327126979828,0.2711459994316101,0.2766154706478119,0.2814607620239258,0.33002591133117676,0.2797063887119293,0.35845643281936646
0.3027615547180176,0.5093212127685547,0.3470139503479004,0.46249300241470337,0.37656864523887634,0.3911197781562805,0.3719514012336731,0.3119244873523712,0.34193843603134155,0.2732767164707184,0.3502037823200226,0.3189126253128052,0.3614479601383209,0.25716614723205566,0.3573608696460724,0.32473257184028625,0.34944096207618713,0.35393089056015015,0.32241034507751465,0.31228184700012207,0.33200913667678833,0.25165361166000366,0.33146828413009644,0.33533766865730286,0.32347536087036133,0.3608032464981079,0.293819397687912,0.31575825810432434,0.3024752736091614,0.25364062190055847,0.3076310157775879,0.337321937084198,0.3012639284133911,0.36928224563598633,0.2607666254043579,0.3271971344947815,0.273787260055542,0.27531197667121887,0.2840794622898102,0.33019375801086426,0.28245049715042114,0.35928624868392944
0.3020698130130768,0.5099102258682251,0.3468363285064697,0.46163585782051086,0.37610816955566406,0.3911462724208832,0.37096482515335083,0.3119894564151764,0.34166404604911804,0.2718140482902527,0.3485680818557739,0.3192068934440613,0.3600035309791565,0.2551535964012146,0.3564201295375824,0.3230265974998474,0.3479960262775421,0.3548615276813507,0.3210487961769104,0.3135272264480591,0.33091074228286743,0.2512138783931732,0.33082038164138794,0.3356529474258423,0.3222043514251709,0.36257538199424744,0.2928313910961151,0.3171332776546478,0.30170324444770813,0.2539459466934204,0.3070653975009918,0.33800098299980164,0.3003183603286743,0.3703565001487732,0.25997015833854675,0.32872113585472107,0.27298372983932495,0.2751394212245941,0.28340044617652893,0.33024856448173523,0.2815346121788025,0.35988181829452515
0.30625003576278687,0.5098332762718201,0.3524225056171417,0.4620625078678131,0.3821354806423187,0.3923306465148926,0.37789303064346313,0.31406891345977783,0.3482697010040283,0.27602189779281616,0.35377034544944763,0.3188021779060364,0.3661680221557617,0.2565958499908447,0.3622918725013733,0.3242753744125366,0.3536389172077179,0.35547950863838196,0.3265979290008545,0.3125702142715454,0.33714255690574646,0.25085434317588806,0.3367809057235718,0.33559390902519226,0.32844287157058716,0.3638964891433716,0.29807808995246887,0.3164399266242981,0.308308482170105,0.254873126745224,0.3130209147930145,0.3391382396221161,0.3059566617012024,0.37231284379959106,0.26467636227607727,0.3286999464035034,0.2784937024116516,0.27512770891189575,0.2891075611114502,0.33026939630508423,0.2873293459415436,0.3606393337249756
0.31003695726394653,0.5082489848136902,0.3556918799877167,0.4608316719532013,0.385640025138855,0.3916386365890503,0.3812602162361145,0.3151165246963501,0.3528217077255249,0.27540725469589233,0.3572643995285034,0.31672403216362,0.36962345242500305,0.25474944710731506,0.3661809265613556,0.32238730788230896,0.35749298334121704,0.35466083884239197,0.33017638325691223,0.31136369705200195,0.3403785526752472,0.2518727481365204,0.3401172161102295,0.3363710343837738,0.3317221701145172,0.3645187318325043,0.3017342984676361,0.315389484167099,0.31186720728874207,0.2542163133621216,0.3166760802268982,0.33884164690971375,0.3097628951072693,0.37264877557754517,0.26854732632637024,0.3277585208415985,0.28157612681388855,0.2735218405723572,0.29238638281822205,0.32886773347854614,0.2914671003818512,0.3607703447341919
0.310020387172699,0.5110289454460144,0.355576753616333,0.463847279548645,0.3855651021003723,0.3941611051559448,0.382840096950531,0.3163394331932068,0.3542470335960388,0.2764248251914978,0.3573535084724426,0.31954264640808105,0.37061163783073425,0.25906723737716675,0.366860568523407,0.3256896436214447,0.35703009366989136,0.35765957832336426,0.33069154620170593,0.31328245997428894,0.34189367294311523,0.2538447380065918,0.3413309156894684,0.33791211247444153,0.33152350783348083,0.36430689692497253,0.30271822214126587,0.3164401352405548,0.3136834502220154,0.2547801733016968,0.3180324137210846,0.339060515165329,0.3094697892665863,0.37118667364120483,0.26952511072158813,0.3276379108428955,0.2839452028274536,0.2747373580932617,0.2943085730075836,0.32989808917045593,0.29187899827957153,0.360054075717926
0.3127899169921875,0.5085987448692322,0.3579801619052887,0.4642485976219177,0.38898229598999023,0.39625564217567444,0.38661885261535645,0.31902816891670227,0.35808613896369934,0.2794010043144226,0.3615224361419678,0.320777028799057,0.37468501925468445,0.26055604219436646,0.37008336186408997,0.3272961974143982,0.36071863770484924,0.35898664593696594,0.33458638191223145,0.31402474641799927,0.34553003311157227,0.25428396463394165,0.34449875354766846,0.3378618061542511,0.33571240305900574,0.36581680178642273,0.30639421939849854,0.3167649507522583,0.3165489137172699,0.2552834749221802,0.3207397758960724,0.33958899974823,0.31355535984039307,0.3730710744857788,0.2733791768550873,0.32793667912483215,0.2867765724658966,0.27514100074768066,0.2968190908432007,0.3311222493648529,0.29515954852104187,0.3623439073562622
0.3042469024658203,0.5131282806396484,0.34940043091773987,0.4702180325984955,0.38171055912971497,0.39943182468414307,0.3774406909942627,0.31974437832832336,0.3458293378353119,0.28506407141685486,0.3521551489830017,0.32238754630088806,0.36482515931129456,0.25969579815864563,0.3611232340335846,0.3289121389389038,0.3525935113430023,0.3554154932498932,0.3237760066986084,0.31628915667533875,0.33509907126426697,0.2571098506450653,0.3350893259048462,0.3410700261592865,0.32516929507255554,0.3610740303993225,0.29480573534965515,0.31930750608444214,0.304435133934021,0.25706353783607483,0.31054407358169556,0.34134358167648315,0.30266961455345154,0.369783878326416,0.261160671710968,0.3294930160045624,0.27473148703575134,0.27680957317352295,0.2859833836555481,0.3312649428844452,0.28364160656929016,0.35965681076049805
0.3008759617805481,0.515494704246521,0.3437609076499939,0.4720858037471771,0.3756105601787567,0.3976544141769409,0.37138229608535767,0.3181764483451843,0.3393166959285736,0.28271108865737915,0.3469858765602112,0.31896933913230896,0.35824230313301086,0.25623729825019836,0.3549073338508606,0.32751309871673584,0.34666797518730164,0.35348597168922424,0.3185150921344757,0.3149552345275879,0.327732652425766,0.2567576766014099,0.3291085660457611,0.3409632742404938,0.3202495276927948,0.3582365810871124,0.28945204615592957,0.3197198510169983,0.2972216010093689,0.25843346118927,0.3045971989631653,0.3422679901123047,0.29750508069992065,0.36854493618011475,0.2561575174331665,0.3310830593109131,0.269121378660202,0.2803032398223877,0.2803215980529785,0.33432790637016296,0.27792125940322876,0.3607773184776306
0.2998165488243103,0.5146149396896362,0.34123384952545166,0.47505998611450195,0.3734973967075348,0.40025681257247925,0.36816468834877014,0.3218064606189728,0.33519619703292847,0.288975328207016,0.34524041414260864,0.3172810971736908,0.3561466932296753,0.2540033459663391,0.3518102467060089,0.329914391040802,0.34436777234077454,0.3503730297088623,0.3155439794063568,0.31500735878944397,0.3245294690132141,0.26008501648902893,0.32573947310447693,0.34518563747406006,0.3177620768547058,0.3551633358001709,0.28601333498954773,0.321105033159256,0.2922380566596985,0.26135873794555664,0.2996775209903717,0.34523168206214905,0.2941114008426666,0.36564502120018005,0.2533743977546692,0.332021564245224,0.26368746161460876,0.28457963466644287,0.27438032627105713,0.33900970220565796,0.27254021167755127,0.36207711696624756
0.30079683661460876,0.5172526836395264,0.3417651653289795,0.4736250042915344,0.3724135756492615,0.39948445558547974,0.3705417811870575,0.3216678202152252,0.3392300605773926,0.2872318625450134,0.34567391872406006,0.31874215602874756,0.3567081391811371,0.25562697649002075,0.3530571162700653,0.3277696669101715,0.34459516406059265,0.35291314125061035,0.31729957461357117,0.3150768578052521,0.32548436522483826,0.25666114687919617,0.32695016264915466,0.34026050567626953,0.31860673427581787,0.35610470175743103,0.2880551815032959,0.3209226429462433,0.29430562257766724,0.26041731238365173,0.3017914295196533,0.3423973619937897,0.2953507900238037,0.36645108461380005,0.2550995945930481,0.33320504426956177,0.2661450207233429,0.28363320231437683,0.27717405557632446,0.33670157194137573,0.27543896436691284,0.3618748188018799
0.3018893897533417,0.5178605914115906,0.3436122238636017,0.4741279184818268,0.37479910254478455,0.3994234800338745,0.3718492388725281,0.3209795355796814,0.3400334417819977,0.28772422671318054,0.3461613953113556,0.31856247782707214,0.3572567105293274,0.25585922598838806,0.35427430272102356,0.3283914625644684,0.3462921380996704,0.3514440655708313,0.317695677280426,0.3151875436306,0.32623499631881714,0.25780752301216125,0.32815465331077576,0.34168678522109985,0.3197111189365387,0.3558615446090698,0.28848132491111755,0.32069963216781616,0.2951125502586365,0.2594910264015198,0.3027522563934326,0.34243103861808777,0.29610392451286316,0.3660961985588074,0.25548064708709717,0.3327503204345703,0.2670113444328308,0.2823602557182312,0.2781570553779602,0.3362272083759308,0.2764419913291931,0.3621719181537628
0.30210450291633606,0.5171873569488525,0.34455376863479614,0.4734821319580078,0.3760279417037964,0.3994423747062683,0.3717937469482422,0.32138460874557495,0.33961087465286255,0.2884663939476013,0.3458935022354126,0.31871527433395386,0.357330858707428,0.25544148683547974,0.35469213128089905,0.3290007412433624,0.3467889428138733,0.35164663195610046,0.3173585832118988,0.31525856256484985,0.32665562629699707,0.25737279653549194,0.3285751938819885,0.3416820764541626,0.3195401430130005,0.35556524991989136,0.2882929742336273,0.3205321729183197,0.29537904262542725,0.2585727572441101,0.3032967448234558,0.34211286902427673,0.2963133454322815,0.3662591874599457,0.2551790475845337,0.33218997716903687,0.26696956157684326,0.2811308205127716,0.2786162197589874,0.3349146842956543,0.2767164707183838,0.36096620559692383
0.3013603687286377,0.5154348611831665,0.3431059718132019,0.4732906222343445,0.37522250413894653,0.3978312611579895,0.3702017664909363,0.31835418939590454,0.33723363280296326,0.2847546339035034,0.34569188952445984,0.3152599334716797,0.35681772232055664,0.25138169527053833,0.35406336188316345,0.3260429799556732,0.34591567516326904,0.34940895438194275,0.3167554438114166,0.3129875361919403,0.3257826268672943,0.25457537174224854,0.32795795798301697,0.3412846624851227,0.31887245178222656,0.355214923620224,0.28756940364837646,0.3194122612476349,0.29449889063835144,0.2584780752658844,0.302590548992157,0.3426727056503296,0.2955527901649475,0.3654426634311676,0.254528671503067,0.33168819546699524,0.266378790140152,0.28173667192459106,0.2778366804122925,0.3359336256980896,0.2754809558391571,0.3608870506286621
0.3018680214881897,0.5157297253608704,0.34382838010787964,0.47302964329719543,0.3755124807357788,0.39808231592178345,0.37100741267204285,0.3187497556209564,0.33912086486816406,0.2840896546840668,0.347687691450119,0.3171464502811432,0.3584529161453247,0.25437673926353455,0.35513490438461304,0.32747089862823486,0.34741997718811035,0.3512331545352936,0.3190114498138428,0.3132523000240326,0.3272619843482971,0.2550800144672394,0.32861843705177307,0.34007537364959717,0.3203876316547394,0.35433900356292725,0.2899627983570099,0.318562388420105,0.2964416742324829,0.25797587633132935,0.30342695116996765,0.3413242697715759,0.2967544198036194,0.36396268010139465,0.2569728195667267,0.3301185667514801,0.26829975843429565,0.2808670699596405,0.27889829874038696,0.33500441908836365,0.2768297493457794,0.35947591066360474
0.30327537655830383,0.5128928422927856,0.3462769389152527,0.4693990647792816,0.37770769000053406,0.396881103515625,0.37503287196159363,0.3176182508468628,0.3447970747947693,0.2806054949760437,0.34943753480911255,0.31689926981925964,0.3609834909439087,0.25404849648475647,0.3574661612510681,0.32667213678359985,0.34949249029159546,0.35162433981895447,0.32152941823005676,0.3120219111442566,0.3309824764728546,0.2527836859226227,0.3314797878265381,0.33764466643333435,0.3234376609325409,0.35366472601890564,0.29281604290008545,0.3165479302406311,0.30050230026245117,0.25500956177711487,0.3063112795352936,0.3387657105922699,0.2997905910015106,0.3631841242313385,0.2599499821662903,0.3277525305747986,0.27171590924263,0.278076171875,0.2816900610923767,0.3326990008354187,0.2799520492553711,0.3584090769290924
0.30498233437538147,0.5139568448066711,0.3487200438976288,0.4675993323326111,0.37948623299598694,0.3951399326324463,0.3764776289463043,0.31571412086486816,0.3467848002910614,0.2761358916759491,0.35124996304512024,0.31912630796432495,0.36322852969169617,0.2544378340244293,0.3594420552253723,0.3250393271446228,0.3509405255317688,0.3534155488014221,0.3236522972583771,0.31362658739089966,0.3335510194301605,0.2520097494125366,0.3336973488330841,0.3369039297103882,0.32477867603302,0.3573271334171295,0.2949560284614563,0.3173671364784241,0.30315959453582764,0.25361573696136475,0.3092088997364044,0.3378257155418396,0.3021797239780426,0.36600127816200256,0.2615516185760498,0.3285043239593506,0.2740946114063263,0.2758963704109192,0.28493162989616394,0.3306237459182739,0.28315508365631104,0.3586794137954712
0.3041488826274872,0.5072147250175476,0.35020264983177185,0.4614889621734619,0.38105013966560364,0.392871618270874,0.37841933965682983,0.3128078281879425,0.351232647895813,0.2694750726222992,0.35365167260169983,0.31806689500808716,0.36654016375541687,0.25570568442344666,0.3627396523952484,0.3225744664669037,0.3544204831123352,0.35445311665534973,0.3267533779144287,0.31052589416503906,0.33786576986312866,0.2487773895263672,0.3368150293827057,0.33364975452423096,0.3285380005836487,0.36035627126693726,0.2983992099761963,0.3122709095478058,0.3089936077594757,0.24908524751663208,0.3126535713672638,0.33428865671157837,0.30554965138435364,0.36722442507743835,0.26497796177864075,0.322429358959198,0.27867621183395386,0.26951369643211365,0.28821876645088196,0.3255837857723236,0.28646424412727356,0.35632041096687317
0.3052113354206085,0.5030319690704346,0.35458904504776,0.4549688994884491,0.3830597996711731,0.3921641707420349,0.38137567043304443,0.31571927666664124,0.3578266203403473,0.2704923748970032,0.3567541539669037,0.3246772885322571,0.369963675737381,0.2661968171596527,0.3661974370479584,0.3253711760044098,0.35575830936431885,0.3618403375148773,0.33080601692199707,0.3149651885032654,0.34253957867622375,0.2563304007053375,0.3407343327999115,0.33585307002067566,0.3308382034301758,0.36790284514427185,0.3025716245174408,0.31461605429649353,0.31543856859207153,0.25316983461380005,0.3177972435951233,0.3347404897212982,0.3089061379432678,0.37087422609329224,0.2687411308288574,0.3228573203086853,0.28349417448043823,0.26719340682029724,0.293136864900589,0.3217216730117798,0.2911999225616455,0.35463669896125793
0.3050380349159241,0.5010318756103516,0.35466518998146057,0.4573960602283478,0.38398078083992004,0.39253532886505127,0.38463374972343445,0.31294727325439453,0.3616483211517334,0.26843827962875366,0.3563556671142578,0.32737669348716736,0.3705432116985321,0.27279648184776306,0.36749890446662903,0.3295779526233673,0.3562803864479065,0.3661287724971771,0.330937922000885,0.3175407648086548,0.34380754828453064,0.2594224810600281,0.34268149733543396,0.3382855951786041,0.3318077623844147,0.37132203578948975,0.30373257398605347,0.31623852252960205,0.31675398349761963,0.25554990768432617,0.3199177086353302,0.33651211857795715,0.31010201573371887,0.3738115429878235,0.27021369338035583,0.3227465748786926,0.2853625416755676,0.2684936225414276,0.2952282130718231,0.3221302628517151,0.2926287353038788,0.35558006167411804
0.30635520815849304,0.49629080295562744,0.3564051687717438,0.45767942070961,0.38707247376441956,0.3937833309173584,0.3885952830314636,0.31455615162849426,0.36591821908950806,0.2713688313961029,0.3599785268306732,0.3317711353302002,0.37366393208503723,0.2756105661392212,0.3695225715637207,0.33143168687820435,0.3585392236709595,0.3698906898498535,0.3343008756637573,0.32112783193588257,0.3471948206424713,0.26530200242996216,0.3445937931537628,0.341846764087677,0.334176242351532,0.37486839294433594,0.30722013115882874,0.3187543749809265,0.3203800618648529,0.2593769133090973,0.32222700119018555,0.3378669023513794,0.3128620684146881,0.3755682408809662,0.27414998412132263,0.32359689474105835,0.29006099700927734,0.2715950012207031,0.29821276664733887,0.3237946033477783,0.2952611446380615,0.3568997383117676
0.30611324310302734,0.49218034744262695,0.355631023645401,0.4619874954223633,0.38779348134994507,0.39262568950653076,0.38750118017196655,0.3117028474807739,0.3628730773925781,0.2750302255153656,0.36034712195396423,0.33636268973350525,0.37175995111465454,0.2779965102672577,0.3702230155467987,0.3320011496543884,0.36184927821159363,0.3732958734035492,0.3341646194458008,0.3277644217014313,0.34542879462242126,0.2700490653514862,0.3451833128929138,0.342804878950119,0.3360934853553772,0.3789346218109131,0.30802232027053833,0.3252426087856293,0.31951823830604553,0.2650289535522461,0.3226337432861328,0.34115174412727356,0.3144679367542267,0.3812471032142639,0.27649441361427307,0.3280770778656006,0.2917081117630005,0.2764626443386078,0.29969194531440735,0.3280922472476959,0.2968844771385193,0.36227840185165405
0.30399271845817566,0.4824961721897125,0.3484412431716919,0.4672481417655945,0.37947121262550354,0.391822874546051,0.37571629881858826,0.3094920516014099,0.34753501415252686,0.2784275412559509,0.3497828245162964,0.33440184593200684,0.36182498931884766,0.2941012382507324,0.3633926212787628,0.3443881571292877,0.35611385107040405,0.3657110035419464,0.3233683109283447,0.33203086256980896,0.3362143933773041,0.2825179994106293,0.3407941460609436,0.36030471324920654,0.3299519419670105,0.38400793075561523,0.2989601492881775,0.33907002210617065,0.31027618050575256,0.2922663390636444,0.3194427490234375,0.37026986479759216,0.30835801362991333,0.39584457874298096,0.26940616965293884,0.3485383093357086,0.2859194874763489,0.31309229135513306,0.2955654561519623,0.36555802822113037,0.28772157430648804,0.3849432170391083
0.2982148230075836,0.48599565029144287,0.3436949849128723,0.47523993253707886,0.3770642876625061,0.39693525433540344,0.37059199810028076,0.315773606300354,0.33839553594589233,0.290950745344162,0.3486146926879883,0.3392704427242279,0.3616567850112915,0.2852593660354614,0.36059603095054626,0.3453429639339447,0.3534891605377197,0.36702272295951843,0.32226938009262085,0.33596286177635193,0.3372083306312561,0.2879173159599304,0.3371922969818115,0.37024861574172974,0.3256198763847351,0.3842407763004303,0.29700884222984314,0.3395483195781708,0.3111869990825653,0.29756584763526917,0.3161971867084503,0.3775005042552948,0.3057508170604706,0.39487674832344055,0.2682015597820282,0.3432278335094452,0.28772687911987305,0.3155754506587982,0.29419970512390137,0.3706229031085968,0.28521764278411865,0.38663598895072937
0.29740703105926514,0.4871724843978882,0.34113699197769165,0.479133665561676,0.3762619197368622,0.39782238006591797,0.3668360412120819,0.317106693983078,0.3326106667518616,0.30097490549087524,0.3486703932285309,0.33069583773612976,0.3613528907299042,0.2780383825302124,0.3586639165878296,0.34176918864250183,0.3521594703197479,0.3608319163322449,0.3205164968967438,0.33061596751213074,0.33570346236228943,0.2816035747528076,0.3357091546058655,0.36451756954193115,0.324667751789093,0.37631332874298096,0.29457327723503113,0.33803755044937134,0.3076430857181549,0.2956511676311493,0.3136858344078064,0.37458300590515137,0.3042162358760834,0.38963064551353455,0.26554691791534424,0.34430256485939026,0.2835797369480133,0.31622007489204407,0.29118824005126953,0.3716594874858856,0.28319647908210754,0.38573017716407776
0.29665815830230713,0.48694130778312683,0.33999598026275635,0.47868362069129944,0.3755057454109192,0.3978700041770935,0.36615943908691406,0.31816843152046204,0.3314644992351532,0.30400264263153076,0.3468490540981293,0.3292000889778137,0.3591473698616028,0.2765481472015381,0.3569004535675049,0.34155014157295227,0.35051587224006653,0.3588160574436188,0.31885337829589844,0.32952970266342163,0.33389225602149963,0.28076231479644775,0.3342464566230774,0.3641473054885864,0.3232323229312897,0.3736213445663452,0.2931711971759796,0.3369976878166199,0.3062956929206848,0.29523879289627075,0.31261080503463745,0.37399405241012573,0.30347320437431335,0.3886213004589081,0.2641633152961731,0.3428439795970917,0.2817121148109436,0.31496018171310425,0.29019248485565186,0.37077635526657104,0.2830018997192383,0.3853437304496765
0.2962776720523834,0.48630818724632263,0.3391636610031128,0.47944319248199463,0.3748331665992737,0.39825618267059326,0.3651463985443115,0.3188020884990692,0.33039242029190063,0.30617305636405945,0.346395343542099,0.33029472827911377,0.35862281918525696,0.27657926082611084,0.3562690019607544,0.34220799803733826,0.35023874044418335,0.35854583978652954,0.3185064494609833,0.3301919400691986,0.33397236466407776,0.28052061796188354,0.33400821685791016,0.36365294456481934,0.3228408396244049,0.37308502197265625,0.2928168475627899,0.33775395154953003,0.30594465136528015,0.2956797182559967,0.3122357428073883,0.37414148449897766,0.30317407846450806,0.3879331350326538,0.26414215564727783,0.3438977003097534,0.28170281648635864,0.315166711807251,0.29018038511276245,0.3708401918411255,0.282802551984787,0.38533496856689453
0.2963384687900543,0.4875454008579254,0.3402361273765564,0.4789678454399109,0.3745195269584656,0.3977826237678528,0.36290544271469116,0.31940704584121704,0.32730603218078613,0.3118651211261749,0.3467180132865906,0.33063772320747375,0.357715368270874,0.2743087410926819,0.355848103761673,0.3402979373931885,0.3505166172981262,0.3582375645637512,0.31914469599723816,0.3319193422794342,0.33290666341781616,0.2788591980934143,0.33377525210380554,0.3614341616630554,0.32344475388526917,0.3728698492050171,0.29315680265426636,0.33967089653015137,0.30435118079185486,0.29535388946533203,0.3115909993648529,0.3737386465072632,0.30392763018608093,0.3893243372440338,0.26397034525871277,0.34581226110458374,0.27994078397750854,0.3152945637702942,0.28872498869895935,0.3703242540359497,0.28205785155296326,0.3859662413597107
0.29598546028137207,0.49116051197052,0.34063270688056946,0.4822157919406891,0.3744714558124542,0.4006519317626953,0.36157098412513733,0.32236814498901367,0.3267390727996826,0.32082775235176086,0.3486654460430145,0.33279678225517273,0.3586879372596741,0.27364903688430786,0.3556053042411804,0.33863794803619385,0.35095733404159546,0.3585544526576996,0.3205905556678772,0.33347418904304504,0.3331962525844574,0.27860206365585327,0.3328315019607544,0.35915428400039673,0.32320764660835266,0.37208470702171326,0.29387253522872925,0.34047478437423706,0.3041709363460541,0.29395854473114014,0.3103521764278412,0.37141212821006775,0.30358874797821045,0.38808390498161316,0.26451969146728516,0.3467058837413788,0.27988770604133606,0.31347766518592834,0.2875720262527466,0.36809006333351135,0.2815762162208557,0.3846473693847656
0.2968735992908478,0.49909791350364685,0.341782808303833,0.47639861702919006,0.3752198815345764,0.40199583768844604,0.36684373021125793,0.3205457925796509,0.33397841453552246,0.29624462127685547,0.3494262099266052,0.3355747163295746,0.3619253635406494,0.2734753489494324,0.35817039012908936,0.33753135800361633,0.35102325677871704,0.36041444540023804,0.3218351900577545,0.3324831426143646,0.33484041690826416,0.27497240900993347,0.33395418524742126,0.3562808632850647,0.3235873281955719,0.3728790581226349,0.29532670974731445,0.33775490522384644,0.3071649372577667,0.2891322076320648,0.3114156126976013,0.36899182200431824,0.30253660678863525,0.3883848190307617,0.26517027616500854,0.346137672662735,0.2811296284198761,0.3077389895915985,0.2893584072589874,0.3614470064640045,0.283016175031662,0.38044479489326477
0.29517465829849243,0.5113821625709534,0.34995609521865845,0.4742886424064636,0.3851219713687897,0.4320569634437561,0.3890322744846344,0.3685583472251892,0.36626994609832764,0.33655157685279846,0.3521592617034912,0.3343299925327301,0.3646668791770935,0.2626814842224121,0.35973429679870605,0.3127816915512085,0.3502822816371918,0.35596659779548645,0.32376882433891296,0.3253864645957947,0.3329217731952667,0.257163405418396,0.3315057158470154,0.33022424578666687,0.3268337845802307,0.3701860010623932,0.2957665026187897,0.3276529610157013,0.3047063648700714,0.2613634467124939,0.30753669142723083,0.3324611485004425,0.303535133600235,0.37273281812667847,0.2636955976486206,0.3398932218551636,0.2756681442260742,0.28289517760276794,0.2846306562423706,0.33326512575149536,0.2838316559791565,0.36607715487480164
0.2975549101829529,0.5115659236907959,0.3479883074760437,0.47725510597229004,0.3803475499153137,0.42392289638519287,0.37820085883140564,0.3573743999004364,0.35361048579216003,0.3311798870563507,0.35113656520843506,0.3369511365890503,0.3619704246520996,0.26058119535446167,0.3615597188472748,0.29835033416748047,0.3561910390853882,0.34211835265159607,0.32385343313217163,0.3297455906867981,0.3331200182437897,0.2512468695640564,0.3351404368877411,0.3120010197162628,0.3315896689891815,0.3575761020183563,0.2967687249183655,0.33080193400382996,0.30486953258514404,0.2544950246810913,0.3114859461784363,0.3149849772453308,0.3083399534225464,0.36257532238960266,0.2662411630153656,0.3414152264595032,0.27782976627349854,0.2794981598854065,0.28952863812446594,0.3196413218975067,0.29043295979499817,0.35845133662223816
0.29947227239608765,0.5076295137405396,0.34908631443977356,0.4673923850059509,0.3764592111110687,0.4081732928752899,0.36964544653892517,0.34266722202301025,0.35331007838249207,0.30299973487854004,0.34833207726478577,0.3351612687110901,0.35738110542297363,0.25760284066200256,0.3594532608985901,0.28765052556991577,0.35669273138046265,0.3293285369873047,0.3221558928489685,0.32887962460517883,0.3314323127269745,0.24733608961105347,0.33512192964553833,0.29925987124443054,0.33227619528770447,0.346865713596344,0.29599037766456604,0.33021798729896545,0.3035634458065033,0.2529911994934082,0.311513751745224,0.3080504536628723,0.31004348397254944,0.35706931352615356,0.26675984263420105,0.3417031764984131,0.27709347009658813,0.27892178297042847,0.29080164432525635,0.31441110372543335,0.29447853565216064,0.35386693477630615
0.29869356751441956,0.5075714588165283,0.3465072512626648,0.4668963849544525,0.3730649948120117,0.4033469557762146,0.36306625604629517,0.33559557795524597,0.3489551544189453,0.29320603609085083,0.34809768199920654,0.3350089490413666,0.3564147353172302,0.26135319471359253,0.35891011357307434,0.2903635501861572,0.3566325902938843,0.33050745725631714,0.32276222109794617,0.3279617726802826,0.33144062757492065,0.24754902720451355,0.33564242720603943,0.2951005697250366,0.33288294076919556,0.34247416257858276,0.2973363399505615,0.32849112153053284,0.304582804441452,0.252536416053772,0.3128046691417694,0.30477115511894226,0.3113757371902466,0.3536202907562256,0.2690099775791168,0.33877870440483093,0.2795087397098541,0.2783464789390564,0.29295164346694946,0.3112342357635498,0.29639753699302673,0.34951046109199524
0.3005944490432739,0.506274938583374,0.34620654582977295,0.4639371633529663,0.3710611164569855,0.3942875862121582,0.3567301034927368,0.33089688420295715,0.3346062898635864,0.3000538945198059,0.3517203629016876,0.3333752155303955,0.3605800271034241,0.2609183192253113,0.3639855980873108,0.2842802107334137,0.36222773790359497,0.324684202671051,0.325900137424469,0.32554295659065247,0.33522871136665344,0.2483471930027008,0.33932653069496155,0.29451078176498413,0.3364808261394501,0.3422999382019043,0.3003762364387512,0.3258141875267029,0.3083031475543976,0.2538422644138336,0.316500723361969,0.30280306935310364,0.3149173855781555,0.349944144487381,0.27222707867622375,0.33515799045562744,0.2840111553668976,0.2769804000854492,0.2956826388835907,0.3090355694293976,0.2979358732700348,0.34611138701438904
0.30159667134284973,0.5042534470558167,0.34602969884872437,0.45721516013145447,0.36719048023223877,0.38514602184295654,0.346235454082489,0.3227836787700653,0.3190898001194,0.29644909501075745,0.355124831199646,0.33254995942115784,0.36510294675827026,0.2623087167739868,0.36763066053390503,0.2894614636898041,0.36552125215530396,0.33123213052749634,0.3286665380001068,0.3239523768424988,0.3391677439212799,0.24963101744651794,0.3419428765773773,0.29848992824554443,0.3391234576702118,0.34625324606895447,0.3024684488773346,0.32380473613739014,0.31068509817123413,0.25397059321403503,0.3186369240283966,0.30509865283966064,0.31712228059768677,0.3520120680332184,0.27345144748687744,0.3326394259929657,0.28577300906181335,0.2754370868206024,0.2974328100681305,0.30930155515670776,0.29979264736175537,0.34666889905929565
0.30172058939933777,0.5040426850318909,0.34623783826828003,0.45469361543655396,0.36675459146499634,0.3834773302078247,0.3451541066169739,0.3237228989601135,0.3179897665977478,0.2984175980091095,0.35527217388153076,0.3316161036491394,0.3671686053276062,0.262272447347641,0.36707714200019836,0.29984405636787415,0.36374998092651367,0.34263721108436584,0.32906386256217957,0.3238636255264282,0.34147098660469055,0.2510576844215393,0.3429412543773651,0.3055897057056427,0.3400920629501343,0.3530347943305969,0.30256518721580505,0.3242871165275574,0.3124913275241852,0.2536451816558838,0.3197968900203705,0.31127673387527466,0.3185235559940338,0.3602805733680725,0.2734276354312897,0.33418166637420654,0.28650352358818054,0.27631068229675293,0.2981818914413452,0.31398510932922363,0.30062347650527954,0.3525731563568115
0.3004750609397888,0.5050376653671265,0.34931907057762146,0.46395647525787354,0.3772568106651306,0.39499592781066895,0.3678663969039917,0.3265995979309082,0.3589005172252655,0.2836485505104065,0.3591277301311493,0.33595770597457886,0.3690163195133209,0.2693230211734772,0.3637946844100952,0.32145723700523376,0.35657674074172974,0.36444711685180664,0.3310295045375824,0.3300078809261322,0.3403630554676056,0.26305603981018066,0.33753472566604614,0.3345113694667816,0.3325161337852478,0.37336379289627075,0.30347007513046265,0.3302184045314789,0.3124915063381195,0.2649538516998291,0.3143998682498932,0.3409263491630554,0.31066757440567017,0.3808780014514923,0.27243736386299133,0.3394466042518616,0.28574639558792114,0.2863471806049347,0.2928060293197632,0.3389219045639038,0.29204797744750977,0.37138447165489197
0.29852595925331116,0.5051615834236145,0.3484358787536621,0.4648912847042084,0.3763452172279358,0.3959822356700897,0.3683840036392212,0.3256521224975586,0.36396709084510803,0.28045496344566345,0.35700324177742004,0.33798250555992126,0.3658434748649597,0.2717117369174957,0.3615782856941223,0.3261719346046448,0.35505014657974243,0.36714041233062744,0.3289458155632019,0.3327311873435974,0.33780843019485474,0.2663562297821045,0.33597514033317566,0.339074969291687,0.3309207558631897,0.37558653950691223,0.30146440863609314,0.3333199620246887,0.3103424906730652,0.2681225538253784,0.3125050663948059,0.344926655292511,0.3084784150123596,0.382399320602417,0.2704485058784485,0.342622309923172,0.2845070958137512,0.2892998158931732,0.29141005873680115,0.3424241542816162,0.2899903953075409,0.3732917308807373
0.29903310537338257,0.506469190120697,0.3486582934856415,0.4641093313694,0.3757454752922058,0.395700067281723,0.3671092391014099,0.3254610300064087,0.3602544963359833,0.28090113401412964,0.3566575050354004,0.33713459968566895,0.3655390739440918,0.2715141773223877,0.3609731197357178,0.3248977065086365,0.35402193665504456,0.366748183965683,0.32831716537475586,0.3315845727920532,0.33642563223838806,0.2645496428012848,0.3349394202232361,0.33719632029533386,0.3302043378353119,0.3757816255092621,0.3006279468536377,0.33246129751205444,0.30868855118751526,0.2669694125652313,0.31175360083580017,0.34369081258773804,0.30824655294418335,0.3828323483467102,0.26944276690483093,0.34281817078590393,0.28330567479133606,0.2882753014564514,0.2907005250453949,0.3416842222213745,0.2895519733428955,0.37397944927215576
0.29870784282684326,0.5066523551940918,0.3484196960926056,0.46552515029907227,0.37603944540023804,0.39638373255729675,0.36651134490966797,0.3255741596221924,0.3596424460411072,0.28012439608573914,0.3562880754470825,0.33780351281166077,0.36488598585128784,0.2711080312728882,0.3607388734817505,0.3247823417186737,0.353773832321167,0.3667002320289612,0.3279329538345337,0.33240488171577454,0.336304247379303,0.26395347714424133,0.3350312411785126,0.3366273045539856,0.329838365316391,0.37575632333755493,0.3003395199775696,0.3332196772098541,0.308233380317688,0.26615071296691895,0.31150901317596436,0.3432357609272003,0.3078514635562897,0.3830832839012146,0.2693048119544983,0.34328293800354004,0.2824125587940216,0.28842514753341675,0.2901384234428406,0.34180986881256104,0.28916433453559875,0.3742292821407318
0.2990453243255615,0.5054460763931274,0.3483332693576813,0.46453672647476196,0.3765946328639984,0.39579153060913086,0.3673399090766907,0.32647138833999634,0.35662156343460083,0.285397469997406,0.3569999039173126,0.33822667598724365,0.3652806282043457,0.26933184266090393,0.36107492446899414,0.3240787982940674,0.3551424741744995,0.3652198016643524,0.3281300365924835,0.3333958685398102,0.33532100915908813,0.26610103249549866,0.33447322249412537,0.3389855623245239,0.33059895038604736,0.37560099363327026,0.3003166913986206,0.3343740403652191,0.30769073963165283,0.2679155766963959,0.31123900413513184,0.3442390561103821,0.3085108697414398,0.3818773031234741,0.2697843313217163,0.3440779149532318,0.28311967849731445,0.2903391420841217,0.2904326319694519,0.34301748871803284,0.28936538100242615,0.37454652786254883
0.3002944588661194,0.5067765712738037,0.35024696588516235,0.466953843832016,0.3794310688972473,0.3995625376701355,0.36971649527549744,0.330928772687912,0.3624027967453003,0.2904120683670044,0.3568936586380005,0.33340027928352356,0.36787375807762146,0.2689783573150635,0.36446431279182434,0.32750192284584045,0.3574826121330261,0.3672741651535034,0.3293147683143616,0.3300865590572357,0.3400742709636688,0.2639089524745941,0.3396403193473816,0.34077689051628113,0.3336915075778961,0.37766534090042114,0.3018975555896759,0.3328283429145813,0.31229573488235474,0.269008994102478,0.31565985083580017,0.347797155380249,0.31062936782836914,0.3850927948951721,0.2707303464412689,0.3437207043170929,0.2855078876018524,0.2916514575481415,0.29324567317962646,0.345661461353302,0.29065239429473877,0.37671327590942383
0.2959263324737549,0.5140432119369507,0.34890881180763245,0.4816879630088806,0.3895701467990875,0.4333987534046173,0.39459142088890076,0.36205390095710754,0.3685249090194702,0.3371385335922241,0.35699400305747986,0.3414146602153778,0.3665385842323303,0.27491146326065063,0.3634966313838959,0.3383512794971466,0.3563525080680847,0.37632274627685547,0.32911813259124756,0.3364204168319702,0.337969034910202,0.27492913603782654,0.3372699022293091,0.35537585616111755,0.3310544788837433,0.38659757375717163,0.3016311824321747,0.34095314145088196,0.3113948404788971,0.2829798460006714,0.3138585388660431,0.358401894569397,0.30865803360939026,0.3894331157207489,0.27025407552719116,0.35258248448371887,0.28444933891296387,0.3031400740146637,0.291962206363678,0.3547138273715973,0.2883641719818115,0.3797250986099243
0.2970372140407562,0.5130347609519958,0.3496302366256714,0.48193371295928955,0.3897797763347626,0.43327319622039795,0.3950158357620239,0.364039808511734,0.3695559501647949,0.33923885226249695,0.3575255870819092,0.3415663540363312,0.3666864037513733,0.2750115990638733,0.3640407919883728,0.33845770359039307,0.35693302750587463,0.37572067975997925,0.32954171299934387,0.3378618061542511,0.3375314772129059,0.2771933674812317,0.3374616205692291,0.3573237359523773,0.33114826679229736,0.3865361511707306,0.3021599054336548,0.34252774715423584,0.3114342987537384,0.2842510938644409,0.31406402587890625,0.35977301001548767,0.30865195393562317,0.3898381292819977,0.27125877141952515,0.35339266061782837,0.28518351912498474,0.3038463592529297,0.29230865836143494,0.35515210032463074,0.2882560193538666,0.3798847794532776
0.29650381207466125,0.5129149556159973,0.3497171700000763,0.477470725774765,0.38946065306663513,0.4306851625442505,0.39366859197616577,0.3616822063922882,0.368125855922699,0.33543890714645386,0.3560519218444824,0.3401449918746948,0.3654528558254242,0.27331632375717163,0.3631175756454468,0.33722123503685,0.3561874032020569,0.37519997358322144,0.3280247151851654,0.3357446491718292,0.33634790778160095,0.2758050560951233,0.33681029081344604,0.35660967230796814,0.3303954601287842,0.3861854672431946,0.30052754282951355,0.34109586477279663,0.31016191840171814,0.28265997767448425,0.31356003880500793,0.3584327697753906,0.30799925327301025,0.38884803652763367,0.26902443170547485,0.3531375229358673,0.2831272482872009,0.30274173617362976,0.2913045585155487,0.3545873761177063,0.2873668074607849,0.3796573579311371
0.2946593165397644,0.5138565897941589,0.34790900349617004,0.4822039306163788,0.390889048576355,0.433821439743042,0.39840102195739746,0.3641079366207123,0.3722462058067322,0.3415912687778473,0.35716357827186584,0.3406951427459717,0.3671857714653015,0.2743151783943176,0.3634698987007141,0.335985004901886,0.3560484051704407,0.3752917945384979,0.3291482925415039,0.3358082175254822,0.338135689496994,0.27721044421195984,0.3368048667907715,0.3562716245651245,0.3306886553764343,0.3872166574001312,0.30163148045539856,0.34029150009155273,0.31153160333633423,0.28335636854171753,0.31354379653930664,0.3576025664806366,0.30817168951034546,0.38872846961021423,0.27052173018455505,0.3517952859401703,0.28514108061790466,0.3031257390975952,0.2920301854610443,0.35435932874679565,0.2881392538547516,0.37990230321884155
0.2975772023200989,0.5089962482452393,0.3490445911884308,0.47494128346443176,0.3892131745815277,0.42146217823028564,0.40192312002182007,0.35267144441604614,0.38035058975219727,0.3122471570968628,0.3565487563610077,0.34081244468688965,0.36457541584968567,0.2770882248878479,0.3618936240673065,0.33636000752449036,0.3561519980430603,0.37481558322906494,0.32828381657600403,0.33616364002227783,0.3369828164577484,0.27796849608421326,0.33547529578208923,0.35513201355934143,0.3302271068096161,0.3873317837715149,0.2998141348361969,0.3402178883552551,0.3104040026664734,0.2835349440574646,0.31186550855636597,0.3576229512691498,0.307242751121521,0.3898787498474121,0.2681468427181244,0.3512064218521118,0.2838713824748993,0.3041638433933258,0.2903057634830475,0.35458213090896606,0.28684014081954956,0.38118743896484375
0.2958294451236725,0.5082936882972717,0.35083454847335815,0.4689474403858185,0.38805755972862244,0.41361504793167114,0.4036501348018646,0.3451426923274994,0.3851415514945984,0.3013220429420471,0.3617143929004669,0.34171628952026367,0.37214112281799316,0.27232372760772705,0.364185094833374,0.31703853607177734,0.3568980395793915,0.3586338460445404,0.3338402807712555,0.32624709606170654,0.34577706456184387,0.25384074449539185,0.33763474225997925,0.3127451539039612,0.3317005932331085,0.3544037342071533,0.30485543608665466,0.3204004466533661,0.31499290466308594,0.24978992342948914,0.3120577931404114,0.3079693019390106,0.3075002431869507,0.34987160563468933,0.2733127772808075,0.32348042726516724,0.28494852781295776,0.2651151716709137,0.28943932056427,0.30217036604881287,0.2890602648258209,0.3356339633464813
0.2965888977050781,0.5058744549751282,0.35137325525283813,0.4681711196899414,0.3879847824573517,0.41296204924583435,0.40209639072418213,0.34619325399398804,0.38455379009246826,0.30221888422966003,0.36142846941947937,0.3408457040786743,0.37182220816612244,0.27009910345077515,0.36381229758262634,0.3138377070426941,0.35643404722213745,0.3558787405490875,0.3341623842716217,0.3248262405395508,0.34620460867881775,0.2516072988510132,0.337813138961792,0.30725735425949097,0.33196133375167847,0.3516136705875397,0.30615609884262085,0.31784534454345703,0.315985769033432,0.2442297637462616,0.31272950768470764,0.2970385253429413,0.3083871603012085,0.34104660153388977,0.2759515047073364,0.31929636001586914,0.2878081500530243,0.25877612829208374,0.29126599431037903,0.29103732109069824,0.2905201315879822,0.3253650367259979
0.2962146997451782,0.5076940655708313,0.3507557511329651,0.4683777689933777,0.38668662309646606,0.41196733713150024,0.40164944529533386,0.3456791639328003,0.38529321551322937,0.2997935116291046,0.35998812317848206,0.33934107422828674,0.36951249837875366,0.2690611779689789,0.3629024624824524,0.31356796622276306,0.3563050925731659,0.35623496770858765,0.33280304074287415,0.32478734850883484,0.34392815828323364,0.25368863344192505,0.3367416560649872,0.3102957606315613,0.33133944869041443,0.3538981080055237,0.30448049306869507,0.31846022605895996,0.31417030096054077,0.24506507813930511,0.311824232339859,0.29823654890060425,0.3076133131980896,0.34191644191741943,0.2739512324333191,0.3198472261428833,0.28479909896850586,0.25843682885169983,0.28939089179039,0.2907114624977112,0.2894447445869446,0.3258111774921417
0.2964518666267395,0.5076403617858887,0.35211557149887085,0.46749383211135864,0.38766875863075256,0.4097752571105957,0.4006674289703369,0.3432437777519226,0.3840909004211426,0.2999919056892395,0.36113208532333374,0.3381847143173218,0.3702316880226135,0.267978310585022,0.3630012571811676,0.3135949671268463,0.3558286726474762,0.3549853563308716,0.3336911201477051,0.3243028223514557,0.3440117835998535,0.2533724009990692,0.3370380103588104,0.31098994612693787,0.3313998878002167,0.35276225209236145,0.3054010570049286,0.317990243434906,0.31473472714424133,0.2456219345331192,0.3123224377632141,0.30096685886383057,0.3078192472457886,0.3429323434829712,0.27482733130455017,0.3191787302494049,0.2861682176589966,0.2583804130554199,0.29046788811683655,0.293203741312027,0.2900480329990387,0.3271985650062561
0.2944634258747101,0.511745274066925,0.3500312864780426,0.4678875207901001,0.38669735193252563,0.4137786030769348,0.4000919461250305,0.34148553013801575,0.3822610080242157,0.2963714599609375,0.3583022356033325,0.3362151086330414,0.3653562664985657,0.2690695524215698,0.35916054248809814,0.32295551896095276,0.3536195158958435,0.36382925510406494,0.33067774772644043,0.32427844405174255,0.3380437195301056,0.26019296050071716,0.3322412371635437,0.3308138847351074,0.3287855386734009,0.36748969554901123,0.3024601340293884,0.32122886180877686,0.31048583984375,0.2537115216255188,0.30900299549102783,0.32187938690185547,0.30561599135398865,0.36250051856040955,0.27081578969955444,0.3268556594848633,0.2805025279521942,0.2658570110797882,0.28675520420074463,0.3102355897426605,0.288278728723526,0.345860093832016
0.30016130208969116,0.5036494135856628,0.3508254587650299,0.46612605452537537,0.3865942060947418,0.4041789770126343,0.3968050479888916,0.3326645493507385,0.37799182534217834,0.29336756467819214,0.3521314263343811,0.33679628372192383,0.35783863067626953,0.2709506154060364,0.3578340709209442,0.33647942543029785,0.35326462984085083,0.3688106834888458,0.3243773281574249,0.333932101726532,0.3301871716976166,0.27103477716445923,0.3330928087234497,0.34883493185043335,0.3273161053657532,0.37487146258354187,0.29666757583618164,0.336571604013443,0.3038611114025116,0.271518349647522,0.30973416566848755,0.34839484095573425,0.3056628406047821,0.37906187772750854,0.2658033072948456,0.34481698274612427,0.27638158202171326,0.2899830639362335,0.2860296368598938,0.34083491563796997,0.28520631790161133,0.37090495228767395
0.29903391003608704,0.496934175491333,0.34837889671325684,0.46656715869903564,0.3850495517253876,0.39740821719169617,0.39884451031684875,0.32206466794013977,0.3789096772670746,0.28431591391563416,0.35149598121643066,0.3315615952014923,0.3563928008079529,0.27430635690689087,0.3581368327140808,0.3394467830657959,0.3543494641780853,0.3660566210746765,0.3229106366634369,0.3340693712234497,0.32873818278312683,0.2788133919239044,0.33421894907951355,0.3571619391441345,0.32782408595085144,0.3768109083175659,0.29549360275268555,0.34224486351013184,0.3034471869468689,0.28640469908714294,0.31159189343452454,0.36096543073654175,0.30643054842948914,0.3848230242729187,0.26542067527770996,0.3521457612514496,0.2778237462043762,0.3096608817577362,0.2878236472606659,0.3599250018596649,0.28427374362945557,0.38046714663505554
0.3017119765281677,0.4949273467063904,0.3447374403476715,0.4646737277507782,0.3773837089538574,0.3840893805027008,0.38804954290390015,0.30514898896217346,0.3652699887752533,0.2666042745113373,0.34567907452583313,0.32166051864624023,0.3535440266132355,0.27227985858917236,0.35430610179901123,0.3377893567085266,0.3487670421600342,0.35067957639694214,0.31758272647857666,0.3274553716182709,0.3266323208808899,0.27784639596939087,0.3317737579345703,0.35630300641059875,0.3238818347454071,0.36285144090652466,0.290576308965683,0.33884212374687195,0.30142632126808167,0.2924850881099701,0.31011027097702026,0.3663955330848694,0.302137166261673,0.37806129455566406,0.2617202699184418,0.34967783093452454,0.27834463119506836,0.3189922273159027,0.286648690700531,0.3680749833583832,0.2790561020374298,0.3800719380378723
0.3020998537540436,0.4939118027687073,0.34488070011138916,0.4631374478340149,0.3777955174446106,0.3847445547580719,0.3895149827003479,0.30652499198913574,0.36633720993995667,0.26824983954429626,0.3460291028022766,0.32163843512535095,0.3556026518344879,0.27245497703552246,0.3556939661502838,0.33839747309684753,0.34875962138175964,0.3488800525665283,0.3179328739643097,0.32749682664871216,0.3287234604358673,0.2778934836387634,0.3334737718105316,0.35643962025642395,0.324762761592865,0.36111098527908325,0.29116639494895935,0.3390476405620575,0.30340275168418884,0.292545884847641,0.31202736496925354,0.36565420031547546,0.3032187223434448,0.375821590423584,0.2628489136695862,0.349237859249115,0.280742347240448,0.31995129585266113,0.28911805152893066,0.3679453432559967,0.2812311351299286,0.379072904586792
0.30191799998283386,0.4945865869522095,0.34494078159332275,0.4674067497253418,0.3786807656288147,0.386485755443573,0.3893818259239197,0.30696988105773926,0.36622723937034607,0.2699277400970459,0.3464672863483429,0.32327741384506226,0.3554607927799225,0.2719152867794037,0.3560267984867096,0.3377712070941925,0.3498665988445282,0.35021984577178955,0.3178379535675049,0.3291761875152588,0.3288531005382538,0.2777194380760193,0.33371391892433167,0.3566284775733948,0.3246590197086334,0.3628976345062256,0.29119157791137695,0.339799702167511,0.3034084141254425,0.2918251156806946,0.31193819642066956,0.36563560366630554,0.30295825004577637,0.37731993198394775,0.2629297077655792,0.34882083535194397,0.28092747926712036,0.3174270987510681,0.2889939844608307,0.36706027388572693,0.28050869703292847,0.37928175926208496
0.3005811870098114,0.4966888427734375,0.3433610498905182,0.4644942581653595,0.3757806122303009,0.384973406791687,0.387343168258667,0.3060224950313568,0.36348098516464233,0.26912009716033936,0.3435499370098114,0.3215511441230774,0.3533087968826294,0.2722986340522766,0.3537661135196686,0.33788102865219116,0.34683018922805786,0.34981560707092285,0.3163195550441742,0.32659000158309937,0.3267391622066498,0.2768630385398865,0.3316695988178253,0.3553466498851776,0.3230380713939667,0.36153173446655273,0.28972405195236206,0.33795422315597534,0.30126243829727173,0.29050466418266296,0.3102168142795563,0.36395323276519775,0.30171456933021545,0.37604281306266785,0.2612103819847107,0.3489844799041748,0.2784067988395691,0.31735512614250183,0.28708142042160034,0.36520811915397644,0.2795996069908142,0.3774692118167877
0.3031585216522217,0.49661996960639954,0.34505707025527954,0.4686320722103119,0.376772403717041,0.3866419196128845,0.38605183362960815,0.3059372901916504,0.3616400957107544,0.2694251239299774,0.34381964802742004,0.3224777281284332,0.35278892517089844,0.2719211280345917,0.3545050323009491,0.33726418018341064,0.3484854996204376,0.35087889432907104,0.31688690185546875,0.3283383548259735,0.3270726501941681,0.27611541748046875,0.33307310938835144,0.35549333691596985,0.32435551285743713,0.363170862197876,0.2909238636493683,0.33927756547927856,0.3019530773162842,0.2895302176475525,0.3118482530117035,0.3642220199108124,0.3034200668334961,0.3771825432777405,0.26247936487197876,0.3498731255531311,0.27948036789894104,0.31729984283447266,0.28864172101020813,0.36585938930511475,0.281049907207489,0.3785633146762848
0.30069777369499207,0.5025941133499146,0.34473511576652527,0.46878504753112793,0.3781083822250366,0.39891931414604187,0.38800248503685,0.32038938999176025,0.36484456062316895,0.28173327445983887,0.3435451090335846,0.33120667934417725,0.35624420642852783,0.2801780700683594,0.35596561431884766,0.344812273979187,0.34873688220977783,0.3614268898963928,0.3175942301750183,0.33052369952201843,0.33115264773368835,0.2786867022514343,0.33385759592056274,0.35736632347106934,0.3238123655319214,0.3682236969470978,0.29161086678504944,0.3359244465827942,0.30416011810302734,0.2835709750652313,0.3110196590423584,0.3612532913684845,0.3017736077308655,0.37790635228157043,0.26224517822265625,0.3451918363571167,0.2802923619747162,0.3085442781448364,0.288383811712265,0.35976657271385193,0.2805456519126892,0.37709301710128784
0.292218416929245,0.5043704509735107,0.33926698565483093,0.47881442308425903,0.3756784498691559,0.4147166609764099,0.37980833649635315,0.33585667610168457,0.35054367780685425,0.3013712763786316,0.35137739777565,0.33936381340026855,0.3684140145778656,0.2838112413883209,0.3605671525001526,0.34816762804985046,0.3506676256656647,0.3760157823562622,0.32543373107910156,0.326869934797287,0.3417770266532898,0.2717296779155731,0.3353579640388489,0.3509543240070343,0.32424625754356384,0.37434613704681396,0.29842662811279297,0.3219025135040283,0.31402790546417236,0.2662307918071747,0.31186923384666443,0.34704047441482544,0.3012281358242035,0.3755291700363159,0.2665490508079529,0.32220855355262756,0.286429762840271,0.2757314443588257,0.28993725776672363,0.3307347595691681,0.28351926803588867,0.3576093912124634
0.28879600763320923,0.5029332637786865,0.33573418855667114,0.48297828435897827,0.37483516335487366,0.420479953289032,0.3796944320201874,0.34136080741882324,0.3497237265110016,0.3076111078262329,0.35327965021133423,0.347422331571579,0.371494323015213,0.2946264147758484,0.36060279607772827,0.3555135726928711,0.3499291241168976,0.3836873173713684,0.327595978975296,0.33040279150009155,0.34531447291374207,0.27533459663391113,0.3354510962963104,0.35169729590415955,0.323774516582489,0.3777749836444855,0.3006998300552368,0.3211914896965027,0.3175104558467865,0.26648807525634766,0.312444269657135,0.345271497964859,0.30119574069976807,0.3750677704811096,0.26924794912338257,0.31734418869018555,0.2901894450187683,0.2730979919433594,0.29132840037345886,0.3266599774360657,0.2837594449520111,0.3521595299243927
0.28903743624687195,0.5043060183525085,0.3377786874771118,0.48617708683013916,0.37732604146003723,0.42643117904663086,0.3848534822463989,0.3484806418418884,0.35647857189178467,0.3139788508415222,0.3564411997795105,0.3525018095970154,0.37583282589912415,0.3020855188369751,0.36343657970428467,0.3606901168823242,0.35155847668647766,0.3894312381744385,0.33191245794296265,0.333948016166687,0.35097992420196533,0.28015902638435364,0.33916229009628296,0.3543226420879364,0.32635992765426636,0.3810258209705353,0.3057105541229248,0.32218480110168457,0.3238709270954132,0.26676851511001587,0.31682151556015015,0.3437022268772125,0.30452388525009155,0.37430062890052795,0.27468141913414,0.31565800309181213,0.2970806956291199,0.2715655267238617,0.29690873622894287,0.3237643837928772,0.2886779308319092,0.3492092490196228
0.28746646642684937,0.5045059323310852,0.33560946583747864,0.48615360260009766,0.37601736187934875,0.4317707419395447,0.38432520627975464,0.35630500316619873,0.3593423068523407,0.3158346712589264,0.3588842451572418,0.35880520939826965,0.3773048520088196,0.30348125100135803,0.36396437883377075,0.36312204599380493,0.3540166914463043,0.39131391048431396,0.3343084156513214,0.3389558792114258,0.35315632820129395,0.282964289188385,0.33943307399749756,0.35704296827316284,0.3281462490558624,0.38093090057373047,0.30830201506614685,0.32474836707115173,0.32613319158554077,0.268216997385025,0.31660178303718567,0.34489092230796814,0.30552226305007935,0.37417641282081604,0.27807125449180603,0.31470590829849243,0.29863327741622925,0.26845359802246094,0.2973223924636841,0.3195706009864807,0.2901589870452881,0.3463277816772461
0.2867349088191986,0.5029627680778503,0.3353845775127411,0.4901660084724426,0.3768620789051056,0.43552735447883606,0.38725411891937256,0.3586358428001404,0.3608625531196594,0.3216627538204193,0.3588476777076721,0.36144956946372986,0.3781691789627075,0.309835821390152,0.3650488555431366,0.3675309717655182,0.3543960154056549,0.3955440819263458,0.33480408787727356,0.3399759531021118,0.3541259467601776,0.28533414006233215,0.340249627828598,0.3583149015903473,0.3277806043624878,0.38347119092941284,0.30910709500312805,0.3245674967765808,0.3273823857307434,0.26927250623703003,0.31770941615104675,0.34540027379989624,0.30529484152793884,0.37520894408226013,0.2788088917732239,0.313385546207428,0.2989915609359741,0.2648317217826843,0.2981864809989929,0.3152834475040436,0.29091694951057434,0.34268441796302795
0.28853246569633484,0.5034101605415344,0.33785268664360046,0.4799489676952362,0.37486937642097473,0.4211563169956207,0.38129591941833496,0.34693679213523865,0.35632845759391785,0.31032252311706543,0.352136492729187,0.346476674079895,0.36893507838249207,0.2983866333961487,0.3581148386001587,0.35691606998443604,0.34822317957878113,0.383568674325943,0.3274398148059845,0.3288874626159668,0.3447166383266449,0.2765994071960449,0.3343522846698761,0.353253573179245,0.3227410912513733,0.3771171271800995,0.3011273443698883,0.31857937574386597,0.3180179297924042,0.26309651136398315,0.3120686411857605,0.3417247533798218,0.30031079053878784,0.36897677183151245,0.2694591283798218,0.3135470449924469,0.2896389067173004,0.2686622142791748,0.29073941707611084,0.320732444524765,0.2833326458930969,0.3436271548271179
0.2901836931705475,0.5063943266868591,0.3378259539604187,0.47722774744033813,0.37365588545799255,0.41093599796295166,0.37742677330970764,0.33163973689079285,0.3480381965637207,0.3005189299583435,0.3474554121494293,0.33972251415252686,0.3615100681781769,0.2844870686531067,0.35530632734298706,0.3471623361110687,0.34658247232437134,0.3780879080295563,0.3212233781814575,0.32648953795433044,0.33444347977638245,0.2695216238498688,0.3301587402820587,0.35022908449172974,0.32027044892311096,0.37947171926498413,0.29370933771133423,0.3224550187587738,0.3058217465877533,0.2652284801006317,0.3069075047969818,0.34614840149879456,0.297987699508667,0.37868696451187134,0.2614676058292389,0.32525551319122314,0.27844613790512085,0.27623307704925537,0.28487005829811096,0.33091098070144653,0.2804677486419678,0.3598831295967102
0.29022037982940674,0.5001881122589111,0.3368370532989502,0.4687320291996002,0.3687226474285126,0.39443472027778625,0.36593806743621826,0.313637912273407,0.33607879281044006,0.2851341962814331,0.3393841087818146,0.3262520730495453,0.347012460231781,0.26868972182273865,0.34549230337142944,0.33368033170700073,0.3400575518608093,0.36752957105636597,0.3117560148239136,0.3201262354850769,0.318928599357605,0.26508408784866333,0.32141032814979553,0.3462306559085846,0.31518569588661194,0.3740231394767761,0.28467869758605957,0.32268720865249634,0.2908782362937927,0.26472407579421997,0.2978151738643646,0.34675392508506775,0.292653888463974,0.3792341947555542,0.253259539604187,0.3317936956882477,0.26488766074180603,0.2838446795940399,0.27440744638442993,0.3399169445037842,0.2723101079463959,0.3680710792541504
0.2885563373565674,0.505215585231781,0.33188462257385254,0.4660484492778778,0.36178410053253174,0.38350799679756165,0.35626527667045593,0.2999240756034851,0.3239322900772095,0.275718629360199,0.33222514390945435,0.31743258237838745,0.3370587229728699,0.25715014338493347,0.33725881576538086,0.3242042362689972,0.3332093358039856,0.3542003929615021,0.30353912711143494,0.3166467249393463,0.3072301149368286,0.2582666277885437,0.3132723569869995,0.3408088684082031,0.3085117042064667,0.3649379312992096,0.2760002315044403,0.3239082396030426,0.27755385637283325,0.26245489716529846,0.28879690170288086,0.34270617365837097,0.2854984700679779,0.37148216366767883,0.24480485916137695,0.33794960379600525,0.25316399335861206,0.2900199890136719,0.26548248529434204,0.34285134077072144,0.26470863819122314,0.36771243810653687
0.29048293828964233,0.505081057548523,0.3337474763393402,0.46500635147094727,0.36429494619369507,0.38669201731681824,0.3609555661678314,0.304231733083725,0.32985877990722656,0.27722787857055664,0.33430081605911255,0.3158738613128662,0.3403925597667694,0.2568109631538391,0.3411930203437805,0.32384806871414185,0.3366166353225708,0.35314926505088806,0.30643558502197266,0.3140881359577179,0.3112829029560089,0.25514668226242065,0.3170488476753235,0.337832510471344,0.31127387285232544,0.36442774534225464,0.27876922488212585,0.32223281264305115,0.28176119923591614,0.2623058259487152,0.29260289669036865,0.3429773151874542,0.2884211540222168,0.3726082444190979,0.24681943655014038,0.3385302424430847,0.2566068172454834,0.2921757996082306,0.2692370116710663,0.34556499123573303,0.26785314083099365,0.370013564825058
0.2923741936683655,0.5039636492729187,0.33456629514694214,0.4708999991416931,0.36531487107276917,0.38884925842285156,0.3617013692855835,0.30491161346435547,0.3286427855491638,0.28053268790245056,0.33823859691619873,0.31816571950912476,0.34334686398506165,0.25923776626586914,0.34218916296958923,0.32778024673461914,0.338212788105011,0.35476118326187134,0.30920717120170593,0.31590816378593445,0.31332793831825256,0.2602269947528839,0.31766581535339355,0.3434045910835266,0.31246277689933777,0.3638671636581421,0.2812056839466095,0.32194143533706665,0.2831155061721802,0.26311466097831726,0.29236385226249695,0.34524497389793396,0.2885928153991699,0.37140876054763794,0.24975627660751343,0.33376285433769226,0.25725117325782776,0.28723761439323425,0.26807016134262085,0.34188491106033325,0.26687103509902954,0.365193247795105
0.2898341119289398,0.5060403347015381,0.32914361357688904,0.4753030836582184,0.3584272563457489,0.38810211420059204,0.3495590388774872,0.3051283061504364,0.314383327960968,0.28551238775253296,0.33029690384864807,0.31214842200279236,0.3310273587703705,0.2558584213256836,0.3318268358707428,0.3261226713657379,0.3299686014652252,0.34742146730422974,0.3004083037376404,0.3155403733253479,0.30026906728744507,0.2655720114707947,0.3074663579463959,0.3476419150829315,0.30477380752563477,0.35580384731292725,0.27268466353416443,0.3256697654724121,0.27014273405075073,0.2706449031829834,0.28219327330589294,0.349459707736969,0.281333863735199,0.3673258423805237,0.24214209616184235,0.3391156494617462,0.24592596292495728,0.3008583188056946,0.25801411271095276,0.35398802161216736,0.2592620253562927,0.37186554074287415
0.29139694571495056,0.5137091279029846,0.3293019235134125,0.473987340927124,0.3589814007282257,0.38925084471702576,0.34818702936172485,0.31047290563583374,0.3119417130947113,0.29196590185165405,0.3267793655395508,0.3115333914756775,0.3300836682319641,0.2567683458328247,0.3312758505344391,0.32743483781814575,0.3276989459991455,0.3461124300956726,0.29678618907928467,0.31597667932510376,0.29864779114723206,0.26623237133026123,0.3069649040699005,0.34713342785835266,0.3027452230453491,0.3533562421798706,0.26900026202201843,0.3283565044403076,0.2675015926361084,0.2735027074813843,0.280973881483078,0.35079240798950195,0.2789209187030792,0.36625903844833374,0.23828132450580597,0.34547746181488037,0.24296176433563232,0.3050242066383362,0.25618255138397217,0.35582923889160156,0.256178081035614,0.3728756904602051
0.29149484634399414,0.5152229070663452,0.32768693566322327,0.47289925813674927,0.35743868350982666,0.3925948441028595,0.34647518396377563,0.31686028838157654,0.31022393703460693,0.2960050106048584,0.32523810863494873,0.31137773394584656,0.32536375522613525,0.2602173388004303,0.32698187232017517,0.3316766619682312,0.3248494267463684,0.34812575578689575,0.29507341980934143,0.3173176646232605,0.2944287657737732,0.27313628792762756,0.3036694824695587,0.3532543480396271,0.3017292618751526,0.3550534248352051,0.26718366146087646,0.3312034606933594,0.26338639855384827,0.2813309133052826,0.2773173451423645,0.3567759394645691,0.27773529291152954,0.36715710163116455,0.23708243668079376,0.3502122461795807,0.23972398042678833,0.3144884705543518,0.2533276677131653,0.36437126994132996,0.2553579807281494,0.37896928191185
0.2906653583049774,0.5169050097465515,0.3270628750324249,0.47892916202545166,0.358512818813324,0.4009982645511627,0.3478890061378479,0.3265421986579895,0.3107754588127136,0.30967196822166443,0.3273726999759674,0.3152868449687958,0.3293171525001526,0.26739048957824707,0.3289789855480194,0.3379914462566376,0.32580986618995667,0.35093778371810913,0.2961786091327667,0.3200972080230713,0.2967463731765747,0.27642035484313965,0.3037118911743164,0.35744452476501465,0.3013806641101837,0.3566218316555023,0.26737815141677856,0.333505779504776,0.2647879719734192,0.28680139780044556,0.2772342562675476,0.36146458983421326,0.2773526906967163,0.36807870864868164,0.23723635077476501,0.3511701226234436,0.24129930138587952,0.31937310099601746,0.2533026933670044,0.36905521154403687,0.2547819912433624,0.3805927038192749
0.29221341013908386,0.513194739818573,0.32896360754966736,0.4780274033546448,0.36089545488357544,0.3999738097190857,0.35565438866615295,0.32065415382385254,0.3206698000431061,0.2973233759403229,0.33125922083854675,0.3201739192008972,0.33727791905403137,0.26605725288391113,0.3361261487007141,0.33599942922592163,0.33057069778442383,0.35512346029281616,0.30125197768211365,0.32032811641693115,0.3055126667022705,0.2725030779838562,0.3106430172920227,0.3538679778575897,0.30566102266311646,0.35851728916168213,0.272720605134964,0.328900009393692,0.2737504541873932,0.27819815278053284,0.2844502627849579,0.3551943898200989,0.28144270181655884,0.3678886890411377,0.241736501455307,0.3426264226436615,0.24946248531341553,0.3062381148338318,0.26077255606651306,0.3581523299217224,0.259901762008667,0.37426161766052246
0.29101860523223877,0.5109778642654419,0.3329756557941437,0.4757769703865051,0.36626994609832764,0.4009711444377899,0.3635007441043854,0.3202923834323883,0.330919474363327,0.2912648916244507,0.33899474143981934,0.32535967230796814,0.3496418595314026,0.2647959589958191,0.3452306091785431,0.33560386300086975,0.3380025327205658,0.3601657748222351,0.3100707530975342,0.3204723000526428,0.3187068700790405,0.2651265859603882,0.31892839074134827,0.3481186628341675,0.31098851561546326,0.36467090249061584,0.2812613844871521,0.32389524579048157,0.28748568892478943,0.2653403878211975,0.2937711179256439,0.34796878695487976,0.2876322269439697,0.37237557768821716,0.24859718978405,0.33314311504364014,0.26095494627952576,0.2880665957927704,0.2702396512031555,0.3433606028556824,0.2672281861305237,0.3667651116847992
0.2902768850326538,0.5080769062042236,0.33332300186157227,0.47651737928390503,0.3685024082660675,0.4066214859485626,0.3694799840450287,0.32387575507164,0.3387872874736786,0.2886234521865845,0.34578779339790344,0.3303254544734955,0.3567444086074829,0.2707673907279968,0.34979939460754395,0.3388092815876007,0.3430149257183075,0.36551183462142944,0.3172115385532379,0.3199896216392517,0.326937198638916,0.2628915309906006,0.32366153597831726,0.3456484377384186,0.3165305256843567,0.36625349521636963,0.2881998121738434,0.319214791059494,0.29616594314575195,0.2604014277458191,0.2988567650318146,0.3437329828739166,0.29291832447052,0.37156379222869873,0.2552310526371002,0.3251599669456482,0.2679351568222046,0.27879759669303894,0.2751445770263672,0.33506718277931213,0.2729545831680298,0.36090967059135437
0.2885591685771942,0.5087757706642151,0.3328287601470947,0.4780227541923523,0.36858803033828735,0.409829705953598,0.37150996923446655,0.3302229940891266,0.3429795205593109,0.2913252115249634,0.34797683358192444,0.3339638113975525,0.36176520586013794,0.27458441257476807,0.35241276025772095,0.34167051315307617,0.34340524673461914,0.3700212240219116,0.3204234540462494,0.3218841254711151,0.33260345458984375,0.26414477825164795,0.32663577795028687,0.34607720375061035,0.31792739033699036,0.36918535828590393,0.2917602062225342,0.3185182809829712,0.30300748348236084,0.2589823305606842,0.30248597264289856,0.34207117557525635,0.29462170600891113,0.37149855494499207,0.2589481770992279,0.3213716447353363,0.2752968668937683,0.27368873357772827,0.2795257866382599,0.3296123445034027,0.2747989296913147,0.3562304675579071
0.2886354625225067,0.5098475813865662,0.33740025758743286,0.47975653409957886,0.37402838468551636,0.4193572998046875,0.3794974982738495,0.34225621819496155,0.3545891046524048,0.30126020312309265,0.3526269793510437,0.3386543095111847,0.36988481879234314,0.2836748957633972,0.3601299524307251,0.34694814682006836,0.34886711835861206,0.3773882985115051,0.3268338143825531,0.32296812534332275,0.3425297141075134,0.26870208978652954,0.3338712155818939,0.34799501299858093,0.3228951692581177,0.3741093873977661,0.29895418882369995,0.3166777193546295,0.31467023491859436,0.2609100043773651,0.31064149737358093,0.3405210077762604,0.30005204677581787,0.3703114092350006,0.2657577097415924,0.3177061975002289,0.2849559783935547,0.2698640525341034,0.28812822699546814,0.3236604332923889,0.28249919414520264,0.3506869673728943
0.2894826829433441,0.5054064393043518,0.3377872705459595,0.48069581389427185,0.3753788471221924,0.42080962657928467,0.3825386166572571,0.3429116904735565,0.3560035228729248,0.3038038909435272,0.3538568317890167,0.3428139388561249,0.37177932262420654,0.2901257872581482,0.3610988259315491,0.3495215177536011,0.3488726019859314,0.3815949261188507,0.3282823860645294,0.3255115747451782,0.34544551372528076,0.26963019371032715,0.33556821942329407,0.3478267788887024,0.32377663254737854,0.3781836926937103,0.3002883195877075,0.31732019782066345,0.31687766313552856,0.26098424196243286,0.3122635781764984,0.33969995379447937,0.30104532837867737,0.37263360619544983,0.26719680428504944,0.31607258319854736,0.2866067886352539,0.26683229207992554,0.29001784324645996,0.31866955757141113,0.2843366861343384,0.34655824303627014
0.29084649682044983,0.5025452971458435,0.34067779779434204,0.4816010594367981,0.37840622663497925,0.42180201411247253,0.3877882957458496,0.34309524297714233,0.3624660074710846,0.30750879645347595,0.3559088706970215,0.3469381034374237,0.37318167090415955,0.294612854719162,0.36321043968200684,0.3521064519882202,0.35212790966033936,0.38533926010131836,0.3309656083583832,0.3291551172733307,0.34750697016716003,0.27487802505493164,0.33800989389419556,0.34876471757888794,0.3263237774372101,0.37938758730888367,0.30394941568374634,0.31961363554000854,0.3203659951686859,0.2618054747581482,0.31588277220726013,0.3377632796764374,0.30484724044799805,0.3723154067993164,0.2716244161128998,0.31628909707069397,0.2911731004714966,0.2691101133823395,0.2940364480018616,0.3201533555984497,0.28808268904685974,0.3483416736125946
0.2943611443042755,0.4993271827697754,0.344637393951416,0.47647547721862793,0.38210397958755493,0.4198381304740906,0.3924039602279663,0.3446432054042816,0.3691689968109131,0.3068743646144867,0.3579363226890564,0.3497546315193176,0.37328699231147766,0.29568666219711304,0.3651154041290283,0.35023558139801025,0.35518208146095276,0.3846035599708557,0.3336023986339569,0.3326326012611389,0.34941399097442627,0.2781537175178528,0.3405308425426483,0.34882837533950806,0.3295454978942871,0.37915125489234924,0.30764254927635193,0.3222111463546753,0.3235667645931244,0.26466265320777893,0.3186373710632324,0.33856382966041565,0.30812668800354004,0.3745582401752472,0.2768387794494629,0.31780144572257996,0.29525184631347656,0.26824480295181274,0.29784703254699707,0.3174055814743042,0.29263317584991455,0.34874019026756287
0.2954750955104828,0.5006457567214966,0.3466483950614929,0.4731261730194092,0.3824751675128937,0.4171062409877777,0.393619567155838,0.342317134141922,0.37289202213287354,0.30040571093559265,0.3572721779346466,0.3542283773422241,0.36999639868736267,0.3018065094947815,0.36180487275123596,0.355069100856781,0.3519682288169861,0.3898831903934479,0.3345159888267517,0.3353568911552429,0.3496636152267456,0.28165721893310547,0.3401494026184082,0.353091299533844,0.3300648033618927,0.3839404881000519,0.3096325099468231,0.3238423466682434,0.3250346779823303,0.2678135633468628,0.3190493583679199,0.3419336676597595,0.3087438642978668,0.3773949146270752,0.2792857885360718,0.31913089752197266,0.2970805764198303,0.2680302858352661,0.29876509308815,0.31710535287857056,0.29354044795036316,0.3488622009754181
0.2969908118247986,0.4950101375579834,0.34816792607307434,0.46956223249435425,0.3824511468410492,0.41382044553756714,0.3923601508140564,0.34097856283187866,0.37207040190696716,0.30118581652641296,0.35356590151786804,0.3544183671474457,0.3639194965362549,0.29954540729522705,0.3594532310962677,0.350075364112854,0.3511413633823395,0.3867708146572113,0.33037450909614563,0.3389538824558258,0.34404003620147705,0.2823912501335144,0.3381115794181824,0.35011178255081177,0.328369140625,0.38238629698753357,0.3057616651058197,0.32865163683891296,0.320420503616333,0.27121293544769287,0.3173927962779999,0.34240594506263733,0.30772727727890015,0.37890905141830444,0.2761782109737396,0.3236067295074463,0.29363927245140076,0.27271518111228943,0.29669880867004395,0.31978458166122437,0.29169410467147827,0.351944237947464
0.2972390651702881,0.494265615940094,0.34684279561042786,0.46583759784698486,0.3802589476108551,0.4065113663673401,0.38758304715156555,0.33325839042663574,0.3653808534145355,0.2957574427127838,0.35174036026000977,0.343279093503952,0.3643612861633301,0.28878867626190186,0.3600386679172516,0.3434317708015442,0.35108622908592224,0.38129723072052,0.3273876905441284,0.33059149980545044,0.341529905796051,0.27465322613716125,0.33668792247772217,0.34735387563705444,0.32672661542892456,0.3815310001373291,0.30138200521469116,0.3247823119163513,0.3157106935977936,0.26837781071662903,0.31449267268180847,0.3425295650959015,0.30491015315055847,0.37865594029426575,0.2701757252216339,0.32514554262161255,0.28623145818710327,0.2724800407886505,0.2922857105731964,0.320639431476593,0.2891642451286316,0.3525203764438629
0.2957201302051544,0.49631398916244507,0.34525245428085327,0.46475479006767273,0.37665224075317383,0.40058207511901855,0.3840402364730835,0.32642602920532227,0.3612997531890869,0.2921280562877655,0.3462563455104828,0.3369067907333374,0.35748758912086487,0.28403204679489136,0.3554691672325134,0.3413375914096832,0.34646302461624146,0.37818944454193115,0.32207345962524414,0.32665178179740906,0.33439671993255615,0.2708451449871063,0.33340707421302795,0.3469257652759552,0.3234677016735077,0.37885966897010803,0.2962605357170105,0.32301679253578186,0.3090307116508484,0.26635611057281494,0.31174933910369873,0.34362077713012695,0.30222269892692566,0.3784337341785431,0.26467692852020264,0.3253326117992401,0.281232625246048,0.2734651565551758,0.288766086101532,0.3238232731819153,0.284565806388855,0.35477501153945923
0.2962184250354767,0.49438440799713135,0.34445056319236755,0.4606137275695801,0.37424421310424805,0.39404812455177307,0.3790018856525421,0.31939810514450073,0.3550567626953125,0.28481724858283997,0.34234619140625,0.32961416244506836,0.35442042350769043,0.27937424182891846,0.3525139093399048,0.3362455368041992,0.3434993624687195,0.3725353181362152,0.3181702494621277,0.3201825022697449,0.33050206303596497,0.265403151512146,0.32989028096199036,0.34397968649864197,0.32049500942230225,0.3776465952396393,0.29230183362960815,0.3190819025039673,0.30449730157852173,0.26275691390037537,0.3080783188343048,0.3422582447528839,0.29925286769866943,0.37828296422958374,0.26035693287849426,0.3248838782310486,0.2759263217449188,0.27492526173591614,0.28445324301719666,0.3278683125972748,0.2811650037765503,0.35873737931251526
0.28880488872528076,0.49610573053359985,0.3355952501296997,0.46259066462516785,0.3670116662979126,0.3877447545528412,0.36628395318984985,0.3087862730026245,0.3372476398944855,0.27910083532333374,0.33717501163482666,0.3218069076538086,0.3452720642089844,0.26875466108322144,0.34239107370376587,0.3292647898197174,0.3361782729625702,0.36271733045578003,0.3095478415489197,0.3140193819999695,0.3185913860797882,0.2577383518218994,0.31955811381340027,0.33906644582748413,0.31286299228668213,0.3709942102432251,0.2821604311466217,0.3156103193759918,0.2898178696632385,0.2587900757789612,0.29589739441871643,0.33941492438316345,0.2901439666748047,0.3730795681476593,0.25035709142684937,0.324972540140152,0.2626952528953552,0.27484214305877686,0.27230745553970337,0.32853963971138,0.27028924226760864,0.35648682713508606
0.28785020112991333,0.5039314031600952,0.3323703110218048,0.4666069447994232,0.3626624643802643,0.391714870929718,0.362358033657074,0.31122711300849915,0.33234891295433044,0.2822384834289551,0.33362266421318054,0.32076194882392883,0.34304073452949524,0.26035603880882263,0.3408717215061188,0.32403433322906494,0.3340119421482086,0.3591388761997223,0.30540791153907776,0.3144192695617676,0.31386086344718933,0.2545219659805298,0.3155035674571991,0.33563804626464844,0.30841749906539917,0.36749526858329773,0.2766207456588745,0.317466676235199,0.28385820984840393,0.25607720017433167,0.2914428114891052,0.3369416296482086,0.28620216250419617,0.3725200295448303,0.2436286211013794,0.32852911949157715,0.25574374198913574,0.276694655418396,0.2676514983177185,0.3299558758735657,0.26718199253082275,0.35974785685539246
0.2846810519695282,0.5082321166992188,0.32848358154296875,0.47408515214920044,0.3613937497138977,0.3959813416004181,0.3599722385406494,0.312717080116272,0.3267122507095337,0.28702637553215027,0.3317500054836273,0.3206261694431305,0.34034210443496704,0.2615741491317749,0.33784183859825134,0.3326544165611267,0.3322281241416931,0.3598060607910156,0.3031795024871826,0.3158147931098938,0.3110975921154022,0.25741320848464966,0.31267252564430237,0.34200385212898254,0.30540913343429565,0.36463284492492676,0.27454838156700134,0.31908679008483887,0.28101402521133423,0.2573184669017792,0.2882724106311798,0.3418782353401184,0.28278303146362305,0.3719758093357086,0.24204230308532715,0.328316867351532,0.25265926122665405,0.2781653106212616,0.2638050615787506,0.3338536024093628,0.26326242089271545,0.36159148812294006
0.28440389037132263,0.508952796459198,0.3265874981880188,0.4767536222934723,0.3600025773048401,0.39789971709251404,0.3572022020816803,0.31552496552467346,0.32400715351104736,0.29163673520088196,0.3310646712779999,0.31773820519447327,0.3393110930919647,0.25599241256713867,0.33670854568481445,0.33007749915122986,0.3304860591888428,0.35536545515060425,0.30182063579559326,0.3140752911567688,0.30886149406433105,0.2582021951675415,0.310896098613739,0.34337347745895386,0.3035333454608917,0.360595166683197,0.272665798664093,0.31846868991851807,0.27760156989097595,0.2571524977684021,0.28555649518966675,0.3414134085178375,0.28033605217933655,0.36761337518692017,0.2399713546037674,0.3285527229309082,0.24997884035110474,0.27928346395492554,0.26087719202041626,0.33448952436447144,0.2601959705352783,0.36029964685440063
0.28399714827537537,0.5122031569480896,0.3255523443222046,0.4751179814338684,0.35793444514274597,0.39715054631233215,0.35710394382476807,0.3151651620864868,0.32408010959625244,0.2883550524711609,0.32939136028289795,0.31699299812316895,0.33812105655670166,0.255362331867218,0.3356890380382538,0.32821863889694214,0.329196959733963,0.35286569595336914,0.3006584048271179,0.3133583962917328,0.3079192042350769,0.25725290179252625,0.3102774918079376,0.34062686562538147,0.3030986785888672,0.356658399105072,0.2716640532016754,0.3181062936782837,0.27648651599884033,0.2568973898887634,0.284901887178421,0.3396819233894348,0.2798272967338562,0.3653033375740051,0.23903392255306244,0.32894131541252136,0.24878887832164764,0.28032201528549194,0.26022768020629883,0.3346235156059265,0.2597188651561737,0.3603356182575226
0.28307321667671204,0.5109426975250244,0.3245890736579895,0.47414475679397583,0.35746121406555176,0.3982856869697571,0.35621318221092224,0.31556084752082825,0.3235801160335541,0.28715476393699646,0.32715436816215515,0.314630925655365,0.3360707759857178,0.2534516751766205,0.33400076627731323,0.32657763361930847,0.327623188495636,0.3513519763946533,0.2984054982662201,0.3113973140716553,0.30560991168022156,0.2560010552406311,0.30843687057495117,0.34065040946006775,0.301557332277298,0.35471248626708984,0.26972171664237976,0.3164905607700348,0.2742743492126465,0.2552334666252136,0.28289419412612915,0.338611900806427,0.2779162526130676,0.3628227710723877,0.23704573512077332,0.3276017904281616,0.24596619606018066,0.27976149320602417,0.2577546536922455,0.334138959646225,0.2577202320098877,0.35892486572265625
0.2828079164028168,0.5107125043869019,0.324108749628067,0.4737977087497711,0.3569546341896057,0.39815622568130493,0.35590189695358276,0.3160126805305481,0.32291001081466675,0.28800833225250244,0.32693806290626526,0.31482991576194763,0.3366648554801941,0.253705769777298,0.334303081035614,0.3264350891113281,0.32741427421569824,0.35066384077072144,0.29804515838623047,0.3113497793674469,0.306033730506897,0.25498220324516296,0.3085210621356964,0.3398195505142212,0.30124858021736145,0.3538462817668915,0.2690858840942383,0.31670236587524414,0.2746494710445404,0.255827933549881,0.2831474244594574,0.33875614404678345,0.27757418155670166,0.362628310918808,0.23617427051067352,0.32820606231689453,0.24584263563156128,0.27846115827560425,0.2578081786632538,0.3318488597869873,0.2575588524341583,0.3569777011871338
0.2848356366157532,0.5108762383460999,0.3263794183731079,0.4720984995365143,0.3585008978843689,0.39764177799224854,0.3595733642578125,0.3163228929042816,0.3272973895072937,0.2869536578655243,0.32860472798347473,0.31658247113227844,0.33905941247940063,0.254565954208374,0.3372618556022644,0.3277762532234192,0.3304041028022766,0.35301291942596436,0.3006858229637146,0.31283608078956604,0.3089424669742584,0.25511133670806885,0.3114478886127472,0.3397045433521271,0.3041929006576538,0.35527464747428894,0.2723310887813568,0.3177841603755951,0.27827346324920654,0.25623026490211487,0.2860448956489563,0.33866995573043823,0.2802937626838684,0.36328983306884766,0.23985278606414795,0.32904136180877686,0.2501429319381714,0.27917420864105225,0.26111212372779846,0.33243393898010254,0.26014795899391174,0.3585875630378723
0.288291335105896,0.5087713599205017,0.33178332448005676,0.47020500898361206,0.3632332980632782,0.39521753787994385,0.36592260003089905,0.31574907898902893,0.33705586194992065,0.2834334671497345,0.33569976687431335,0.31767958402633667,0.34535422921180725,0.25818461179733276,0.3429085910320282,0.3287504315376282,0.3362697958946228,0.35671019554138184,0.3078823685646057,0.3125860393047333,0.31652799248695374,0.2572677731513977,0.31780603528022766,0.34070679545402527,0.31060492992401123,0.3605402112007141,0.2789978086948395,0.3165532946586609,0.28728342056274414,0.25772354006767273,0.29342925548553467,0.3402002453804016,0.28712204098701477,0.36715972423553467,0.24593254923820496,0.32752880454063416,0.2592989206314087,0.2786679267883301,0.26923251152038574,0.3329692780971527,0.26707497239112854,0.35970059037208557
0.2966541051864624,0.504980742931366,0.34566569328308105,0.46149107813835144,0.3747502267360687,0.39507198333740234,0.3808717727661133,0.31936126947402954,0.35757002234458923,0.28147614002227783,0.34486374258995056,0.32891538739204407,0.35531577467918396,0.2751333713531494,0.35373303294181824,0.33519795536994934,0.3440115451812744,0.37072721123695374,0.31976670026779175,0.32106640934944153,0.33032605051994324,0.26430344581604004,0.33120131492614746,0.34264856576919556,0.32111459970474243,0.374205619096756,0.29256680607795715,0.32139426469802856,0.3031381666660309,0.2627592086791992,0.3086104094982147,0.34126460552215576,0.2999579906463623,0.3758978247642517,0.2597575783729553,0.32960453629493713,0.27522438764572144,0.2765182554721832,0.2852815091609955,0.32850193977355957,0.2822141647338867,0.3599742650985718
0.2983757555484772,0.4983983635902405,0.34820881485939026,0.4644736051559448,0.37871253490448,0.3973672091960907,0.38388437032699585,0.3198402225971222,0.3608567714691162,0.28380805253982544,0.34734654426574707,0.33559074997901917,0.3569914400577545,0.27953240275382996,0.35540348291397095,0.33658602833747864,0.34690722823143005,0.37371864914894104,0.32206809520721436,0.327395498752594,0.33303239941596985,0.26882466673851013,0.3333709239959717,0.34446772933006287,0.32362642884254456,0.37792280316352844,0.2960376739501953,0.32571569085121155,0.3070905804634094,0.2652606964111328,0.3116219639778137,0.3431294560432434,0.3032812476158142,0.38072511553764343,0.26455941796302795,0.3298150897026062,0.27964913845062256,0.2778138220310211,0.28877025842666626,0.3305110037326813,0.28601542115211487,0.36399218440055847
0.30123013257980347,0.4992596507072449,0.35109207034111023,0.4664773941040039,0.38438498973846436,0.40326857566833496,0.389986515045166,0.3261646628379822,0.3672259449958801,0.2896180748939514,0.35255181789398193,0.3420456647872925,0.36356237530708313,0.28983229398727417,0.3614283502101898,0.34350672364234924,0.35334840416908264,0.37826424837112427,0.32780274748802185,0.3325188159942627,0.34053200483322144,0.2743869721889496,0.33919772505760193,0.3476960062980652,0.3298704922199249,0.38106444478034973,0.30221131443977356,0.32903534173965454,0.31522291898727417,0.2688780128955841,0.3175959587097168,0.3455060124397278,0.30903324484825134,0.38384729623794556,0.2708408236503601,0.33190953731536865,0.28643590211868286,0.2808501720428467,0.29451844096183777,0.33270809054374695,0.2922675311565399,0.36681893467903137
0.30047690868377686,0.49428099393844604,0.3496684432029724,0.4646409749984741,0.381901353597641,0.403568297624588,0.38876673579216003,0.32937008142471313,0.3673030436038971,0.2959851622581482,0.350813627243042,0.3404306471347809,0.3614159822463989,0.28989019989967346,0.3583914041519165,0.34192290902137756,0.3500717282295227,0.37818560004234314,0.3256318271160126,0.33117401599884033,0.33833128213882446,0.27454236149787903,0.3366844058036804,0.34791457653045654,0.3281516432762146,0.3825526833534241,0.29975560307502747,0.32849693298339844,0.31226053833961487,0.2705983519554138,0.31476351618766785,0.3460063636302948,0.30705147981643677,0.3838369846343994,0.26842379570007324,0.33236950635910034,0.28325825929641724,0.2808242440223694,0.29144635796546936,0.3313271701335907,0.29003676772117615,0.36431562900543213
0.29558703303337097,0.501012921333313,0.34421148896217346,0.4653499722480774,0.3763446807861328,0.4018985629081726,0.383791983127594,0.3269922435283661,0.36084651947021484,0.2904934883117676,0.34480610489845276,0.33957794308662415,0.354602187871933,0.2854684889316559,0.3533080220222473,0.33998212218284607,0.34548014402389526,0.3772122859954834,0.3202148377895355,0.3301781415939331,0.33216339349746704,0.2727292478084564,0.3317016363143921,0.3475741147994995,0.32299208641052246,0.38116952776908875,0.294025719165802,0.3277306854724884,0.30591073632240295,0.2691982686519623,0.3094039559364319,0.34650859236717224,0.30168408155441284,0.3847023546695709,0.2625002861022949,0.3325330317020416,0.277408242225647,0.2810487747192383,0.2863142490386963,0.3332388997077942,0.2844094932079315,0.36779218912124634
0.29344964027404785,0.4971867799758911,0.3424438238143921,0.46758022904396057,0.3755655288696289,0.40253183245658875,0.38203710317611694,0.32481276988983154,0.3579311668872833,0.29061591625213623,0.3435463607311249,0.3402336537837982,0.35296201705932617,0.2856394648551941,0.3511071801185608,0.3441002368927002,0.3441513180732727,0.37780818343162537,0.3181626498699188,0.332339882850647,0.32964298129081726,0.27685797214508057,0.329529732465744,0.3547048270702362,0.3212880492210388,0.38313955068588257,0.2923240065574646,0.33053719997406006,0.30385565757751465,0.2739025354385376,0.3073977828025818,0.3536287546157837,0.2996388077735901,0.387785941362381,0.26137402653694153,0.33426913619041443,0.27625468373298645,0.2852909564971924,0.284103661775589,0.33959874510765076,0.2812543511390686,0.3719159662723541
0.294180303812027,0.4981215000152588,0.34203189611434937,0.4669169783592224,0.37590181827545166,0.4051043391227722,0.3804739713668823,0.32678350806236267,0.35575807094573975,0.29193201661109924,0.341840922832489,0.33993038535118103,0.351578027009964,0.2901149392127991,0.35159918665885925,0.34718960523605347,0.34553781151771545,0.3788251578807831,0.3159940540790558,0.33268943428993225,0.32761943340301514,0.28088369965553284,0.32924193143844604,0.35879841446876526,0.32091018557548523,0.3854580819606781,0.2901480793952942,0.3331032991409302,0.30121907591819763,0.2810589671134949,0.3063683807849884,0.3601739704608917,0.2981279492378235,0.3915533125400543,0.2585967183113098,0.3403996229171753,0.27410414814949036,0.29520440101623535,0.28282806277275085,0.3496219217777252,0.27859944105148315,0.3785213530063629
0.2942732870578766,0.49900245666503906,0.3419591784477234,0.4744769334793091,0.3775791823863983,0.4086691737174988,0.3811801075935364,0.32713761925697327,0.3545997142791748,0.292510449886322,0.34376126527786255,0.3421851098537445,0.3527749180793762,0.2913781404495239,0.35393157601356506,0.34977567195892334,0.34814000129699707,0.37677308917045593,0.31672805547714233,0.33631372451782227,0.3272910416126251,0.2843530774116516,0.3305443823337555,0.3638513684272766,0.3217219412326813,0.38411271572113037,0.29050591588020325,0.3380741477012634,0.3005545735359192,0.28832894563674927,0.30685049295425415,0.3665696978569031,0.2977920174598694,0.38926005363464355,0.2590990662574768,0.34661394357681274,0.2742052376270294,0.3041076958179474,0.2828700840473175,0.3568173944950104,0.2775208353996277,0.37928450107574463
0.2960246205329895,0.5023227334022522,0.3400188088417053,0.4847377836704254,0.37765589356422424,0.41332265734672546,0.38102954626083374,0.33025380969047546,0.35175058245658875,0.30000805854797363,0.3429969549179077,0.34258362650871277,0.3524335026741028,0.2930834889411926,0.35340234637260437,0.3548404276371002,0.34796446561813354,0.37584272027015686,0.31497722864151,0.33966630697250366,0.326056569814682,0.29101264476776123,0.3298247456550598,0.37185904383659363,0.3214971423149109,0.38263189792633057,0.28872764110565186,0.34296587109565735,0.298507958650589,0.29388877749443054,0.3056926131248474,0.37218543887138367,0.2971709668636322,0.3885287344455719,0.2583223581314087,0.3492439389228821,0.2729838490486145,0.312818706035614,0.28142449259757996,0.3656492829322815,0.27559027075767517,0.3831808567047119
0.29401499032974243,0.5100189447402954,0.33571773767471313,0.48114705085754395,0.3744421601295471,0.4143315851688385,0.3759031295776367,0.3366754949092865,0.3449268937110901,0.308755099773407,0.340319961309433,0.34010180830955505,0.3510975241661072,0.29048213362693787,0.350485622882843,0.3549399971961975,0.34337133169174194,0.368649423122406,0.31129005551338196,0.33822599053382874,0.3220300078392029,0.2947700023651123,0.32557517290115356,0.37488630414009094,0.3179391622543335,0.37474483251571655,0.28440314531326294,0.3439348638057709,0.2929617762565613,0.2973155975341797,0.30031949281692505,0.37296491861343384,0.2926866114139557,0.3802948594093323,0.254473477602005,0.3527411222457886,0.2684825658798218,0.3224050998687744,0.2767525613307953,0.371513694524765,0.27044564485549927,0.3821069300174713
0.29656094312667847,0.5159131288528442,0.3367449939250946,0.4868409037590027,0.3753525912761688,0.4184645712375641,0.37561362981796265,0.34088993072509766,0.3442784249782562,0.31332725286483765,0.3405904471874237,0.3405666947364807,0.35314011573791504,0.2925195097923279,0.35122331976890564,0.35800719261169434,0.3427056670188904,0.3669404089450836,0.31104278564453125,0.3398917019367218,0.3237382471561432,0.2979046702384949,0.32602086663246155,0.37871548533439636,0.3180340826511383,0.3737558424472809,0.28373512625694275,0.3461165428161621,0.29437965154647827,0.3043513894081116,0.30061981081962585,0.37931737303733826,0.29266294836997986,0.38127458095550537,0.25346702337265015,0.35466310381889343,0.269197016954422,0.32660695910453796,0.27675023674964905,0.37680235505104065,0.2696472704410553,0.38642293214797974
0.2954106032848358,0.5149446725845337,0.33720311522483826,0.49123406410217285,0.375743567943573,0.4188767671585083,0.37591204047203064,0.3410830497741699,0.34270167350769043,0.3211153447628021,0.344195693731308,0.343392550945282,0.3559422194957733,0.2949179708957672,0.3529006540775299,0.36142876744270325,0.3447722792625427,0.37236276268959045,0.3136906921863556,0.34240609407424927,0.3245506286621094,0.299102783203125,0.326353520154953,0.3807213008403778,0.3186911642551422,0.37859973311424255,0.2855999767780304,0.3484940528869629,0.29503726959228516,0.30522018671035767,0.30129432678222656,0.3802695870399475,0.29360726475715637,0.38377994298934937,0.2552569508552551,0.35605165362358093,0.26977643370628357,0.32903558015823364,0.2773894667625427,0.3792761564254761,0.2706207036972046,0.38795599341392517
0.2984592914581299,0.5163657665252686,0.3403545320034027,0.48795461654663086,0.37871551513671875,0.4187067747116089,0.3784826099872589,0.3427852392196655,0.34544792771339417,0.3235224783420563,0.3465750217437744,0.3464961349964142,0.3573000431060791,0.2952711582183838,0.3550032675266266,0.36049067974090576,0.3475727140903473,0.3730364143848419,0.31690260767936707,0.3443903923034668,0.3263437747955322,0.30002352595329285,0.3284739851951599,0.379594087600708,0.3213598430156708,0.37897011637687683,0.28895384073257446,0.35018977522850037,0.29724839329719543,0.3046025335788727,0.303611159324646,0.3789359927177429,0.2967947721481323,0.3843751549720764,0.2582091987133026,0.35843080282211304,0.27203699946403503,0.32975515723228455,0.27971524000167847,0.3788640797138214,0.27376362681388855,0.3885113298892975
0.2974185049533844,0.5164443254470825,0.3407387137413025,0.48845791816711426,0.37823355197906494,0.4208661913871765,0.3792949914932251,0.3441145718097687,0.34782642126083374,0.3225541114807129,0.3469676375389099,0.3473100960254669,0.35746023058891296,0.2954186499118805,0.3554638624191284,0.3622380793094635,0.34845539927482605,0.3770556151866913,0.31787222623825073,0.3454206585884094,0.3268951177597046,0.2994730472564697,0.329267680644989,0.3798624873161316,0.3221185803413391,0.38306692242622375,0.2901892364025116,0.35056188702583313,0.29820966720581055,0.3028922975063324,0.3047504723072052,0.37868788838386536,0.29812192916870117,0.3878099024295807,0.25974926352500916,0.35865724086761475,0.2736872732639313,0.3268060088157654,0.2813839316368103,0.3765293061733246,0.2753659784793854,0.3889290690422058
0.29581817984580994,0.518363356590271,0.3391835689544678,0.49054086208343506,0.3777911961078644,0.42321598529815674,0.3802449405193329,0.347572386264801,0.3492662012577057,0.3270384967327118,0.34577667713165283,0.34720832109451294,0.35921400785446167,0.2985861897468567,0.35558974742889404,0.3648437261581421,0.34701794385910034,0.3772815465927124,0.31686660647392273,0.345039427280426,0.3290945589542389,0.30105942487716675,0.32986146211624146,0.38154417276382446,0.3213290572166443,0.3843854069709778,0.2894449532032013,0.34955114126205444,0.3001706600189209,0.30269163846969604,0.3053240180015564,0.3793178200721741,0.29708364605903625,0.3884334862232208,0.25918352603912354,0.35733672976493835,0.2754310965538025,0.3256075978279114,0.2824355661869049,0.3761645257472992,0.275347501039505,0.3884037733078003
0.29779526591300964,0.5188698768615723,0.34219974279403687,0.49057507514953613,0.3811943531036377,0.43341824412345886,0.38706934452056885,0.3605940043926239,0.3592306673526764,0.331996351480484,0.3462592661380768,0.34977006912231445,0.36493170261383057,0.30971819162368774,0.35959991812705994,0.3732116222381592,0.34996098279953003,0.38224971294403076,0.31923219561576843,0.3445453345775604,0.33884766697883606,0.3072800636291504,0.33562466502189636,0.3852872848510742,0.32477617263793945,0.38652631640434265,0.2931154668331146,0.3457609713077545,0.31123462319374084,0.3041861653327942,0.3120097517967224,0.380522221326828,0.3003552556037903,0.38961854577064514,0.2634190320968628,0.35078150033950806,0.28735581040382385,0.3211432099342346,0.2908429801464081,0.37428927421569824,0.2799891233444214,0.3884894549846649
0.2992124855518341,0.5215710401535034,0.34429508447647095,0.49167436361312866,0.382710337638855,0.4381324052810669,0.3937249779701233,0.37278515100479126,0.3684103786945343,0.3432387113571167,0.34781280159950256,0.35623612999916077,0.36963945627212524,0.3176841139793396,0.36410707235336304,0.3809703290462494,0.35344791412353516,0.39109736680984497,0.32254940271377563,0.34933212399482727,0.3467101752758026,0.3128467798233032,0.34120070934295654,0.3918358385562897,0.3278099596500397,0.3945772349834442,0.2970096170902252,0.34759387373924255,0.3211522698402405,0.3091944456100464,0.31892842054367065,0.3849644660949707,0.30406907200813293,0.3936045169830322,0.2681068778038025,0.3488962650299072,0.2982743978500366,0.32223302125930786,0.29891127347946167,0.37497034668922424,0.2842079997062683,0.38849741220474243
0.3017122745513916,0.5215938091278076,0.347601979970932,0.4923965334892273,0.3814259171485901,0.4413883090019226,0.3945436477661133,0.38058939576148987,0.3727531433105469,0.3498188555240631,0.3475632071495056,0.3603645861148834,0.3721964359283447,0.32484009861946106,0.3658381998538971,0.3859332203865051,0.3530683219432831,0.39626646041870117,0.32452526688575745,0.35485270619392395,0.351931631565094,0.31986740231513977,0.3453945219516754,0.3964371979236603,0.32984885573387146,0.4009060561656952,0.3008738160133362,0.3524126410484314,0.3287070393562317,0.3144846558570862,0.32492944598197937,0.38937872648239136,0.3077835738658905,0.3987005949020386,0.27366018295288086,0.3524182438850403,0.30621811747550964,0.3263518810272217,0.3061622977256775,0.3780083954334259,0.29007381200790405,0.39175036549568176
0.30257514119148254,0.5229041576385498,0.3474804162979126,0.49220094084739685,0.38226863741874695,0.44095420837402344,0.3956611156463623,0.3797232210636139,0.37320852279663086,0.3486095070838928,0.34856829047203064,0.36009854078292847,0.37301406264305115,0.3231445550918579,0.367013543844223,0.3851763606071472,0.3541503846645355,0.3955131769180298,0.3256657123565674,0.3544124662876129,0.35244637727737427,0.318725049495697,0.3463594317436218,0.3958701193332672,0.3309207558631897,0.3998127579689026,0.3021104335784912,0.35272112488746643,0.3290472626686096,0.3141019642353058,0.32573771476745605,0.3883422613143921,0.3087054193019867,0.3969867527484894,0.27480292320251465,0.353496253490448,0.3062995672225952,0.3259504437446594,0.306627094745636,0.376720666885376,0.2907675504684448,0.39036792516708374
0.30266156792640686,0.5218790769577026,0.34898388385772705,0.4901282787322998,0.38220158219337463,0.4397737681865692,0.3950532376766205,0.3784943222999573,0.37297800183296204,0.34608468413352966,0.3486834764480591,0.3610054552555084,0.3727344572544098,0.3209368884563446,0.3672206699848175,0.3830421268939972,0.35470688343048096,0.3960145115852356,0.32653486728668213,0.35536637902259827,0.352940171957016,0.3159671425819397,0.3468781113624573,0.39323535561561584,0.33121445775032043,0.3994133174419403,0.30319780111312866,0.3528905510902405,0.32984527945518494,0.31126895546913147,0.3263232111930847,0.38609373569488525,0.3093375563621521,0.3964287340641022,0.27564144134521484,0.3525417745113373,0.3067533075809479,0.32299381494522095,0.30734923481941223,0.3738980293273926,0.2918901741504669,0.38880810141563416
0.3039921820163727,0.5178346633911133,0.35080352425575256,0.4861750304698944,0.38431084156036377,0.4325360059738159,0.3933483362197876,0.3668627440929413,0.37011709809303284,0.3319760262966156,0.3476538360118866,0.35897207260131836,0.367329478263855,0.3134847581386566,0.365640252828598,0.37534865736961365,0.35500168800354004,0.39334994554519653,0.32460111379623413,0.3531557321548462,0.34726598858833313,0.3074917197227478,0.34447020292282104,0.38627108931541443,0.32927122712135315,0.3974592685699463,0.3004249036312103,0.35121095180511475,0.3237527012825012,0.3055804967880249,0.3228920102119446,0.38231825828552246,0.3067740797996521,0.39753422141075134,0.27082422375679016,0.3530299961566925,0.2991683781147003,0.31728702783584595,0.30225512385368347,0.36827388405799866,0.2886675000190735,0.38685426115989685
0.2986568212509155,0.500335693359375,0.3437481224536896,0.4811423420906067,0.3779073655605316,0.407748818397522,0.3760247230529785,0.326812744140625,0.34508293867111206,0.3022371828556061,0.34511807560920715,0.3453313112258911,0.353363960981369,0.29324251413345337,0.3532310426235199,0.3529903292655945,0.34780603647232056,0.38367611169815063,0.31820154190063477,0.34083086252212524,0.327793687582016,0.29071044921875,0.33064886927604675,0.37010735273361206,0.3223222494125366,0.3942836821079254,0.29302912950515747,0.3427199125289917,0.30113571882247925,0.2921803593635559,0.30792880058288574,0.3708423376083374,0.30033063888549805,0.39826783537864685,0.263057678937912,0.34870028495788574,0.2757284641265869,0.30750831961631775,0.2848121225833893,0.36125648021698,0.2813577950000763,0.3859698176383972
0.29288187623023987,0.5075984001159668,0.33554786443710327,0.474827378988266,0.3641245365142822,0.40097224712371826,0.35749101638793945,0.3200548589229584,0.32484951615333557,0.29189449548721313,0.3419475555419922,0.3393672704696655,0.34760743379592896,0.2820054590702057,0.3424486517906189,0.34124088287353516,0.3375307619571686,0.37158751487731934,0.3144073784351349,0.33373796939849854,0.3186603784561157,0.27825260162353516,0.31953904032707214,0.35633203387260437,0.31527265906333923,0.38665449619293213,0.28789106011390686,0.33708253502845764,0.2900826930999756,0.2781503200531006,0.2969752550125122,0.3564346432685852,0.2944886386394501,0.39158758521080017,0.2582399547100067,0.3472709059715271,0.26561838388442993,0.30196988582611084,0.2750694155693054,0.35429608821868896,0.2748904824256897,0.3821604549884796
0.28922244906425476,0.5108977556228638,0.32728785276412964,0.46164628863334656,0.3482198119163513,0.3846645653247833,0.33249711990356445,0.3147418200969696,0.29926586151123047,0.29661083221435547,0.3344495892524719,0.3302476704120636,0.33766067028045654,0.2639887034893036,0.3315025866031647,0.3213284909725189,0.3278838098049164,0.3533095121383667,0.3058305084705353,0.3292336165904999,0.30738213658332825,0.2647826671600342,0.3071392774581909,0.3372747302055359,0.30439823865890503,0.37117159366607666,0.27818140387535095,0.33645689487457275,0.276015043258667,0.27390095591545105,0.2838306427001953,0.34724101424217224,0.2839265465736389,0.3860735595226288,0.248739093542099,0.35098281502723694,0.25233393907546997,0.30137255787849426,0.2619130611419678,0.34735220670700073,0.2630750238895416,0.37684205174446106
0.2829398512840271,0.5111390948295593,0.3212420642375946,0.4648497402667999,0.3400447368621826,0.3794080317020416,0.32231926918029785,0.3056873381137848,0.2883147597312927,0.2909344434738159,0.32659977674484253,0.3281419277191162,0.3292916715145111,0.25862669944763184,0.3253937363624573,0.317036896944046,0.32402634620666504,0.3476831912994385,0.2977467179298401,0.32864493131637573,0.29938727617263794,0.25732433795928955,0.30012834072113037,0.33165881037712097,0.2985508143901825,0.36702224612236023,0.27000242471694946,0.3360654413700104,0.2666102647781372,0.2712627053260803,0.2752848267555237,0.3458629250526428,0.2765602171421051,0.38469046354293823,0.24054323136806488,0.34922006726264954,0.24358110129833221,0.2999001741409302,0.2528490722179413,0.34702029824256897,0.25429072976112366,0.3763110935688019
0.2788325846195221,0.5162507891654968,0.31443825364112854,0.4605814814567566,0.33321595191955566,0.376903235912323,0.3147833049297333,0.3041987419128418,0.2796083986759186,0.29081323742866516,0.31639325618743896,0.3216593861579895,0.3176405727863312,0.2516947388648987,0.3160397410392761,0.3144088089466095,0.3148737847805023,0.34453508257865906,0.2877671718597412,0.3240669369697571,0.28832533955574036,0.255477637052536,0.2921870946884155,0.3315809369087219,0.2907070517539978,0.36334228515625,0.26033198833465576,0.33455151319503784,0.25634562969207764,0.2681286931037903,0.2678605616092682,0.34377118945121765,0.2692408859729767,0.3822271525859833,0.23098663985729218,0.35166090726852417,0.2336822748184204,0.2996360659599304,0.24550530314445496,0.346275269985199,0.24757689237594604,0.3759663701057434
0.2797985374927521,0.5190137624740601,0.31557923555374146,0.4611751437187195,0.3350584805011749,0.37848684191703796,0.3167518973350525,0.3057819604873657,0.2812305688858032,0.29980382323265076,0.3161585330963135,0.3206269145011902,0.3173438012599945,0.2532428205013275,0.3149084150791168,0.3176685571670532,0.3134373724460602,0.3463346064090729,0.28738218545913696,0.323923259973526,0.2872612476348877,0.2582544684410095,0.2910988926887512,0.3355351984500885,0.29005560278892517,0.36524489521980286,0.26000168919563293,0.3352903723716736,0.25566357374191284,0.27007484436035156,0.26775431632995605,0.3454228341579437,0.26986780762672424,0.38330456614494324,0.23070231080055237,0.35390639305114746,0.23236066102981567,0.30093154311180115,0.2456369549036026,0.346360981464386,0.2490733414888382,0.37583309412002563
0.28177008032798767,0.5178158283233643,0.3169260323047638,0.46334779262542725,0.3384496569633484,0.3810034990310669,0.32252776622772217,0.3083745539188385,0.28671324253082275,0.29946368932724,0.31907689571380615,0.32019269466400146,0.32279855012893677,0.2545727789402008,0.3212296664714813,0.31873443722724915,0.3187212347984314,0.3498879671096802,0.2903476655483246,0.32308831810951233,0.2917936146259308,0.2569296360015869,0.2952090799808502,0.3338702917098999,0.2934475243091583,0.36575233936309814,0.2626444697380066,0.3342972993850708,0.2606951594352722,0.270055890083313,0.27180930972099304,0.34658995270729065,0.27317458391189575,0.38509297370910645,0.23287619650363922,0.35228589177131653,0.2364448457956314,0.3009549677371979,0.24908554553985596,0.3488987386226654,0.2518291771411896,0.3792123794555664
0.2828872799873352,0.518532395362854,0.31924304366111755,0.465323269367218,0.3429078459739685,0.38380932807922363,0.3278006315231323,0.30940550565719604,0.29124999046325684,0.29581719636917114,0.3203471601009369,0.32186707854270935,0.3247999846935272,0.2531284987926483,0.3231528401374817,0.31750568747520447,0.3196646273136139,0.35151180624961853,0.2913298010826111,0.3246879279613495,0.29417186975479126,0.2557128369808197,0.29776841402053833,0.3338682949542999,0.2947874367237091,0.36937716603279114,0.2633334994316101,0.3356334865093231,0.26305121183395386,0.26985833048820496,0.27437087893486023,0.34775710105895996,0.2746131718158722,0.3886079490184784,0.23306430876255035,0.3535495400428772,0.23752737045288086,0.2991406321525574,0.25107187032699585,0.34745875000953674,0.2536850571632385,0.37913694977760315
0.28291597962379456,0.5146615505218506,0.323149710893631,0.4616216719150543,0.3471185863018036,0.38849490880966187,0.3437560200691223,0.31021666526794434,0.31707262992858887,0.2723531723022461,0.318532794713974,0.32627254724502563,0.3207881450653076,0.2657811641693115,0.3222942054271698,0.3239690065383911,0.3184552490711212,0.36324307322502136,0.29241645336151123,0.325241357088089,0.29452022910118103,0.26312148571014404,0.299958199262619,0.34027421474456787,0.29682454466819763,0.37544700503349304,0.265931636095047,0.33415189385414124,0.26760560274124146,0.2734427750110626,0.2772912383079529,0.3513677418231964,0.2757817506790161,0.38853147625923157,0.23524512350559235,0.3534729480743408,0.24014468491077423,0.30047714710235596,0.25293004512786865,0.35177281498908997,0.2552027702331543,0.3812571167945862
0.2856428623199463,0.5129333138465881,0.3302026093006134,0.4623560905456543,0.3574157953262329,0.3869094252586365,0.36016279458999634,0.30573442578315735,0.33867013454437256,0.2589741051197052,0.32346245646476746,0.3229198157787323,0.3258058428764343,0.2599428594112396,0.3263155221939087,0.3238658308982849,0.3232112228870392,0.36152178049087524,0.2962404489517212,0.32347017526626587,0.2999342381954193,0.2616610527038574,0.3040933907032013,0.33959394693374634,0.30074286460876465,0.3721809983253479,0.26880374550819397,0.33213675022125244,0.27158260345458984,0.2693709433078766,0.2806676924228668,0.3473578691482544,0.27972105145454407,0.3838725686073303,0.23847009241580963,0.34777867794036865,0.2447504699230194,0.2929880917072296,0.25718820095062256,0.34469133615493774,0.25957635045051575,0.37666332721710205
0.28860384225845337,0.5140106678009033,0.3335293233394623,0.46336519718170166,0.36115801334381104,0.3904561698436737,0.3644571304321289,0.3109718859195709,0.33979201316833496,0.26882418990135193,0.32687532901763916,0.3245471715927124,0.33001792430877686,0.26367539167404175,0.3316862881183624,0.3284270167350769,0.32921552658081055,0.36425480246543884,0.2996107339859009,0.3246318995952606,0.30396920442581177,0.2649013102054596,0.30931776762008667,0.34376707673072815,0.30619245767593384,0.3743142783641815,0.27202337980270386,0.3332224190235138,0.27613356709480286,0.27209901809692383,0.28564974665641785,0.35020968317985535,0.28420892357826233,0.38507184386253357,0.24151858687400818,0.34854552149772644,0.2497538924217224,0.29614219069480896,0.26194727420806885,0.3482363224029541,0.2631571292877197,0.3789694309234619
0.2907319962978363,0.5118502974510193,0.3359525203704834,0.46430718898773193,0.3637862503528595,0.39082953333854675,0.36708271503448486,0.31120848655700684,0.3427765965461731,0.2696729600429535,0.3297725319862366,0.3233431279659271,0.33323827385902405,0.26215147972106934,0.3337668776512146,0.32823044061660767,0.3302287459373474,0.3625306189060211,0.3026019036769867,0.3239811062812805,0.3071291744709015,0.26566001772880554,0.3116953670978546,0.3460092544555664,0.3079376220703125,0.3743516504764557,0.2752670645713806,0.332316517829895,0.27969714999198914,0.2725764513015747,0.28823229670524597,0.3525897264480591,0.2860793471336365,0.38641977310180664,0.2448679357767105,0.3468695282936096,0.25306764245033264,0.2951793372631073,0.2641872465610504,0.34832239151000977,0.2647329568862915,0.3786112070083618
0.2905951142311096,0.5132691860198975,0.3351686894893646,0.4646550118923187,0.3635897636413574,0.39133474230766296,0.36849716305732727,0.3114599585533142,0.34533897042274475,0.2670068144798279,0.3306276500225067,0.3229718804359436,0.33485713601112366,0.2623469829559326,0.3354202210903168,0.3278570771217346,0.3310534656047821,0.3626730144023895,0.30317848920822144,0.3233003616333008,0.3081085681915283,0.26597142219543457,0.31291458010673523,0.3459135591983795,0.3085375130176544,0.3743245005607605,0.27555376291275024,0.33169758319854736,0.2801489233970642,0.2723984122276306,0.28942108154296875,0.35167136788368225,0.2869580090045929,0.385469526052475,0.24487917125225067,0.34692588448524475,0.25299155712127686,0.29527974128723145,0.26546716690063477,0.34768810868263245,0.26643043756484985,0.3782045543193817
0.2909400761127472,0.5120037198066711,0.3350187838077545,0.4660145044326782,0.36332184076309204,0.3905186653137207,0.36779582500457764,0.310674250125885,0.34518712759017944,0.266552209854126,0.3298906087875366,0.3208639621734619,0.3350226879119873,0.26056942343711853,0.33576297760009766,0.3265909254550934,0.3314560055732727,0.36134105920791626,0.3024844825267792,0.3222384750843048,0.30838704109191895,0.26587817072868347,0.31308960914611816,0.34634268283843994,0.3084264397621155,0.374109148979187,0.2750929594039917,0.33159777522087097,0.28074389696121216,0.2737518548965454,0.28979623317718506,0.3534945547580719,0.2868921160697937,0.3863169550895691,0.24465928971767426,0.3474093973636627,0.2537877559661865,0.29651403427124023,0.2658661901950836,0.34990817308425903,0.2658940851688385,0.37967780232429504
0.2920810580253601,0.5125856399536133,0.3368985950946808,0.4650595486164093,0.36503270268440247,0.39020296931266785,0.369278222322464,0.3097284138202667,0.3464914560317993,0.265178382396698,0.33024829626083374,0.3218243718147278,0.33485737442970276,0.2636299431324005,0.33637863397598267,0.32862207293510437,0.332247793674469,0.3644087314605713,0.3033429682254791,0.32238510251045227,0.3086319863796234,0.2660282850265503,0.31417185068130493,0.34573468565940857,0.3096584975719452,0.3747025430202484,0.2761687934398651,0.3314230442047119,0.28101402521133423,0.27410995960235596,0.29059234261512756,0.3524048924446106,0.28752991557121277,0.38503044843673706,0.24562032520771027,0.3474680185317993,0.2546902596950531,0.297834575176239,0.2668735086917877,0.34962889552116394,0.2666879892349243,0.3783648908138275
0.29161912202835083,0.512480616569519,0.3370690941810608,0.4638272523880005,0.3652520179748535,0.3899131417274475,0.3692575991153717,0.31027477979660034,0.34739112854003906,0.2648932635784149,0.3319094479084015,0.32443925738334656,0.33708786964416504,0.26512429118156433,0.3375606834888458,0.3286038339138031,0.33326539397239685,0.3633056581020355,0.30455607175827026,0.32404232025146484,0.3099897801876068,0.2671467363834381,0.31446632742881775,0.3456047475337982,0.31015974283218384,0.37480413913726807,0.27718234062194824,0.33231714367866516,0.2822546362876892,0.27406713366508484,0.2910134494304657,0.35270535945892334,0.28839004039764404,0.38644811511039734,0.2466922104358673,0.3474970757961273,0.2555195987224579,0.29703864455223083,0.2673948407173157,0.3500930666923523,0.2677742540836334,0.37997281551361084
0.2930855453014374,0.5130759477615356,0.3386100232601166,0.4634513258934021,0.3663986623287201,0.39157235622406006,0.3698672652244568,0.3126049041748047,0.3471130430698395,0.26954135298728943,0.33233779668807983,0.3263740837574005,0.33620133996009827,0.2654227018356323,0.3378906846046448,0.32980167865753174,0.33466294407844543,0.364932656288147,0.30517736077308655,0.32620853185653687,0.3096456825733185,0.2683117389678955,0.3148002326488495,0.34632188081741333,0.3108210563659668,0.37506207823753357,0.2775406539440155,0.33413881063461304,0.2822754383087158,0.27476346492767334,0.29122790694236755,0.3528970181941986,0.2887980341911316,0.38671451807022095,0.24672777950763702,0.34883803129196167,0.2551618814468384,0.2963699996471405,0.26715409755706787,0.3481786251068115,0.2679172158241272,0.379022479057312
0.2921266555786133,0.5125910639762878,0.33823180198669434,0.46312081813812256,0.36526018381118774,0.3910183310508728,0.37037578225135803,0.3129478394985199,0.34932366013526917,0.2681131362915039,0.3328019678592682,0.32762229442596436,0.33866363763809204,0.26716309785842896,0.3379802703857422,0.33146846294403076,0.3328935205936432,0.36647287011146545,0.3063470721244812,0.3250117897987366,0.3127674460411072,0.26690474152565,0.31509846448898315,0.3454500138759613,0.3098004162311554,0.37505048513412476,0.2787661552429199,0.32999375462532043,0.2850548028945923,0.26847541332244873,0.2918437719345093,0.3478136360645294,0.28851088881492615,0.383991539478302,0.24793145060539246,0.34146493673324585,0.2575158178806305,0.2864016592502594,0.268240362405777,0.33759385347366333,0.26889583468437195,0.3703943192958832
0.2935718894004822,0.5114334225654602,0.34037500619888306,0.46332529187202454,0.3671312928199768,0.3925962448120117,0.3754291832447052,0.3141782283782959,0.35591205954551697,0.26697880029678345,0.33640584349632263,0.3304808735847473,0.34371933341026306,0.2686140537261963,0.3417280614376068,0.33320382237434387,0.33550789952278137,0.3677060902118683,0.31060314178466797,0.3263588845729828,0.3186894655227661,0.26768916845321655,0.31953874230384827,0.34595197439193726,0.3134549856185913,0.37367624044418335,0.2830701470375061,0.32989776134490967,0.2912245988845825,0.26874715089797974,0.2964404225349426,0.3472268879413605,0.29189449548721313,0.38128331303596497,0.2517412602901459,0.33884623646736145,0.2633223533630371,0.2839325964450836,0.27308374643325806,0.33409392833709717,0.2726796567440033,0.365395724773407
0.2953763008117676,0.5145828127861023,0.34154051542282104,0.4622015357017517,0.36781224608421326,0.39197686314582825,0.3765036463737488,0.31604522466659546,0.3555009365081787,0.2710476219654083,0.3376764953136444,0.33293619751930237,0.34410470724105835,0.27061983942985535,0.342255562543869,0.3332820236682892,0.3364235758781433,0.3689608871936798,0.3119772672653198,0.32870981097221375,0.3193586468696594,0.26961517333984375,0.32006534934043884,0.3461764454841614,0.31442078948020935,0.3767397701740265,0.2844308614730835,0.33234846591949463,0.2921503186225891,0.2701316177845001,0.2976245880126953,0.3474580645561218,0.2941007912158966,0.3840446472167969,0.25369957089424133,0.34216225147247314,0.2642265856266022,0.2864585518836975,0.27460622787475586,0.3356887698173523,0.27562323212623596,0.3685552477836609
0.3005271852016449,0.5113568902015686,0.34789329767227173,0.4623555839061737,0.37357568740844727,0.39426127076148987,0.38398271799087524,0.3206384778022766,0.36680930852890015,0.27305299043655396,0.3467402756214142,0.3353367745876312,0.3544068932533264,0.27583399415016174,0.3505055904388428,0.3348112404346466,0.343135803937912,0.3725840151309967,0.32155898213386536,0.3301248848438263,0.330278217792511,0.2730124592781067,0.32881802320480347,0.34626224637031555,0.32163205742836,0.3787904679775238,0.29377663135528564,0.3329540193080902,0.3028629422187805,0.2718864679336548,0.3063139021396637,0.3476077914237976,0.3010578155517578,0.38542893528938293,0.2618832290172577,0.3420937955379486,0.27382227778434753,0.28897103667259216,0.28317973017692566,0.33767420053482056,0.28329741954803467,0.37044858932495117
0.3063330054283142,0.5141212940216064,0.35447075963020325,0.4630230665206909,0.3826805353164673,0.3954802453517914,0.3929022550582886,0.3213745951652527,0.37403833866119385,0.27453893423080444,0.35296809673309326,0.3320256769657135,0.3619380295276642,0.27113136649131775,0.3594074547290802,0.33554625511169434,0.35182827711105347,0.37241634726524353,0.3275527060031891,0.3274974524974823,0.3379251956939697,0.2711664140224457,0.3373814821243286,0.3490644097328186,0.3291991651058197,0.3794030249118805,0.29972103238105774,0.3313766419887543,0.31040993332862854,0.27212420105934143,0.3144077658653259,0.3501083254814148,0.30795997381210327,0.38524842262268066,0.2677900493144989,0.3414342701435089,0.2808394730091095,0.28622764348983765,0.29106491804122925,0.335121750831604,0.2902527153491974,0.3667234480381012
0.30900728702545166,0.5053007006645203,0.35605862736701965,0.4535343647003174,0.3827184736728668,0.3835689127445221,0.3922163248062134,0.3096492290496826,0.37382951378822327,0.2610633373260498,0.3511144518852234,0.32625606656074524,0.35941168665885925,0.26454654335975647,0.35775622725486755,0.32726436853408813,0.3500126004219055,0.3649888038635254,0.32534146308898926,0.32137593626976013,0.3348511755466461,0.26339346170425415,0.3355836570262909,0.33990004658699036,0.32737746834754944,0.3725477457046509,0.29741623997688293,0.32475951313972473,0.30765703320503235,0.26326993107795715,0.3133517801761627,0.3405733108520508,0.3071332573890686,0.3776586949825287,0.2656049132347107,0.3346278667449951,0.2785722017288208,0.27650007605552673,0.2902142405509949,0.32455503940582275,0.28944453597068787,0.3576342463493347
0.3130967319011688,0.47824522852897644,0.3589080274105072,0.430244117975235,0.38535842299461365,0.3608356714248657,0.39497968554496765,0.28626424074172974,0.37667369842529297,0.23704658448696136,0.357485830783844,0.2993355989456177,0.36675798892974854,0.24326437711715698,0.3634863495826721,0.3041766881942749,0.35521024465560913,0.34127065539360046,0.33198073506355286,0.29429882764816284,0.3419676423072815,0.24096058309078217,0.34084415435791016,0.3162907063961029,0.33303725719451904,0.34738248586654663,0.3040761947631836,0.29820454120635986,0.31398335099220276,0.2419586479663849,0.3173646330833435,0.3180096447467804,0.31126129627227783,0.3531194031238556,0.2724079489707947,0.3093873858451843,0.2847970426082611,0.2561904788017273,0.2936604619026184,0.3045634627342224,0.2922673225402832,0.33527323603630066
0.3153667151927948,0.4677288830280304,0.3622055649757385,0.42036616802215576,0.3879420757293701,0.3517701029777527,0.398520290851593,0.2778959572315216,0.3811515271663666,0.22989392280578613,0.35926270484924316,0.29507964849472046,0.3671051859855652,0.23313483595848083,0.3650638163089752,0.29485785961151123,0.3577655553817749,0.3323093056678772,0.33429065346717834,0.29015815258026123,0.3434820771217346,0.23166003823280334,0.34338024258613586,0.3069768249988556,0.33537405729293823,0.33847254514694214,0.3070220351219177,0.29274430871009827,0.3169996440410614,0.23219752311706543,0.32135435938835144,0.3089606463909149,0.3154549300670624,0.3446047604084015,0.27590686082839966,0.3017551004886627,0.2888375520706177,0.24619460105895996,0.29855799674987793,0.2963200807571411,0.2974364459514618,0.32889917492866516
0.31718823313713074,0.4594823718070984,0.36394622921943665,0.407910019159317,0.389046311378479,0.3385162949562073,0.39786431193351746,0.26689988374710083,0.3814760744571686,0.21874433755874634,0.3608960807323456,0.2836720943450928,0.36844590306282043,0.2231525331735611,0.36592212319374084,0.28403306007385254,0.3587660491466522,0.32156920433044434,0.33561936020851135,0.27878010272979736,0.34413546323776245,0.22247210144996643,0.34369921684265137,0.2969348430633545,0.3366318643093109,0.3288905918598175,0.3082200288772583,0.28201842308044434,0.31771278381347656,0.22141680121421814,0.32192498445510864,0.29779118299484253,0.31690454483032227,0.33481577038764954,0.2772597372531891,0.29229024052619934,0.28970977663993835,0.2363182008266449,0.2995220422744751,0.2859797179698944,0.2992345988750458,0.3192681074142456
0.3181517422199249,0.44763338565826416,0.36283841729164124,0.4020366072654724,0.3888736367225647,0.3320971727371216,0.39866119623184204,0.25893744826316833,0.38297563791275024,0.20977357029914856,0.3618701100349426,0.27166929841041565,0.3686998784542084,0.21267303824424744,0.36523303389549255,0.2737722098827362,0.3587620258331299,0.3112031817436218,0.33665481209754944,0.2663891911506653,0.34409695863723755,0.21112504601478577,0.34298765659332275,0.2850019335746765,0.3372032344341278,0.3172721862792969,0.3094606399536133,0.26950347423553467,0.3177517354488373,0.21129721403121948,0.32147884368896484,0.28653475642204285,0.31780484318733215,0.3234088718891144,0.27934199571609497,0.2794720232486725,0.29075098037719727,0.2258514165878296,0.29959484934806824,0.2750624418258667,0.3000025153160095,0.3078043758869171
0.31847772002220154,0.42489728331565857,0.36340010166168213,0.381317138671875,0.390853613615036,0.3144957423210144,0.40075987577438354,0.24162724614143372,0.38376593589782715,0.1918058693408966,0.3629796504974365,0.2532651126384735,0.3698182702064514,0.19706299901008606,0.3673113286495209,0.25567877292633057,0.360746830701828,0.29412153363227844,0.33819326758384705,0.24711284041404724,0.3463403284549713,0.1945638358592987,0.3455251455307007,0.26816511154174805,0.33925971388816833,0.30239298939704895,0.31154900789260864,0.24990181624889374,0.319757878780365,0.194065123796463,0.3235180079936981,0.2695188820362091,0.31945979595184326,0.3076818287372589,0.2813549041748047,0.2600424885749817,0.29305461049079895,0.20808227360248566,0.3015206754207611,0.2574349045753479,0.30094948410987854,0.2897343039512634
0.31640613079071045,0.4124864637851715,0.3620166778564453,0.36616700887680054,0.3877111077308655,0.29904258251190186,0.3946196734905243,0.22636854648590088,0.3782538175582886,0.17730918526649475,0.35910022258758545,0.24327968060970306,0.3655819296836853,0.18389928340911865,0.3635005056858063,0.24170459806919098,0.35714203119277954,0.28189781308174133,0.33462077379226685,0.2382614016532898,0.34306231141090393,0.18053019046783447,0.34262463450431824,0.2545013129711151,0.33659836649894714,0.29084697365760803,0.3085169196128845,0.2418270707130432,0.31738290190696716,0.1831110417842865,0.32140350341796875,0.25846120715141296,0.31737470626831055,0.29702794551849365,0.2788630723953247,0.2529025375843048,0.2883698344230652,0.19832661747932434,0.298925518989563,0.245956689119339,0.30053257942199707,0.2790205180644989
0.3133156895637512,0.4090067148208618,0.35746121406555176,0.3619641959667206,0.38262903690338135,0.2967407703399658,0.38950884342193604,0.22502687573432922,0.3753044605255127,0.17383956909179688,0.3556123375892639,0.23932266235351562,0.36155885457992554,0.18180933594703674,0.3595905005931854,0.2380857914686203,0.35339483618736267,0.2774241864681244,0.33135175704956055,0.23524878919124603,0.33913832902908325,0.17865076661109924,0.33887001872062683,0.2505219578742981,0.3329774737358093,0.28627416491508484,0.30526772141456604,0.23903770744800568,0.31344252824783325,0.18063858151435852,0.31762486696243286,0.2542785406112671,0.3138553202152252,0.2932094931602478,0.27571529150009155,0.250271737575531,0.28463298082351685,0.19612741470336914,0.2950916886329651,0.24103271961212158,0.2971579134464264,0.2735494375228882
0.3069698214530945,0.41412612795829773,0.35022085905075073,0.3664182424545288,0.37474921345710754,0.2962380647659302,0.3808876574039459,0.22486495971679688,0.3631152808666229,0.17958934605121613,0.34983372688293457,0.23858344554901123,0.35305753350257874,0.18014349043369293,0.35105177760124207,0.23789221048355103,0.34653714299201965,0.2770761549472809,0.3245391547679901,0.23654237389564514,0.3289969563484192,0.18007349967956543,0.3306174874305725,0.252934992313385,0.3272416889667511,0.2890063226222992,0.29822343587875366,0.24240435659885406,0.30262133479118347,0.18648746609687805,0.30847081542015076,0.2595435678958893,0.3068773150444031,0.2969302237033844,0.2692549228668213,0.25558552145957947,0.2767775058746338,0.20383626222610474,0.2863904535770416,0.25185462832450867,0.2879225015640259,0.28369152545928955
0.3040507137775421,0.4193396270275116,0.34536510705947876,0.3712875247001648,0.369672954082489,0.30128735303878784,0.3748863637447357,0.22813817858695984,0.35638391971588135,0.18175968527793884,0.34346503019332886,0.24166876077651978,0.3459831774234772,0.18228942155838013,0.34540143609046936,0.24013784527778625,0.3416321277618408,0.27920767664909363,0.3184119760990143,0.24115151166915894,0.3222386837005615,0.18452855944633484,0.3247143030166626,0.2579070031642914,0.3217334747314453,0.29359906911849976,0.2924969494342804,0.24800001084804535,0.29618170857429504,0.19185349345207214,0.30301883816719055,0.2655317783355713,0.3020567297935486,0.3028433620929718,0.2638818323612213,0.2619882822036743,0.27016007900238037,0.21158915758132935,0.28071558475494385,0.25951969623565674,0.28320130705833435,0.2906566858291626
0.30021509528160095,0.43272292613983154,0.3418252170085907,0.3830985426902771,0.36564821004867554,0.31179332733154297,0.3700132966041565,0.23616066575050354,0.3506537973880768,0.1891070306301117,0.3377166986465454,0.25534653663635254,0.34025895595550537,0.19643238186836243,0.34044313430786133,0.2548023462295532,0.3370063304901123,0.2912793457508087,0.31278061866760254,0.2542794942855835,0.31682637333869934,0.19711902737617493,0.3200162649154663,0.27008816599845886,0.31679004430770874,0.30284759402275085,0.28689125180244446,0.26099449396133423,0.2903957962989807,0.20196516811847687,0.2981775403022766,0.2762503921985626,0.29748377203941345,0.3136349320411682,0.25816014409065247,0.27490389347076416,0.2642630338668823,0.22411048412322998,0.2755838632583618,0.27151814103126526,0.27871453762054443,0.30312010645866394
0.29986441135406494,0.44519704580307007,0.34064918756484985,0.39947715401649475,0.3646150827407837,0.32378241419792175,0.3687313497066498,0.24660396575927734,0.34817540645599365,0.2033596634864807,0.33579933643341064,0.2625286281108856,0.337825208902359,0.2038865089416504,0.3386664092540741,0.2656418979167938,0.33616873621940613,0.3013325035572052,0.3107552230358124,0.2629932165145874,0.31413450837135315,0.2056606411933899,0.3180646300315857,0.2806061804294586,0.3152713477611542,0.311523973941803,0.28499478101730347,0.27084821462631226,0.2878982424736023,0.2112487256526947,0.2962101399898529,0.28727027773857117,0.2956832945346832,0.3234814405441284,0.2565723657608032,0.2853492796421051,0.2626667022705078,0.23476171493530273,0.27352139353752136,0.284667432308197,0.2760317027568817,0.31544384360313416
0.29910171031951904,0.4517664313316345,0.3390274941921234,0.40184977650642395,0.3626456558704376,0.32850220799446106,0.36673253774642944,0.2529294490814209,0.34430792927742004,0.21110299229621887,0.33348551392555237,0.2666175663471222,0.33443570137023926,0.21015477180480957,0.33569464087486267,0.2718038558959961,0.33332934975624084,0.30843016505241394,0.30771198868751526,0.2663657069206238,0.31051215529441833,0.2098163366317749,0.3155018389225006,0.2857014238834381,0.3131640553474426,0.31856608390808105,0.2814282476902008,0.2747799754142761,0.2836120128631592,0.21606573462486267,0.2930169999599457,0.29170310497283936,0.29298311471939087,0.32816118001937866,0.25288158655166626,0.2909088134765625,0.2582405209541321,0.23970210552215576,0.27002012729644775,0.2888656258583069,0.27318352460861206,0.319873571395874
0.29912707209587097,0.4717581272125244,0.33989688754081726,0.41846150159835815,0.3619970679283142,0.34314003586769104,0.36590296030044556,0.2660467326641083,0.34475815296173096,0.2219688892364502,0.33067163825035095,0.2841563820838928,0.33482667803764343,0.22533826529979706,0.33705392479896545,0.28608864545822144,0.33237558603286743,0.32204893231391907,0.3063954710960388,0.28537386655807495,0.31122902035713196,0.22652003169059753,0.3172230124473572,0.30186179280281067,0.31203004717826843,0.3334091901779175,0.280722439289093,0.29466310143470764,0.28504136204719543,0.23407480120658875,0.2955375909805298,0.30994829535484314,0.2929568886756897,0.3459719121456146,0.25175741314888,0.3109605312347412,0.2590050995349884,0.2583882510662079,0.27236315608024597,0.3069186806678772,0.2741670608520508,0.33855682611465454
0.3002568483352661,0.48994576930999756,0.34145671129226685,0.43640851974487305,0.36499401926994324,0.36194589734077454,0.3691774010658264,0.28330302238464355,0.34690621495246887,0.2410401552915573,0.3321484625339508,0.30324333906173706,0.33548685908317566,0.2463020235300064,0.33908531069755554,0.3083374500274658,0.3354918658733368,0.3419950604438782,0.3067770004272461,0.30502769351005554,0.31059756875038147,0.24938058853149414,0.31830206513404846,0.32524755597114563,0.3139636218547821,0.3520243167877197,0.2808913290500641,0.3151514232158661,0.2843717336654663,0.25677940249443054,0.29630759358406067,0.3314651846885681,0.29420006275177,0.36447104811668396,0.2523391842842102,0.3328578472137451,0.2598065733909607,0.28218552470207214,0.2733047604560852,0.33013179898262024,0.2746325135231018,0.3599005341529846
0.3033844530582428,0.5058364272117615,0.34406208992004395,0.46090465784072876,0.3682660758495331,0.3858715295791626,0.3717915415763855,0.30747488141059875,0.34739696979522705,0.2701459228992462,0.3359886109828949,0.3255639672279358,0.33874839544296265,0.27208155393600464,0.34336379170417786,0.33453071117401123,0.34071284532546997,0.36158522963523865,0.30954283475875854,0.3281528353691101,0.3130231201648712,0.2762255370616913,0.32139357924461365,0.3518849015235901,0.3164123594760895,0.3715324401855469,0.28345760703086853,0.33764874935150146,0.28676021099090576,0.2840869724750519,0.2988678216934204,0.35825595259666443,0.295717716217041,0.3844716250896454,0.2547200322151184,0.3533520996570587,0.26235902309417725,0.308198481798172,0.27516597509384155,0.35625892877578735,0.27492621541023254,0.38169366121292114
0.3031077980995178,0.5096098184585571,0.3433558940887451,0.46156322956085205,0.3676738739013672,0.38734862208366394,0.3711417615413666,0.31019264459609985,0.34673771262168884,0.2725619375705719,0.3347225487232208,0.32616451382637024,0.33805862069129944,0.27334514260292053,0.34308338165283203,0.3365122079849243,0.340009480714798,0.36172354221343994,0.308371901512146,0.32932597398757935,0.31262993812561035,0.2782912254333496,0.32125747203826904,0.3546577990055084,0.31569498777389526,0.37209492921829224,0.2822295129299164,0.3392692506313324,0.2863519489765167,0.2860316038131714,0.29856157302856445,0.3608125150203705,0.29493963718414307,0.3859112858772278,0.2532397210597992,0.3551271855831146,0.2615208923816681,0.3099435567855835,0.2744889259338379,0.358227401971817,0.27407291531562805,0.38354066014289856
0.3019222021102905,0.5079798102378845,0.34068453311920166,0.46342071890830994,0.3668150305747986,0.3879741430282593,0.3699740171432495,0.30836552381515503,0.34531131386756897,0.27009862661361694,0.33220306038856506,0.3239259123802185,0.3364419639110565,0.27021169662475586,0.34116286039352417,0.3341134190559387,0.3378676176071167,0.35906466841697693,0.30556461215019226,0.32668188214302063,0.310991495847702,0.2751154601573944,0.3193536400794983,0.35260242223739624,0.3132797181606293,0.3707447350025177,0.2793808579444885,0.3371689021587372,0.283945232629776,0.28448668122291565,0.2966189384460449,0.3603161573410034,0.29288968443870544,0.38586297631263733,0.25008437037467957,0.354158878326416,0.25816524028778076,0.3080650866031647,0.27217626571655273,0.35705479979515076,0.27216213941574097,0.3833681643009186
0.2956816554069519,0.503090500831604,0.336292028427124,0.45885342359542847,0.36304759979248047,0.3809967339038849,0.3656277358531952,0.2999002933502197,0.3396937847137451,0.2615063488483429,0.32615116238594055,0.31535688042640686,0.33109724521636963,0.2611090838909149,0.336413711309433,0.32653936743736267,0.33293452858924866,0.3526434302330017,0.29887446761131287,0.31823790073394775,0.30507248640060425,0.2669666111469269,0.3138625919818878,0.3456283509731293,0.30726689100265503,0.3635569214820862,0.2720307409763336,0.32894864678382874,0.2774488925933838,0.27543604373931885,0.29058921337127686,0.35225099325180054,0.2862437665462494,0.37797433137893677,0.2419866919517517,0.34594786167144775,0.25193148851394653,0.3006795644760132,0.2662850618362427,0.35074084997177124,0.2652539014816284,0.37653347849845886
0.2902390658855438,0.49640679359436035,0.3296397626399994,0.4509992003440857,0.357418030500412,0.3719663619995117,0.3600449562072754,0.2895110249519348,0.33229732513427734,0.2514234781265259,0.31977927684783936,0.3005610406398773,0.32246077060699463,0.24512499570846558,0.32776814699172974,0.313768595457077,0.32506653666496277,0.3398207724094391,0.2918219268321991,0.3069552481174469,0.2971092462539673,0.2545403838157654,0.30640891194343567,0.3367830216884613,0.30070850253105164,0.352831095457077,0.2646563947200775,0.31924349069595337,0.26873284578323364,0.26427552103996277,0.28245311975479126,0.3436795175075531,0.2791776955127716,0.36821842193603516,0.23433487117290497,0.33641794323921204,0.24255113303661346,0.28956055641174316,0.2566380500793457,0.3403143286705017,0.25656843185424805,0.365442156791687
0.28670042753219604,0.4957692623138428,0.3269845247268677,0.449186235666275,0.3556128442287445,0.36769410967826843,0.35674193501472473,0.2815537452697754,0.3281194865703583,0.24262627959251404,0.3169207274913788,0.29758453369140625,0.31975647807121277,0.24250271916389465,0.3255913555622101,0.31191346049308777,0.322806179523468,0.33468520641326904,0.2877559959888458,0.302226185798645,0.2925639748573303,0.24731409549713135,0.3026999235153198,0.3302815854549408,0.2964022159576416,0.34563377499580383,0.25971800088882446,0.3141638934612274,0.2625863552093506,0.25615718960762024,0.2775322198867798,0.3364320993423462,0.2742113173007965,0.3612552285194397,0.22876816987991333,0.33172693848609924,0.23621755838394165,0.2838361859321594,0.25116127729415894,0.3345165252685547,0.2516583204269409,0.3595082461833954
0.2857215106487274,0.4970623254776001,0.32703807950019836,0.4511185884475708,0.3546355664730072,0.3687887489795685,0.35621634125709534,0.2817445397377014,0.32713258266448975,0.24162684381008148,0.3167474865913391,0.2957044541835785,0.3190557062625885,0.2398006021976471,0.32476910948753357,0.30980321764945984,0.32214900851249695,0.33304500579833984,0.2873585522174835,0.30066147446632385,0.29167187213897705,0.24527466297149658,0.30165475606918335,0.32937386631965637,0.29567307233810425,0.3423632085323334,0.2591964602470398,0.31174710392951965,0.2614549994468689,0.25323593616485596,0.27599090337753296,0.33441102504730225,0.27295631170272827,0.35755762457847595,0.22842949628829956,0.32805877923965454,0.23554781079292297,0.2805555462837219,0.24953030049800873,0.33254602551460266,0.24954822659492493,0.35709279775619507
0.28560271859169006,0.4944874048233032,0.32456663250923157,0.4500091075897217,0.3530820608139038,0.3671960234642029,0.352403461933136,0.28037989139556885,0.32261553406715393,0.24101585149765015,0.3135749101638794,0.2913389205932617,0.3162665367126465,0.23844924569129944,0.3219880759716034,0.3094046413898468,0.319627970457077,0.326383501291275,0.28357505798339844,0.29814136028289795,0.2879774272441864,0.24507929384708405,0.29806825518608093,0.3292791247367859,0.2920750379562378,0.3349626064300537,0.2552846670150757,0.31019484996795654,0.2570210099220276,0.2544747292995453,0.27125099301338196,0.33434104919433594,0.267549067735672,0.34985676407814026,0.22429010272026062,0.3254929184913635,0.2315116673707962,0.2827046513557434,0.24500882625579834,0.33408018946647644,0.24401623010635376,0.3530183732509613
0.2900516986846924,0.5039380788803101,0.32725268602371216,0.4598481059074402,0.35760313272476196,0.380257248878479,0.359605073928833,0.2956044673919678,0.3301701843738556,0.2552937865257263,0.31915029883384705,0.29449835419654846,0.3238573670387268,0.24551862478256226,0.3287211060523987,0.31598803400993347,0.32503020763397217,0.331040620803833,0.28877559304237366,0.3020979166030884,0.29512178897857666,0.2546102702617645,0.3049077093601227,0.3378678560256958,0.2984958589076996,0.33942344784736633,0.26028627157211304,0.3153740167617798,0.2638091742992401,0.26454323530197144,0.27764174342155457,0.34261780977249146,0.2731802761554718,0.3554317355155945,0.229440838098526,0.3323071002960205,0.2382928878068924,0.29116371273994446,0.2516534626483917,0.34172144532203674,0.25020909309387207,0.36057692766189575
0.2906467914581299,0.5048729181289673,0.32579556107521057,0.46376872062683105,0.35823172330856323,0.3837088346481323,0.3603209853172302,0.30113694071769714,0.3298807442188263,0.26488494873046875,0.3206007480621338,0.296808660030365,0.32502996921539307,0.25066155195236206,0.32911330461502075,0.32061445713043213,0.32581254839897156,0.33364298939704895,0.2894400656223297,0.304229199886322,0.2958987057209015,0.2595936059951782,0.3048631250858307,0.3431317210197449,0.29873111844062805,0.34179893136024475,0.26044636964797974,0.3177100121974945,0.2639337480068207,0.2696743905544281,0.2770020663738251,0.3470832109451294,0.27246958017349243,0.35665109753608704,0.22895380854606628,0.33428525924682617,0.23794041574001312,0.29513871669769287,0.25062617659568787,0.3458844721317291,0.2490668147802353,0.363238662481308
0.2920289635658264,0.5037583708763123,0.3274981379508972,0.46560654044151306,0.36140143871307373,0.38745445013046265,0.36336562037467957,0.3049505949020386,0.3336794376373291,0.2690400779247284,0.32321542501449585,0.29775065183639526,0.3272247910499573,0.25296550989151,0.33087512850761414,0.32230234146118164,0.3281702399253845,0.33524930477142334,0.29178136587142944,0.3053039014339447,0.2978125810623169,0.2616933286190033,0.30607765913009644,0.34490442276000977,0.30037903785705566,0.3438449501991272,0.26249969005584717,0.3188251554965973,0.2658303380012512,0.27268731594085693,0.27841028571128845,0.34967154264450073,0.2743198871612549,0.3594823479652405,0.23083388805389404,0.33592042326927185,0.23993341624736786,0.2985243797302246,0.2526857554912567,0.34946537017822266,0.25131067633628845,0.36619314551353455
0.29550978541374207,0.5077896118164062,0.3293454349040985,0.4708011746406555,0.36222830414772034,0.39452844858169556,0.36502018570899963,0.3149881362915039,0.3360436260700226,0.27870067954063416,0.3271012306213379,0.2994668185710907,0.3277115225791931,0.26338624954223633,0.33132246136665344,0.33079245686531067,0.33115142583847046,0.3396868109703064,0.2953713536262512,0.3058605492115021,0.29738712310791016,0.2713238000869751,0.3056025505065918,0.3525034189224243,0.3030504882335663,0.3447842001914978,0.2657460868358612,0.31935691833496094,0.2649574279785156,0.28150632977485657,0.27726849913597107,0.3546627163887024,0.2766041159629822,0.3569318950176239,0.23438996076583862,0.33626964688301086,0.23953723907470703,0.30969226360321045,0.2522839605808258,0.3581099808216095,0.25405165553092957,0.3682144284248352
0.29753929376602173,0.519829273223877,0.3289417624473572,0.48212966322898865,0.362800657749176,0.4056358337402344,0.36499831080436707,0.3278930187225342,0.33460110425949097,0.2965067923069,0.32615426182746887,0.3090471625328064,0.33062994480133057,0.28033408522605896,0.3312014937400818,0.34882575273513794,0.32673919200897217,0.3518027067184448,0.2927703559398651,0.31482428312301636,0.29855450987815857,0.2876565456390381,0.306115061044693,0.3701944351196289,0.30137988924980164,0.36066460609436035,0.26297610998153687,0.3305407166481018,0.26463449001312256,0.2982770502567291,0.27757930755615234,0.37210771441459656,0.2748110592365265,0.37183186411857605,0.23205772042274475,0.3499164581298828,0.2388691008090973,0.3307695686817169,0.2528327405452728,0.37958285212516785,0.253656268119812,0.38454365730285645
0.29898956418037415,0.5224236249923706,0.3284766674041748,0.48776501417160034,0.3623005747795105,0.41411373019218445,0.36279839277267456,0.33916494250297546,0.3335091471672058,0.3066621422767639,0.3261706233024597,0.3034496307373047,0.33279645442962646,0.2867160439491272,0.3319089114665985,0.3534828722476959,0.3246281147003174,0.35572510957717896,0.29170191287994385,0.3086284399032593,0.2995322048664093,0.2957081198692322,0.30735763907432556,0.3787817060947418,0.30147895216941833,0.36783966422080994,0.2619667649269104,0.3273839056491852,0.26448580622673035,0.3084622025489807,0.27825599908828735,0.3819054365158081,0.27418839931488037,0.3802851438522339,0.231129452586174,0.3527553975582123,0.23847323656082153,0.34397128224372864,0.2535231411457062,0.39077213406562805,0.25363487005233765,0.39195409417152405
0.2989179491996765,0.5209000110626221,0.3289221525192261,0.48755043745040894,0.36347463726997375,0.4139954447746277,0.36331629753112793,0.33878400921821594,0.33373162150382996,0.3071504235267639,0.3270966112613678,0.31069648265838623,0.3312489688396454,0.28745171427726746,0.3321334421634674,0.3528808355331421,0.3280007541179657,0.35728099942207336,0.29388460516929626,0.31597036123275757,0.2990323603153229,0.2968688905239105,0.30757203698158264,0.3790121376514435,0.303726464509964,0.36885541677474976,0.2645247280597687,0.3321489095687866,0.26503825187683105,0.3083258271217346,0.27839893102645874,0.38192296028137207,0.2763492465019226,0.381541907787323,0.2334282249212265,0.35497450828552246,0.2397766411304474,0.3411925435066223,0.2540048062801361,0.3892034590244293,0.2549882233142853,0.39346951246261597
0.3009876012802124,0.5255534052848816,0.33053719997406006,0.48793283104896545,0.36340510845184326,0.41692081093788147,0.36555683612823486,0.3425385057926178,0.3349962532520294,0.3122040629386902,0.3233764171600342,0.30458128452301025,0.3309282064437866,0.28666090965270996,0.33222249150276184,0.35554972290992737,0.327387273311615,0.36063748598098755,0.29044923186302185,0.311445415019989,0.2996709644794464,0.29986685514450073,0.3085133731365204,0.3819465935230255,0.30395931005477905,0.37170740962028503,0.26176536083221436,0.3312789797782898,0.26581186056137085,0.3125693202018738,0.2792518436908722,0.38481655716896057,0.27662739157676697,0.3843362331390381,0.23203609883785248,0.3571195602416992,0.24030813574790955,0.34602445363998413,0.25464755296707153,0.3923347294330597,0.2556266486644745,0.3966280519962311
0.3010031282901764,0.5269572734832764,0.3311935067176819,0.4876396656036377,0.36074915528297424,0.4174148738384247,0.3616074323654175,0.34470582008361816,0.3302549421787262,0.3173163831233978,0.3211733102798462,0.2994537055492401,0.3278388977050781,0.28641918301582336,0.33044731616973877,0.35365381836891174,0.32396987080574036,0.3619295060634613,0.2876143753528595,0.3071258068084717,0.2946929931640625,0.29971617460250854,0.305716335773468,0.3817640542984009,0.30046823620796204,0.37260499596595764,0.2582736611366272,0.330670565366745,0.26136472821235657,0.31753236055374146,0.27681103348731995,0.38764336705207825,0.27403873205184937,0.3871760070323944,0.2288898378610611,0.361944317817688,0.2357494980096817,0.35191696882247925,0.2514227032661438,0.3970964252948761,0.25296780467033386,0.4012283682823181
0.30076080560684204,0.5285530090332031,0.33165574073791504,0.4844687283039093,0.3621949553489685,0.4164331555366516,0.36510413885116577,0.34187546372413635,0.3333214521408081,0.31434300541877747,0.3218613564968109,0.30962836742401123,0.3304348289966583,0.2856135666370392,0.33188578486442566,0.35509803891181946,0.32565122842788696,0.3586309552192688,0.2889435887336731,0.3194238841533661,0.2978818118572235,0.2961682081222534,0.3072117567062378,0.3795911967754364,0.3015673756599426,0.3715188503265381,0.26016321778297424,0.34123191237449646,0.2641742527484894,0.3129158616065979,0.2786654829978943,0.38426506519317627,0.27582794427871704,0.3856104016304016,0.2309829443693161,0.36741936206817627,0.2386699765920639,0.3489895164966583,0.25431936979293823,0.39453527331352234,0.2559107542037964,0.39975497126579285
0.30013391375541687,0.5216694474220276,0.32950782775878906,0.4879601001739502,0.3638211488723755,0.4135434925556183,0.3651319146156311,0.3372710049152374,0.33557069301605225,0.3076176345348358,0.3285399079322815,0.305977463722229,0.3347439169883728,0.28216344118118286,0.33381813764572144,0.3506704568862915,0.32905688881874084,0.3550976812839508,0.29477402567863464,0.31220191717147827,0.3026423752307892,0.2928905487060547,0.3099254369735718,0.37803807854652405,0.305379182100296,0.3683070242404938,0.26472944021224976,0.3301665484905243,0.26729729771614075,0.30634069442749023,0.2807159423828125,0.38277962803840637,0.2788357436656952,0.3832308351993561,0.23365163803100586,0.3553149998188019,0.24046170711517334,0.3379703462123871,0.2557464838027954,0.38916537165641785,0.25751790404319763,0.3958599865436554
0.299743115901947,0.5168836116790771,0.3320690989494324,0.48404717445373535,0.3671347498893738,0.4113856852054596,0.37245503067970276,0.3340092897415161,0.34408873319625854,0.3000493049621582,0.33368000388145447,0.31553325057029724,0.3406139612197876,0.279801607131958,0.3390643894672394,0.34595152735710144,0.3346349596977234,0.352426677942276,0.30118152499198914,0.3201422691345215,0.30924323201179504,0.28746163845062256,0.31396758556365967,0.37064772844314575,0.3089841306209564,0.3633077144622803,0.2711852192878723,0.33252790570259094,0.27529793977737427,0.295918345451355,0.28589746356010437,0.37138423323631287,0.28277063369750977,0.37440359592437744,0.23982089757919312,0.34938496351242065,0.24926383793354034,0.3214525580406189,0.2611054480075836,0.3733683228492737,0.2601454257965088,0.38522103428840637
0.29824328422546387,0.5129659175872803,0.33187955617904663,0.47996100783348083,0.36789724230766296,0.408195823431015,0.3730679154396057,0.3305952250957489,0.3449450433254242,0.2956863045692444,0.33387070894241333,0.31419798731803894,0.34158024191856384,0.27918845415115356,0.3400014340877533,0.34745877981185913,0.3352855145931244,0.35441067814826965,0.3013732135295868,0.3169519007205963,0.3106144964694977,0.2850487232208252,0.31494250893592834,0.36832836270332336,0.30950671434402466,0.36056071519851685,0.2718155086040497,0.32746464014053345,0.27718645334243774,0.2897825837135315,0.28736937046051025,0.36727190017700195,0.2837021052837372,0.37239575386047363,0.24109582602977753,0.34242144227027893,0.25084248185157776,0.3144771456718445,0.26231175661087036,0.36801719665527344,0.2612367570400238,0.3809971511363983
0.2968677878379822,0.5114482641220093,0.33045926690101624,0.47968485951423645,0.3694888651371002,0.41155749559402466,0.37591955065727234,0.33615556359291077,0.3503111004829407,0.2984296679496765,0.33763837814331055,0.3177186846733093,0.3482726514339447,0.2815326750278473,0.3442211449146271,0.3464388847351074,0.3386389911174774,0.35405251383781433,0.30566516518592834,0.31694313883781433,0.31881844997406006,0.28456300497055054,0.3190779387950897,0.3663055896759033,0.3118109405040741,0.3620467782020569,0.2756477892398834,0.32493191957473755,0.28438422083854675,0.28637343645095825,0.2910648584365845,0.36430758237838745,0.28488773107528687,0.3724968433380127,0.24320587515830994,0.33775681257247925,0.25616514682769775,0.3064224421977997,0.26618051528930664,0.360392302274704,0.26331597566604614,0.37526941299438477
0.2940661609172821,0.5103777647018433,0.3311876654624939,0.4780479371547699,0.3696027398109436,0.4132625460624695,0.37780997157096863,0.33709824085235596,0.35288453102111816,0.2959921658039093,0.33837318420410156,0.31976452469825745,0.3490852117538452,0.2798299789428711,0.3458033502101898,0.3461776673793793,0.34052547812461853,0.3593108057975769,0.30759501457214355,0.3171815574169159,0.3201747238636017,0.2801089882850647,0.32045358419418335,0.36215803027153015,0.31313446164131165,0.364519327878952,0.27781379222869873,0.32310694456100464,0.28699496388435364,0.2804853618144989,0.29358094930648804,0.36049506068229675,0.28742799162864685,0.3762088716030121,0.2449866533279419,0.3346317708492279,0.2584354281425476,0.29829126596450806,0.26821961998939514,0.3530524969100952,0.26512205600738525,0.37302714586257935
0.2903224229812622,0.5136780142784119,0.33254092931747437,0.48179423809051514,0.3730514645576477,0.42071425914764404,0.3836020827293396,0.3453516364097595,0.3596741557121277,0.300423800945282,0.34355953335762024,0.32780057191848755,0.3582337498664856,0.28335437178611755,0.3514068126678467,0.3525753915309906,0.3442290723323822,0.3685399889945984,0.3138574957847595,0.3209592401981354,0.33076179027557373,0.2800816595554352,0.3256835341453552,0.36374804377555847,0.316105455160141,0.36851972341537476,0.2842715084552765,0.32152998447418213,0.2992627024650574,0.2756296992301941,0.29977408051490784,0.358303964138031,0.29028356075286865,0.37415388226509094,0.25106221437454224,0.3271540701389313,0.2701333165168762,0.2865757942199707,0.2756679654121399,0.34289872646331787,0.26935145258903503,0.36448022723197937
0.2861773669719696,0.5178846716880798,0.3324471116065979,0.4891239404678345,0.3753102123737335,0.4327954053878784,0.39034855365753174,0.3610498309135437,0.3675694465637207,0.3170165419578552,0.3503449261188507,0.33778539299964905,0.3675428628921509,0.2927536368370056,0.356425017118454,0.3621481657028198,0.3470097482204437,0.37990084290504456,0.32124075293540955,0.3259333372116089,0.33906862139701843,0.2850362956523895,0.3299887180328369,0.36757171154022217,0.3193551003932953,0.37365520000457764,0.2910686731338501,0.32203224301338196,0.30721843242645264,0.27533966302871704,0.3039821982383728,0.3567280173301697,0.2931308448314667,0.371325820684433,0.2571178674697876,0.3226679265499115,0.2773587107658386,0.2836638391017914,0.28028276562690735,0.3402237296104431,0.2725488841533661,0.35985463857650757
0.28292596340179443,0.5193886756896973,0.3293256461620331,0.4952182471752167,0.3731476962566376,0.44518113136291504,0.39055687189102173,0.37499120831489563,0.36916252970695496,0.3280142545700073,0.35317888855934143,0.35013461112976074,0.3715001344680786,0.3063552975654602,0.3581951856613159,0.37370792031288147,0.3487088084220886,0.38866010308265686,0.3250594437122345,0.33363407850265503,0.34366005659103394,0.294705867767334,0.33151307702064514,0.37565308809280396,0.32174575328826904,0.37598463892936707,0.2956811189651489,0.32549864053726196,0.3125636577606201,0.2801778018474579,0.30634263157844543,0.3598653972148895,0.29570698738098145,0.36978864669799805,0.26221764087677,0.3211793899536133,0.282571941614151,0.28499752283096313,0.2832798659801483,0.3401460349559784,0.2749209403991699,0.35642531514167786
0.28434908390045166,0.5226029753684998,0.3285388648509979,0.4979974329471588,0.3722739517688751,0.4464356303215027,0.3901214003562927,0.3773495852947235,0.3681529462337494,0.33146294951438904,0.3540577292442322,0.350203275680542,0.3719784915447235,0.3093777298927307,0.35809606313705444,0.3767417073249817,0.34889668226242065,0.3875880241394043,0.32526761293411255,0.33457252383232117,0.34340161085128784,0.29817262291908264,0.33169302344322205,0.37871837615966797,0.32264670729637146,0.3765067160129547,0.29560554027557373,0.3274793326854706,0.31166666746139526,0.2822689116001129,0.30620813369750977,0.36196181178092957,0.296470046043396,0.3712207078933716,0.26238101720809937,0.3230072259902954,0.2817736864089966,0.2885114848613739,0.28287428617477417,0.3435314893722534,0.2753874361515045,0.3588290214538574
0.28462088108062744,0.5222464799880981,0.3286105990409851,0.4964175522327423,0.3717697858810425,0.443157821893692,0.38795706629753113,0.3745868504047394,0.36618706583976746,0.3283795118331909,0.3531494438648224,0.34841781854629517,0.37010446190834045,0.3086715340614319,0.35694557428359985,0.3750769793987274,0.3483574688434601,0.3857705295085907,0.32399487495422363,0.33279505372047424,0.3413098156452179,0.2963002324104309,0.33018583059310913,0.37684983015060425,0.32161039113998413,0.3745556175708771,0.2942066788673401,0.3258702754974365,0.30946439504623413,0.28138336539268494,0.30456674098968506,0.3611268997192383,0.29529693722724915,0.3701903223991394,0.2609405219554901,0.32216596603393555,0.27966806292533875,0.2874608039855957,0.28113240003585815,0.3428090810775757,0.2740113139152527,0.35843732953071594
0.2871100604534149,0.5166454315185547,0.3290288746356964,0.4951712191104889,0.3720185160636902,0.44064444303512573,0.3884422481060028,0.36808478832244873,0.3660827875137329,0.3214070200920105,0.35099053382873535,0.3431088626384735,0.3670291304588318,0.30227136611938477,0.3560115396976471,0.3697732090950012,0.347689688205719,0.3832392692565918,0.3217966854572296,0.32918310165405273,0.3386330306529999,0.2904900312423706,0.3295052945613861,0.37258240580558777,0.32053813338279724,0.37379178404808044,0.29202061891555786,0.3239125609397888,0.3064391613006592,0.2786746621131897,0.3037068545818329,0.3594608008861542,0.2944886088371277,0.3720097243785858,0.25869566202163696,0.3224197030067444,0.2764464318752289,0.2856455147266388,0.2799969017505646,0.34013471007347107,0.27388954162597656,0.35807955265045166
0.28865283727645874,0.5166112780570984,0.3325466215610504,0.4880046844482422,0.37184572219848633,0.4283846616744995,0.3871065378189087,0.3539040684700012,0.3649638295173645,0.30994585156440735,0.3479105234146118,0.3378365635871887,0.36261823773384094,0.29193544387817383,0.353067547082901,0.3610590994358063,0.34500569105148315,0.3756156861782074,0.31921494007110596,0.3273485004901886,0.33540278673171997,0.28303271532058716,0.3281567692756653,0.36587199568748474,0.31885042786598206,0.3691463768482208,0.28980758786201477,0.3252059519290924,0.3039233684539795,0.2766075134277344,0.3027360439300537,0.3572075068950653,0.29347383975982666,0.37071534991264343,0.25701668858528137,0.32681190967559814,0.2736136317253113,0.2858482003211975,0.2789768874645233,0.3402450680732727,0.2736393213272095,0.3596762418746948
0.2928907573223114,0.5123688578605652,0.33499622344970703,0.4783276915550232,0.3717256188392639,0.415321409702301,0.3830416798591614,0.338915079832077,0.35942789912223816,0.2954784631729126,0.3406446576118469,0.3299696445465088,0.352858304977417,0.27947819232940674,0.3486783802509308,0.3487584888935089,0.3418961763381958,0.3693830668926239,0.31280800700187683,0.32256197929382324,0.3266771137714386,0.273499071598053,0.3242901563644409,0.35680580139160156,0.3152792155742645,0.36735060811042786,0.2845997214317322,0.3227905035018921,0.29622882604599,0.2683783769607544,0.2995549738407135,0.3499642312526703,0.2916841208934784,0.37166666984558105,0.2525237202644348,0.32781311869621277,0.26649045944213867,0.28218233585357666,0.2749699354171753,0.3353850841522217,0.2716071903705597,0.35985463857650757
0.296070396900177,0.50661301612854,0.3378506004810333,0.4723733067512512,0.3707067370414734,0.4023553729057312,0.37999939918518066,0.32339709997177124,0.3555176854133606,0.28273147344589233,0.3371644914150238,0.3222573697566986,0.34677016735076904,0.27210259437561035,0.345145046710968,0.34055012464523315,0.3390584886074066,0.3627578914165497,0.30920302867889404,0.31770986318588257,0.31967073678970337,0.2677704691886902,0.3209148347377777,0.35114172101020813,0.3127819895744324,0.3661292791366577,0.28084808588027954,0.32134145498275757,0.2896067202091217,0.26786768436431885,0.2964805066585541,0.34904974699020386,0.2899050712585449,0.37369421124458313,0.2491745501756668,0.3301137685775757,0.2609909176826477,0.2833377718925476,0.27173569798469543,0.3359523117542267,0.269477903842926,0.3620019853115082
0.29985329508781433,0.5047077536582947,0.34094369411468506,0.46762412786483765,0.3716602623462677,0.3933134377002716,0.37905293703079224,0.3107353448867798,0.3529300093650818,0.27368026971817017,0.33528977632522583,0.31558626890182495,0.34372279047966003,0.2640426754951477,0.3445524573326111,0.3330124318599701,0.3389245271682739,0.35724571347236633,0.30709031224250793,0.31421464681625366,0.31657347083091736,0.26192009449005127,0.32096895575523376,0.3458852469921112,0.3127676546573639,0.3636889159679413,0.2789078652858734,0.32102087140083313,0.2862488031387329,0.26563167572021484,0.2966971695423126,0.3475779592990875,0.2910641133785248,0.37485289573669434,0.24721501767635345,0.33362019062042236,0.25762510299682617,0.285649836063385,0.27123159170150757,0.33847254514694214,0.27039578557014465,0.36584287881851196
0.3026805818080902,0.5061740279197693,0.3414011597633362,0.4583291709423065,0.36743128299713135,0.3786243498325348,0.3685709536075592,0.29680609703063965,0.3393099009990692,0.26432862877845764,0.3274328112602234,0.3105289936065674,0.33016255497932434,0.25335606932640076,0.3372821509838104,0.3225219249725342,0.3348046541213989,0.35071107745170593,0.29925841093063354,0.31568485498428345,0.3033456802368164,0.2593730688095093,0.31463927030563354,0.34291160106658936,0.30914703011512756,0.36393633484840393,0.2713061273097992,0.32895198464393616,0.2738555371761322,0.2702402174472809,0.29026731848716736,0.349898099899292,0.2876014709472656,0.3791569769382477,0.240299791097641,0.3495815694332123,0.24712732434272766,0.2977278530597687,0.264271080493927,0.34669825434684753,0.26588311791419983,0.37528562545776367
0.3031158149242401,0.5088289976119995,0.34037578105926514,0.45345115661621094,0.36188268661499023,0.3714183270931244,0.3592539429664612,0.2909983992576599,0.3288785219192505,0.2639348804950714,0.31989821791648865,0.3091241121292114,0.31960222125053406,0.25349342823028564,0.3293599784374237,0.3211217522621155,0.32862553000450134,0.347920686006546,0.29215267300605774,0.3178321123123169,0.2925466001033783,0.26315397024154663,0.30731716752052307,0.34426039457321167,0.30371564626693726,0.3643399178981781,0.26514917612075806,0.33430638909339905,0.26432833075523376,0.27620428800582886,0.28359323740005493,0.3538186550140381,0.2828250527381897,0.38245534896850586,0.2359456717967987,0.3590432405471802,0.23879972100257874,0.30889642238616943,0.2573307752609253,0.356428325176239,0.26077955961227417,0.3837448060512543
0.3021402060985565,0.5100110769271851,0.33753013610839844,0.45664912462234497,0.3587735891342163,0.37491175532341003,0.35504505038261414,0.2945805788040161,0.3242158591747284,0.26406630873680115,0.3166976571083069,0.30432233214378357,0.3146802484989166,0.2508988678455353,0.32461029291152954,0.3197677731513977,0.3243284523487091,0.3463676869869232,0.2882245182991028,0.314908891916275,0.2877439856529236,0.2624588906764984,0.30313640832901,0.3447858393192291,0.29995599389076233,0.3620213568210602,0.2611008286476135,0.333636999130249,0.25837868452072144,0.27829450368881226,0.27917027473449707,0.35578304529190063,0.28000545501708984,0.3833855986595154,0.23201614618301392,0.359859436750412,0.23306037485599518,0.31369203329086304,0.25275763869285583,0.3609621822834015,0.2578372061252594,0.3869011700153351
0.30129703879356384,0.5111905932426453,0.3357912302017212,0.4614385962486267,0.36151066422462463,0.37941962480545044,0.3592730760574341,0.2988434135913849,0.3269488215446472,0.27173951268196106,0.31877636909484863,0.30322811007499695,0.3197953701019287,0.2535884380340576,0.32857102155685425,0.3222407400608063,0.32659438252449036,0.3453647494316101,0.2893110513687134,0.3127771019935608,0.2916201055049896,0.2646007835865021,0.30578818917274475,0.3467670679092407,0.30079537630081177,0.3609974682331085,0.2616676986217499,0.33186841011047363,0.26095589995384216,0.28120505809783936,0.2808777391910553,0.35793623328208923,0.2796122133731842,0.3827510178089142,0.2318762242794037,0.35891345143318176,0.23536215722560883,0.3143700063228607,0.25434309244155884,0.3618098497390747,0.2573341727256775,0.38624316453933716
0.2978617250919342,0.5087937116622925,0.3335060775279999,0.4634842574596405,0.36148107051849365,0.38060665130615234,0.35968708992004395,0.2992669343948364,0.3276371657848358,0.2740427851676941,0.318758100271225,0.3031073212623596,0.31976571679115295,0.255542516708374,0.3269520699977875,0.32285887002944946,0.3264300227165222,0.3471338450908661,0.2888633906841278,0.31230467557907104,0.29140418767929077,0.2647104859352112,0.3033440411090851,0.3467378318309784,0.2999289929866791,0.3627341091632843,0.2610771656036377,0.3293280601501465,0.26083090901374817,0.27814602851867676,0.27843794226646423,0.3558717370033264,0.27861934900283813,0.3834877610206604,0.23086416721343994,0.35305166244506836,0.23503048717975616,0.30822283029556274,0.25228771567344666,0.3577605187892914,0.2556977868080139,0.3833533823490143
0.296207070350647,0.5108625292778015,0.3340159058570862,0.46267008781433105,0.3629117012023926,0.3864654004573822,0.3646346628665924,0.30680379271507263,0.33413267135620117,0.276272714138031,0.32076436281204224,0.3071763217449188,0.3257562816143036,0.255673885345459,0.33102622628211975,0.32642754912376404,0.3275570273399353,0.3527146577835083,0.2922416031360626,0.31239378452301025,0.2987399101257324,0.2621181607246399,0.3081730306148529,0.34553492069244385,0.30222219228744507,0.3646705746650696,0.2647644281387329,0.32730838656425476,0.26867592334747314,0.27437806129455566,0.28344643115997314,0.3533458113670349,0.28023451566696167,0.38105008006095886,0.23447439074516296,0.35019099712371826,0.24145439267158508,0.30191221833229065,0.2575097680091858,0.3513946235179901,0.25910162925720215,0.3788951635360718
0.2961611747741699,0.5091006755828857,0.3367311656475067,0.4620782732963562,0.3654978275299072,0.38617193698883057,0.3677513003349304,0.30621102452278137,0.33889442682266235,0.2746378481388092,0.3262827694416046,0.3141351342201233,0.33171793818473816,0.25913897156715393,0.33566445112228394,0.32908380031585693,0.3319609463214874,0.3533110022544861,0.2978060245513916,0.3170738220214844,0.30393338203430176,0.2638435661792755,0.31192708015441895,0.3460400402545929,0.3054150640964508,0.3634730577468872,0.2698860168457031,0.3286322355270386,0.27458518743515015,0.27268627285957336,0.28775933384895325,0.3519679605960846,0.28366485238075256,0.37840408086776733,0.23922961950302124,0.347466379404068,0.2475898265838623,0.297880083322525,0.2624371349811554,0.3483671545982361,0.26276692748069763,0.3757464289665222
0.29924842715263367,0.510875940322876,0.34082821011543274,0.4636669158935547,0.3711775541305542,0.39056268334388733,0.3778766095638275,0.31037962436676025,0.3501155972480774,0.27429819107055664,0.3336738646030426,0.3158244788646698,0.34214434027671814,0.2625885605812073,0.34379997849464417,0.33212703466415405,0.33846569061279297,0.35780665278434753,0.3063654899597168,0.31538787484169006,0.31540149450302124,0.26374393701553345,0.3202941119670868,0.3464803695678711,0.3126729428768158,0.36645472049713135,0.27848556637763977,0.32379621267318726,0.28518491983413696,0.26690930128097534,0.2956283986568451,0.3484278917312622,0.2908388078212738,0.378065824508667,0.24724486470222473,0.3394974172115326,0.25786158442497253,0.28934767842292786,0.27059632539749146,0.34255343675613403,0.2699965834617615,0.3727196156978607
0.3007551431655884,0.5085650086402893,0.34607425332069397,0.45916512608528137,0.3771105110645294,0.3902020752429962,0.38496890664100647,0.3125542998313904,0.3602536618709564,0.27204495668411255,0.34041696786880493,0.31933990120887756,0.35109543800354004,0.2661215662956238,0.34984683990478516,0.3329312801361084,0.3429378569126129,0.36205801367759705,0.3141460716724396,0.31656262278556824,0.32513898611068726,0.2648944556713104,0.32577189803123474,0.3449934422969818,0.3171687126159668,0.36799827218055725,0.28606510162353516,0.32265058159828186,0.296291708946228,0.2661815881729126,0.30209314823150635,0.34714269638061523,0.2958478033542633,0.37860074639320374,0.25382936000823975,0.336198627948761,0.2674906551837921,0.2847483456134796,0.27748435735702515,0.33759990334510803,0.27584874629974365,0.3686138093471527
0.30201491713523865,0.5098575353622437,0.3504413068294525,0.46402090787887573,0.3835347592830658,0.39861029386520386,0.39288774132728577,0.3204229474067688,0.37075281143188477,0.2755449414253235,0.3494561016559601,0.3292604088783264,0.35956835746765137,0.2728278636932373,0.35680171847343445,0.33925122022628784,0.34934568405151367,0.37095963954925537,0.3232606053352356,0.32296022772789,0.3337514400482178,0.268122136592865,0.33359721302986145,0.3483054041862488,0.32547512650489807,0.3741439878940582,0.29554983973503113,0.32502102851867676,0.3057868778705597,0.26599857211112976,0.31028982996940613,0.34708747267723083,0.30409833788871765,0.38099852204322815,0.26365599036216736,0.33313217759132385,0.2776689827442169,0.27988141775131226,0.28678804636001587,0.3333384096622467,0.284862756729126,0.3658895790576935
0.30360475182533264,0.5087375640869141,0.3548337519168854,0.4614637494087219,0.38817137479782104,0.4026121497154236,0.4005143642425537,0.3311581313610077,0.3815024197101593,0.28468796610832214,0.3565331697463989,0.332515150308609,0.37043145298957825,0.279337614774704,0.36482271552085876,0.34273281693458557,0.35542452335357666,0.3747542202472687,0.3315522372722626,0.32472413778305054,0.3457908630371094,0.2743787169456482,0.34161949157714844,0.35152947902679443,0.3319169878959656,0.37821584939956665,0.3041594326496124,0.32559341192245483,0.31854698061943054,0.26907113194465637,0.31902655959129333,0.34864431619644165,0.3106938898563385,0.38268813490867615,0.2715930640697479,0.33230137825012207,0.28812065720558167,0.27977126836776733,0.2962559163570404,0.33311882615089417,0.2937246263027191,0.36594000458717346
0.30605560541152954,0.505662739276886,0.3571890592575073,0.4635235369205475,0.391038179397583,0.40573376417160034,0.40437787771224976,0.33390140533447266,0.387134313583374,0.2866336703300476,0.361720472574234,0.33891046047210693,0.3744294047355652,0.2850237488746643,0.3679410219192505,0.34572821855545044,0.3587435781955719,0.37861838936805725,0.336926132440567,0.32932332158088684,0.3508206009864807,0.278754323720932,0.34569400548934937,0.3532499372959137,0.3365088105201721,0.3815184533596039,0.30983027815818787,0.32740646600723267,0.3241099715232849,0.2719583511352539,0.3232455551624298,0.3493936061859131,0.3151737153530121,0.3854619562625885,0.27772483229637146,0.33081766963005066,0.2951256036758423,0.28094708919525146,0.30153921246528625,0.33371591567993164,0.29823705554008484,0.36705663800239563
0.3102973997592926,0.4996005892753601,0.3600466847419739,0.4633996784687042,0.3940008878707886,0.40602949261665344,0.4071691334247589,0.3366442620754242,0.3905828595161438,0.28964388370513916,0.36493465304374695,0.34405145049095154,0.37683963775634766,0.292133092880249,0.3710295557975769,0.347866952419281,0.3621414303779602,0.38144466280937195,0.3404994308948517,0.3337777853012085,0.35378298163414,0.2827039361000061,0.348429799079895,0.35355475544929504,0.33948859572410583,0.38465219736099243,0.31389984488487244,0.33039557933807373,0.32787957787513733,0.2755400836467743,0.32621845602989197,0.3509998917579651,0.31840798258781433,0.38871410489082336,0.28274083137512207,0.3318362534046173,0.29900407791137695,0.283204585313797,0.3043946623802185,0.3354647755622864,0.30154356360435486,0.3698541224002838
0.31055986881256104,0.5009950995445251,0.3596673011779785,0.46438875794410706,0.39383575320243835,0.4044978618621826,0.4067210257053375,0.33423879742622375,0.39015644788742065,0.2859514057636261,0.3632987439632416,0.3424253463745117,0.3757529854774475,0.28632378578186035,0.37006863951683044,0.3438420593738556,0.3611164391040802,0.378147155046463,0.33820605278015137,0.3327561914920807,0.3523460924625397,0.2784397602081299,0.3481404781341553,0.3510807752609253,0.3389478325843811,0.38235288858413696,0.3111861050128937,0.32996001839637756,0.3258563280105591,0.2722139358520508,0.3262311518192291,0.3488888442516327,0.3186696171760559,0.38679903745651245,0.2799200415611267,0.33210596442222595,0.29737138748168945,0.2811391353607178,0.3045196533203125,0.3332022428512573,0.3018237352371216,0.36805546283721924
0.3065798878669739,0.5011879801750183,0.3569764494895935,0.45594364404678345,0.39026889204978943,0.3949791491031647,0.40145039558410645,0.3238376975059509,0.3843969702720642,0.2737683355808258,0.3558007478713989,0.32858312129974365,0.36969712376594543,0.2717815041542053,0.3651818037033081,0.33418309688568115,0.3552986681461334,0.3685392737388611,0.33063963055610657,0.320684552192688,0.34535157680511475,0.2668420076370239,0.342238187789917,0.34402379393577576,0.3316817581653595,0.3745950758457184,0.3029572367668152,0.32075896859169006,0.31800904870033264,0.26189157366752625,0.32001930475234985,0.34118083119392395,0.31164222955703735,0.3776976764202118,0.27019503712654114,0.3266581594944,0.2875581383705139,0.27303260564804077,0.2971471846103668,0.32481878995895386,0.29488834738731384,0.3587906062602997
0.3025895953178406,0.5056275725364685,0.35292455554008484,0.4592399299144745,0.3866075873374939,0.3980308771133423,0.39920565485954285,0.3232768476009369,0.3790077567100525,0.27531373500823975,0.35207444429397583,0.3238969147205353,0.3655101954936981,0.2691459357738495,0.361192911863327,0.3340083658695221,0.35240834951400757,0.3679046928882599,0.32615697383880615,0.3147101104259491,0.3403938412666321,0.2610490322113037,0.3371979594230652,0.34071797132492065,0.32727307081222534,0.3694527745246887,0.2975705564022064,0.3153976798057556,0.31131401658058167,0.2593458294868469,0.31344538927078247,0.3395949900150299,0.3054816722869873,0.37357473373413086,0.2641574442386627,0.32338592410087585,0.28076425194740295,0.27008843421936035,0.28977707028388977,0.3230309784412384,0.2872539460659027,0.3557438552379608
0.30215442180633545,0.5101593732833862,0.34923213720321655,0.46846839785575867,0.3835161030292511,0.40142977237701416,0.3944950997829437,0.32155856490135193,0.3703809678554535,0.2769315838813782,0.3489908277988434,0.32336777448654175,0.3590047359466553,0.26532799005508423,0.3570226728916168,0.33551883697509766,0.35038572549819946,0.36375418305397034,0.32091256976127625,0.31809404492378235,0.33212214708328247,0.26154783368110657,0.33294954895973206,0.3456740081310272,0.3242550194263458,0.36629289388656616,0.2914726138114929,0.3210741877555847,0.30171340703964233,0.26164859533309937,0.3081056773662567,0.34449928998947144,0.30152812600135803,0.37350961565971375,0.2582096457481384,0.33071258664131165,0.27176088094711304,0.2779068350791931,0.2827755808830261,0.33070108294487,0.280991792678833,0.3606870472431183
0.30466291308403015,0.5146284699440002,0.34705913066864014,0.4778555929660797,0.3840676546096802,0.409572035074234,0.39264115691185,0.3289278745651245,0.36678603291511536,0.28594547510147095,0.34980887174606323,0.3221297264099121,0.35948872566223145,0.2706213891506195,0.3579070568084717,0.341558039188385,0.3525509536266327,0.35984495282173157,0.31993183493614197,0.31913381814956665,0.33114880323410034,0.2695586085319519,0.33277273178100586,0.3541230857372284,0.3247773349285126,0.3614588677883148,0.2900572419166565,0.3241633176803589,0.29901203513145447,0.27076125144958496,0.30649036169052124,0.352656751871109,0.3001179099082947,0.3717476427555084,0.2567842900753021,0.3345429301261902,0.2699120342731476,0.2891868054866791,0.2808336913585663,0.342619925737381,0.278623104095459,0.3663214147090912
0.29977041482925415,0.517941951751709,0.33875003457069397,0.4862842857837677,0.37879785895347595,0.4138355553150177,0.3851272463798523,0.33524659276008606,0.3563610017299652,0.2989603281021118,0.3447614312171936,0.3163643479347229,0.3512715995311737,0.2754405438899994,0.34743568301200867,0.3493059575557709,0.34392091631889343,0.35850492119789124,0.3114472031593323,0.3167790472507477,0.3191477954387665,0.2801831364631653,0.321004718542099,0.3660218417644501,0.316592812538147,0.3621855080127716,0.2806965410709381,0.3252752423286438,0.28594398498535156,0.2819262742996216,0.29293227195739746,0.36227476596832275,0.2901955246925354,0.36921340227127075,0.2484021633863449,0.336467981338501,0.2579042613506317,0.3058657646179199,0.2667298913002014,0.36118754744529724,0.2660532593727112,0.37456032633781433
0.2997972369194031,0.5187947154045105,0.33775249123573303,0.48170703649520874,0.37271496653556824,0.4098755419254303,0.3794029951095581,0.3352415859699249,0.35123410820961,0.2991620898246765,0.3390721380710602,0.3130408227443695,0.34501370787620544,0.2753046751022339,0.34324806928634644,0.34811246395111084,0.3400931656360626,0.35613760352134705,0.30611076951026917,0.314685583114624,0.31269097328186035,0.280994713306427,0.31609317660331726,0.36751532554626465,0.3117753267288208,0.36067458987236023,0.2749096751213074,0.3243272304534912,0.2788833975791931,0.2841161787509918,0.28723371028900146,0.36312976479530334,0.28443068265914917,0.3669455647468567,0.24255341291427612,0.3369690179824829,0.2507382035255432,0.30895859003067017,0.26073697209358215,0.3625248074531555,0.26027825474739075,0.3739038407802582
0.29833924770355225,0.5177558064460754,0.33586540818214417,0.4811193645000458,0.3719332814216614,0.40784963965415955,0.37803277373313904,0.3321745693683624,0.3497447967529297,0.2965867519378662,0.33660686016082764,0.31104370951652527,0.34361788630485535,0.2741004228591919,0.3426032066345215,0.3459073305130005,0.33825647830963135,0.3540647625923157,0.3033924996852875,0.3133414089679718,0.31108832359313965,0.28014975786209106,0.3158453404903412,0.36586734652519226,0.31044691801071167,0.35846826434135437,0.2725294828414917,0.3234294652938843,0.276427298784256,0.28337812423706055,0.2866000235080719,0.36247310042381287,0.28338444232940674,0.36638012528419495,0.2405443787574768,0.33715569972991943,0.24882368743419647,0.30787840485572815,0.2602992057800293,0.3621511459350586,0.25993385910987854,0.37478601932525635
0.3022746741771698,0.5134721398353577,0.3405681550502777,0.4793011546134949,0.3774644434452057,0.40469443798065186,0.3838079273700714,0.3224555552005768,0.35616904497146606,0.2834042012691498,0.34174978733062744,0.3124646246433258,0.347895085811615,0.2687873840332031,0.3481043875217438,0.33866703510284424,0.3442767858505249,0.3545755445957184,0.310206800699234,0.3129575252532959,0.3180670142173767,0.27129703760147095,0.3219527006149292,0.3558723032474518,0.3155733346939087,0.3590891659259796,0.27965906262397766,0.32177025079727173,0.28456398844718933,0.2761860489845276,0.29453045129776,0.3562971353530884,0.28997206687927246,0.3722861111164093,0.24608078598976135,0.3357442021369934,0.25595319271087646,0.29703226685523987,0.26821181178092957,0.35013988614082336,0.2669343650341034,0.3698332607746124
0.3030390441417694,0.5131500959396362,0.34688347578048706,0.47065019607543945,0.38179782032966614,0.40136733651161194,0.3920801877975464,0.32218506932258606,0.36857178807258606,0.27671006321907043,0.34731563925743103,0.3145449757575989,0.35796767473220825,0.26264357566833496,0.35569268465042114,0.33312636613845825,0.3496010899543762,0.35725700855255127,0.31859174370765686,0.3115224242210388,0.3298541009426117,0.2622893154621124,0.3296818733215332,0.3450791835784912,0.32127776741981506,0.3616243600845337,0.288239061832428,0.31867533922195435,0.29829835891723633,0.2660461664199829,0.30425190925598145,0.34685784578323364,0.29805341362953186,0.3717022240161896,0.25457602739334106,0.33346301317214966,0.26901865005493164,0.28705698251724243,0.27916017174720764,0.33970558643341064,0.27687597274780273,0.36593884229660034
0.3058318793773651,0.5115990042686462,0.35762128233909607,0.4603947401046753,0.3885517418384552,0.3957355320453644,0.39904093742370605,0.3194248676300049,0.38094693422317505,0.2697780728340149,0.35517382621765137,0.3289748430252075,0.3671993911266327,0.27525365352630615,0.3636345863342285,0.33851873874664307,0.3551482856273651,0.37173354625701904,0.33001258969306946,0.3233679533004761,0.3431365191936493,0.27108800411224365,0.34077590703964233,0.34896761178970337,0.33158963918685913,0.3766574263572693,0.30261799693107605,0.3261699676513672,0.31603503227233887,0.2683829367160797,0.3180253207683563,0.3490404486656189,0.31028178334236145,0.3840346038341522,0.2701808214187622,0.3354744017124176,0.2871078550815582,0.2804815173149109,0.2957127094268799,0.33473116159439087,0.29312050342559814,0.3683200478553772
0.31086379289627075,0.5097118020057678,0.3607368469238281,0.46045151352882385,0.3911338448524475,0.39476537704467773,0.39889904856681824,0.32215940952301025,0.3818264901638031,0.2747053802013397,0.35621821880340576,0.3321974277496338,0.3679546117782593,0.27586084604263306,0.36691343784332275,0.33777907490730286,0.3581213057041168,0.3726716637611389,0.3315808176994324,0.32893410325050354,0.34384673833847046,0.2754935324192047,0.3447684943675995,0.35150057077407837,0.3353656232357025,0.3817204236984253,0.30499857664108276,0.3331547677516937,0.31786423921585083,0.2750501036643982,0.3226732909679413,0.3537158668041229,0.3149994909763336,0.39032942056655884,0.2735394835472107,0.3436068296432495,0.2899176776409149,0.290713369846344,0.2999367117881775,0.342151403427124,0.2973368465900421,0.3755626380443573
0.31174102425575256,0.505807101726532,0.36122575402259827,0.4608073830604553,0.3916866183280945,0.3960327208042145,0.3996090888977051,0.3241127133369446,0.3825395703315735,0.27747344970703125,0.35623741149902344,0.3345504701137543,0.366951584815979,0.2787644565105438,0.3666282892227173,0.3384954035282135,0.3586929738521576,0.3743535578250885,0.3319314122200012,0.33228763937950134,0.3440130054950714,0.27843040227890015,0.34520062804222107,0.3525574803352356,0.33610424399375916,0.3837921619415283,0.3059054911136627,0.33616402745246887,0.3186575770378113,0.27829015254974365,0.323259562253952,0.3557099997997284,0.3156556785106659,0.3924846351146698,0.27493253350257874,0.3453827202320099,0.29078954458236694,0.29301947355270386,0.30073097348213196,0.34398868680000305,0.2983108460903168,0.37763795256614685
0.31326889991760254,0.5159547328948975,0.36324772238731384,0.4700559079647064,0.3964451849460602,0.4110414981842041,0.406841903924942,0.3383411169052124,0.38777756690979004,0.2931942939758301,0.3622961640357971,0.3420347273349762,0.3742809295654297,0.2918521761894226,0.37126392126083374,0.35227423906326294,0.3632625341415405,0.38341349363327026,0.3368469178676605,0.33535754680633545,0.3494899570941925,0.28676125407218933,0.3478063941001892,0.36237794160842896,0.33878186345100403,0.388371080160141,0.30998164415359497,0.33781999349594116,0.32245469093322754,0.28534650802612305,0.325264573097229,0.36187100410461426,0.317823201417923,0.39435911178588867,0.27826976776123047,0.347395122051239,0.29393094778060913,0.2973162531852722,0.3028460741043091,0.3493534326553345,0.3001936376094818,0.3801458477973938
0.3142985999584198,0.5211986899375916,0.3619016408920288,0.4760262668132782,0.39358043670654297,0.4148157238960266,0.4038155674934387,0.34166571497917175,0.3829314410686493,0.2982562482357025,0.3596634566783905,0.34602752327919006,0.37029966711997986,0.2921536862850189,0.3681323826313019,0.3550860285758972,0.3611457049846649,0.38626646995544434,0.3337955176830292,0.3401893973350525,0.3454255759716034,0.28802838921546936,0.34516263008117676,0.3650209903717041,0.3366369307041168,0.39071592688560486,0.3064192533493042,0.34352636337280273,0.31814688444137573,0.2886097729206085,0.3227902352809906,0.3657471537590027,0.3162577152252197,0.39764049649238586,0.2750474214553833,0.3542953133583069,0.28927308320999146,0.30234214663505554,0.2996329963207245,0.35386836528778076,0.29819226264953613,0.3857593834400177
0.31620800495147705,0.5230073928833008,0.3617441654205322,0.47710052132606506,0.3935708701610565,0.4140262007713318,0.40344464778900146,0.34020188450813293,0.3812622129917145,0.2981080412864685,0.3582209348678589,0.3421242833137512,0.36889439821243286,0.2908543348312378,0.3674871325492859,0.355040967464447,0.3610585629940033,0.3833199143409729,0.3318699598312378,0.3382680416107178,0.34383440017700195,0.28834450244903564,0.3444240093231201,0.3665330708026886,0.3362576961517334,0.38902974128723145,0.3045635223388672,0.343519389629364,0.31639018654823303,0.2905833125114441,0.3220829963684082,0.36778977513313293,0.31574809551239014,0.39719685912132263,0.27353161573410034,0.3562471270561218,0.2878158688545227,0.3063141405582428,0.2985905408859253,0.3572276830673218,0.2971254289150238,0.3866724967956543
0.31583911180496216,0.5257536172866821,0.3618186116218567,0.4765934348106384,0.392602801322937,0.4115850627422333,0.40053698420524597,0.33543872833251953,0.377746045589447,0.2932834029197693,0.35546058416366577,0.33661943674087524,0.36590903997421265,0.28503575921058655,0.3659406006336212,0.3521201014518738,0.3596293032169342,0.37996041774749756,0.3295920491218567,0.33499717712402344,0.341068297624588,0.2850634455680847,0.34335070848464966,0.3654627203941345,0.3349975347518921,0.3867656886577606,0.3031131625175476,0.3421356678009033,0.3139059245586395,0.28742969036102295,0.3209805190563202,0.36682209372520447,0.3147483766078949,0.39628833532333374,0.27256396412849426,0.35654518008232117,0.286018043756485,0.30594849586486816,0.2974850535392761,0.3577389121055603,0.296165406703949,0.3872582018375397
0.31352394819259644,0.5213446021080017,0.36165955662727356,0.47384512424468994,0.3936005234718323,0.4097100496292114,0.40340909361839294,0.33545660972595215,0.3827487826347351,0.2906181216239929,0.35861483216285706,0.3386307954788208,0.3704195022583008,0.2854275107383728,0.3684149384498596,0.35045716166496277,0.36065906286239624,0.3799402713775635,0.33314868807792664,0.3343866169452667,0.34600427746772766,0.28402483463287354,0.34561505913734436,0.36216965317726135,0.3361539840698242,0.38580968976020813,0.30636367201805115,0.33880874514579773,0.3191044330596924,0.28367921710014343,0.3233740031719208,0.3627110719680786,0.31590479612350464,0.3937474489212036,0.27513912320137024,0.349865585565567,0.29086750745773315,0.29925334453582764,0.30035513639450073,0.3513898253440857,0.2974444329738617,0.3818555772304535
0.31406694650650024,0.5174357891082764,0.3621133267879486,0.46887803077697754,0.39331838488578796,0.4078211486339569,0.40305691957473755,0.33658868074417114,0.3848382830619812,0.28951171040534973,0.35833293199539185,0.3411695957183838,0.37125951051712036,0.28755396604537964,0.36914679408073425,0.35028618574142456,0.360227108001709,0.38330578804016113,0.334061861038208,0.3364501893520355,0.34750527143478394,0.2860347628593445,0.346932053565979,0.3626593053340912,0.3370341360569,0.3906307816505432,0.3079717755317688,0.3404347896575928,0.321768581867218,0.28704607486724854,0.32493487000465393,0.364301472902298,0.3163725733757019,0.3969065248966217,0.2766335606575012,0.3505302965641022,0.29372161626815796,0.3010614216327667,0.30269989371299744,0.3515063226222992,0.2985406816005707,0.3808188736438751
0.312819242477417,0.5198654532432556,0.3614831864833832,0.47172749042510986,0.3917711079120636,0.40984097123146057,0.4003797173500061,0.33825549483299255,0.3820728063583374,0.29392164945602417,0.35770225524902344,0.34465575218200684,0.3684333562850952,0.289786696434021,0.3671935796737671,0.35015127062797546,0.35955268144607544,0.38492465019226074,0.33298155665397644,0.3402332067489624,0.3445858061313629,0.28853726387023926,0.3449328541755676,0.36293405294418335,0.3362489640712738,0.39259448647499084,0.3069237470626831,0.34419167041778564,0.31857767701148987,0.2899617552757263,0.32308652997016907,0.3652217984199524,0.3161447048187256,0.39949509501457214,0.27632132172584534,0.3551294505596161,0.29093557596206665,0.30376118421554565,0.30096501111984253,0.35351067781448364,0.29861676692962646,0.3848307430744171
0.308126300573349,0.5158439874649048,0.35541605949401855,0.47289639711380005,0.38538825511932373,0.4063045084476471,0.3897798955440521,0.3304765522480011,0.37039780616760254,0.28646424412727356,0.35202646255493164,0.34080421924591064,0.35870063304901123,0.2839311361312866,0.35792917013168335,0.3473149240016937,0.3524499535560608,0.38247257471084595,0.3255843222141266,0.3385292887687683,0.334076851606369,0.2841569781303406,0.3358698785305023,0.36127007007598877,0.3295975625514984,0.390979528427124,0.2986947298049927,0.3441535532474518,0.3080099821090698,0.28777968883514404,0.3140045702457428,0.3654811680316925,0.309293270111084,0.40028682351112366,0.26790276169776917,0.35682085156440735,0.2801158130168915,0.30391040444374084,0.2909991145133972,0.3551976978778839,0.29074907302856445,0.3868929445743561
0.3052525818347931,0.5192585587501526,0.3503418266773224,0.4704717695713043,0.3782225251197815,0.3992237150669098,0.3827158510684967,0.32256802916526794,0.35966581106185913,0.281543105840683,0.3456382155418396,0.3426460325717926,0.34922710061073303,0.28385037183761597,0.34918099641799927,0.3452534079551697,0.34458568692207336,0.3804759681224823,0.31907394528388977,0.34114283323287964,0.32434582710266113,0.2844373881816864,0.328106552362442,0.3595621585845947,0.32383808493614197,0.3908962607383728,0.2922820746898651,0.34784266352653503,0.2979600429534912,0.2885947823524475,0.3060953915119171,0.36464953422546387,0.3038771152496338,0.4012394845485687,0.2626863718032837,0.3622070550918579,0.27117228507995605,0.3085082173347473,0.2830530107021332,0.35876670479774475,0.2849428057670593,0.39165472984313965
0.30187422037124634,0.512528121471405,0.346551775932312,0.4677357077598572,0.3733592629432678,0.3950446546077728,0.37706393003463745,0.3163045048713684,0.3526184856891632,0.27742600440979004,0.3414302468299866,0.33738356828689575,0.34278059005737305,0.2804935574531555,0.343470960855484,0.3403315544128418,0.34080976247787476,0.37570926547050476,0.3146800696849823,0.3370826542377472,0.31791922450065613,0.2820587158203125,0.32284778356552124,0.3573010563850403,0.32072290778160095,0.3885417878627777,0.2881695032119751,0.3443114161491394,0.291639506816864,0.2869933843612671,0.3006727993488312,0.3632502257823944,0.30001938343048096,0.40019649267196655,0.2587801516056061,0.35844194889068604,0.26503100991249084,0.3079192042350769,0.27724605798721313,0.35819512605667114,0.28033334016799927,0.3901984691619873
0.30177778005599976,0.5128520727157593,0.3442562222480774,0.46243250370025635,0.3678637146949768,0.3858414590358734,0.369751513004303,0.3076237738132477,0.34443604946136475,0.27016931772232056,0.3359066843986511,0.33251363039016724,0.33536872267723083,0.27430301904678345,0.3388861119747162,0.3325369358062744,0.33740976452827454,0.37050777673721313,0.3094874620437622,0.33551251888275146,0.3108961284160614,0.2779313027858734,0.3187297582626343,0.35075581073760986,0.31726107001304626,0.3851403594017029,0.28333693742752075,0.3456881046295166,0.2852211594581604,0.28698965907096863,0.29695600271224976,0.3601713180541992,0.2971310317516327,0.3984082043170929,0.2548607885837555,0.3632783889770508,0.26098883152008057,0.3114825487136841,0.2744103968143463,0.35916072130203247,0.27769237756729126,0.3916971981525421
0.30435505509376526,0.5122578740119934,0.34496888518333435,0.4567190408706665,0.36529111862182617,0.37824225425720215,0.3647826015949249,0.29944032430648804,0.3383684456348419,0.26370149850845337,0.3325749635696411,0.33168160915374756,0.3303459584712982,0.271467387676239,0.33495697379112244,0.32912880182266235,0.3344241976737976,0.3671174943447113,0.3059666156768799,0.33689624071121216,0.3057505190372467,0.27682915329933167,0.3155319392681122,0.34903329610824585,0.3148650527000427,0.3828760087490082,0.2798950970172882,0.34892576932907104,0.27960920333862305,0.2875637412071228,0.29406318068504333,0.36040598154067993,0.2958620488643646,0.3991786241531372,0.2517518997192383,0.3680303692817688,0.2549576461315155,0.3139440417289734,0.2708907127380371,0.36042553186416626,0.2762995958328247,0.393306165933609
0.30368080735206604,0.5128071308135986,0.3428344130516052,0.4527670741081238,0.3618009686470032,0.3756856620311737,0.3609713613986969,0.2971532940864563,0.3344857096672058,0.26096662878990173,0.32920172810554504,0.3318592309951782,0.32579174637794495,0.27319031953811646,0.33084994554519653,0.33015185594558716,0.33059608936309814,0.3680247664451599,0.30288368463516235,0.3373982608318329,0.30123844742774963,0.2784390449523926,0.3118380606174469,0.34969082474708557,0.31230175495147705,0.3837004005908966,0.2769656479358673,0.35038211941719055,0.275529682636261,0.2894993722438812,0.29067501425743103,0.3607618510723114,0.29348331689834595,0.4000608026981354,0.24931320548057556,0.3713585138320923,0.2509010434150696,0.31619715690612793,0.2672555446624756,0.3603096604347229,0.2738476097583771,0.39376360177993774
0.3034079670906067,0.510532796382904,0.33745113015174866,0.44897979497909546,0.3533879220485687,0.3687337338924408,0.35005560517311096,0.2936379909515381,0.322008341550827,0.25958526134490967,0.3196878135204315,0.3197247087955475,0.31435254216194153,0.26653456687927246,0.32082992792129517,0.3228093981742859,0.3219148516654968,0.36085057258605957,0.29374033212661743,0.32846710085868835,0.28986555337905884,0.27598944306373596,0.30250662565231323,0.34750881791114807,0.30488595366477966,0.3822163939476013,0.2688536047935486,0.3469931185245514,0.2644263207912445,0.2935025095939636,0.28155070543289185,0.36323684453964233,0.2859872877597809,0.4004939794540405,0.2426271140575409,0.37413454055786133,0.2424061894416809,0.3264501690864563,0.25949761271476746,0.3685474991798401,0.26588574051856995,0.39743420481681824
0.30034056305885315,0.5170106887817383,0.33331426978111267,0.45104527473449707,0.3471453785896301,0.3665505051612854,0.34033387899398804,0.28792575001716614,0.3099420368671417,0.2576969265937805,0.30971381068229675,0.321882426738739,0.3035368025302887,0.26329705119132996,0.31313052773475647,0.323396772146225,0.3151595890522003,0.36158934235572815,0.2840079963207245,0.33377236127853394,0.2793000340461731,0.2764958441257477,0.2951435446739197,0.3489682078361511,0.29739344120025635,0.38230669498443604,0.25932517647743225,0.35463467240333557,0.2533079981803894,0.29434821009635925,0.27434077858924866,0.364645391702652,0.2800464630126953,0.40233948826789856,0.23351846635341644,0.3841153681278229,0.23150008916854858,0.3306308686733246,0.2512098550796509,0.37310904264450073,0.2597584128379822,0.4040628671646118
0.29503709077835083,0.519870936870575,0.33113694190979004,0.45394229888916016,0.3500300645828247,0.3739478588104248,0.3471619188785553,0.29495877027511597,0.3190563917160034,0.26048988103866577,0.3128315806388855,0.3230566382408142,0.31121641397476196,0.2642630934715271,0.31811872124671936,0.32653090357780457,0.318082720041275,0.36180487275123596,0.2873009741306305,0.3305710554122925,0.28617411851882935,0.27377814054489136,0.2973642945289612,0.34862005710601807,0.2968648374080658,0.37720558047294617,0.2618977725505829,0.347205251455307,0.2598818242549896,0.2864567041397095,0.2756591737270355,0.3606055974960327,0.2784051299095154,0.3968229293823242,0.23445433378219604,0.3717103898525238,0.23585063219070435,0.31739020347595215,0.25204604864120483,0.36318862438201904,0.2582554221153259,0.3940889239311218
0.2715659439563751,0.5184516310691833,0.31475162506103516,0.47215157747268677,0.3437478244304657,0.4030914008617401,0.3479115068912506,0.326505184173584,0.32446420192718506,0.2856506109237671,0.31195396184921265,0.33141446113586426,0.3148239552974701,0.27716535329818726,0.3142149746417999,0.3444101810455322,0.311142235994339,0.37605786323547363,0.284984827041626,0.32900503277778625,0.28871604800224304,0.27513211965560913,0.2916063964366913,0.3543085753917694,0.2884140610694885,0.37925589084625244,0.2575370669364929,0.3347671627998352,0.2607455551624298,0.2775718867778778,0.26798486709594727,0.3562614321708679,0.2667892575263977,0.3880649209022522,0.22748057544231415,0.34757426381111145,0.233496755361557,0.2977984547615051,0.24382078647613525,0.34864482283592224,0.24597600102424622,0.3775247037410736
0.25782647728919983,0.513931155204773,0.30404165387153625,0.48171788454055786,0.3371007442474365,0.4192512631416321,0.3444555699825287,0.3409174382686615,0.32294631004333496,0.29685646295547485,0.3088705539703369,0.3442465662956238,0.3150935471057892,0.29231786727905273,0.31146255135536194,0.3562502861022949,0.3079480826854706,0.38443148136138916,0.2811511158943176,0.337994247674942,0.28860247135162354,0.2842596769332886,0.28805235028266907,0.3624627888202667,0.28360214829444885,0.38311898708343506,0.2539485692977905,0.3372144401073456,0.2602955996990204,0.2786482870578766,0.2641943097114563,0.35773077607154846,0.2609889507293701,0.38789740204811096,0.22358539700508118,0.3412393033504486,0.2310616821050644,0.2938026189804077,0.2395544797182083,0.3462602198123932,0.24071794748306274,0.3738127648830414
0.26007118821144104,0.5159620046615601,0.3070314824581146,0.4819326102733612,0.3421638309955597,0.42236220836639404,0.3522796034812927,0.3460562527179718,0.3316410183906555,0.3006975054740906,0.3117607831954956,0.3454863131046295,0.3212679624557495,0.2908225953578949,0.31671932339668274,0.35595637559890747,0.3111475706100464,0.3839280605316162,0.28475844860076904,0.3369225263595581,0.29607677459716797,0.28317946195602417,0.29298803210258484,0.3620058596134186,0.28579580783843994,0.38182690739631653,0.2573297619819641,0.3346944749355316,0.26767775416374207,0.27687522768974304,0.2691705822944641,0.35636579990386963,0.2633843421936035,0.38547876477241516,0.22636185586452484,0.3377075493335724,0.23816952109336853,0.2872113585472107,0.2455611526966095,0.3394744396209717,0.24432890117168427,0.3685097098350525
0.2643280029296875,0.5150115489959717,0.31046515703201294,0.4783214330673218,0.3463385999202728,0.42166420817375183,0.35970649123191833,0.34743037819862366,0.3393585979938507,0.29979920387268066,0.3181540071964264,0.34103649854660034,0.3294319212436676,0.28998351097106934,0.32381078600883484,0.3549586534500122,0.3168565034866333,0.3825002908706665,0.2913990914821625,0.33055487275123596,0.3033671975135803,0.28123778104782104,0.29966941475868225,0.3593652546405792,0.29181137681007385,0.3785330355167389,0.2634565830230713,0.32847052812576294,0.2738169729709625,0.27333617210388184,0.27535197138786316,0.3519648313522339,0.2689257562160492,0.3807627856731415,0.2317580133676529,0.3327614367008209,0.24476273357868195,0.28286993503570557,0.2521042823791504,0.3352424204349518,0.2500227689743042,0.36524319648742676
0.27474650740623474,0.4919697344303131,0.31257423758506775,0.4667087495326996,0.35010066628456116,0.4082332253456116,0.35797828435897827,0.3323667049407959,0.3338526487350464,0.2897093892097473,0.32214781641960144,0.32145777344703674,0.3285978138446808,0.2782786786556244,0.3270220160484314,0.34437841176986694,0.3240272104740143,0.3563007414340973,0.2926994860172272,0.31712833046913147,0.3007069528102875,0.27516335248947144,0.30214813351631165,0.3557010591030121,0.29745373129844666,0.3538312315940857,0.2644290626049042,0.3195391297340393,0.270480215549469,0.2740021049976349,0.27623245120048523,0.3503057360649109,0.27208995819091797,0.35938718914985657,0.23390419781208038,0.3261972665786743,0.24388746917247772,0.291363924741745,0.2516193985939026,0.3424864411354065,0.2490854412317276,0.3583812713623047
0.2806359827518463,0.4797828793525696,0.3182452917098999,0.45693299174308777,0.35666194558143616,0.4003269076347351,0.36601459980010986,0.3267810642719269,0.34458833932876587,0.284437358379364,0.33062130212783813,0.31129729747772217,0.33651572465896606,0.27213120460510254,0.33402687311172485,0.33602577447891235,0.33179140090942383,0.3451823890209198,0.3013031482696533,0.3065766990184784,0.3089067339897156,0.2690550982952118,0.3090663552284241,0.34735897183418274,0.30510079860687256,0.343105673789978,0.2728843688964844,0.3082771599292755,0.27860334515571594,0.2670482099056244,0.28326165676116943,0.34126994013786316,0.2799488306045532,0.34738343954086304,0.24230937659740448,0.313850462436676,0.252022385597229,0.2827303111553192,0.25895822048187256,0.33350038528442383,0.2568546533584595,0.3473040759563446
0.28589850664138794,0.47203516960144043,0.3227861821651459,0.448505699634552,0.3612942695617676,0.39205557107925415,0.370071142911911,0.320254385471344,0.3475323021411896,0.27983397245407104,0.3360409438610077,0.30491065979003906,0.3419731855392456,0.26536351442337036,0.3386784791946411,0.3290744721889496,0.3365039527416229,0.3384748697280884,0.30626362562179565,0.3006722927093506,0.3138104975223541,0.2631441354751587,0.3134237825870514,0.341426283121109,0.30982300639152527,0.3375968039035797,0.2777111828327179,0.3026730418205261,0.28320208191871643,0.26184186339378357,0.287417471408844,0.3363148868083954,0.28447750210762024,0.3431529402732849,0.24699462950229645,0.30835384130477905,0.25626251101493835,0.27713143825531006,0.26319417357444763,0.3282276391983032,0.26179033517837524,0.3429547846317291
0.28932252526283264,0.46863818168640137,0.32717597484588623,0.44494304060935974,0.3688150644302368,0.3917158544063568,0.3832882046699524,0.3243806064128876,0.3651220500469208,0.2802535891532898,0.3441537320613861,0.29966387152671814,0.35794150829315186,0.26661837100982666,0.35063138604164124,0.3287498950958252,0.3433595895767212,0.33652177453041077,0.3150389790534973,0.29130709171295166,0.33045724034309387,0.25994426012039185,0.325361043214798,0.3369494080543518,0.3173460364341736,0.3333680331707001,0.28634920716285706,0.2916761338710785,0.29975539445877075,0.2565118670463562,0.2996940612792969,0.33038151264190674,0.2910628318786621,0.33633238077163696,0.2553160786628723,0.29653462767601013,0.27225780487060547,0.26823949813842773,0.2763192355632782,0.31920453906059265,0.269636332988739,0.3321656584739685
0.28769540786743164,0.4656364321708679,0.3280852437019348,0.44115394353866577,0.3687010705471039,0.3912261426448822,0.38563764095306396,0.32495713233947754,0.3666478395462036,0.2801967263221741,0.3418205678462982,0.29578787088394165,0.35888856649398804,0.26419323682785034,0.3500945270061493,0.32869645953178406,0.34149906039237976,0.3361288905143738,0.31329214572906494,0.28730344772338867,0.3315213620662689,0.2569541335105896,0.3258184492588043,0.3341388702392578,0.3168812096118927,0.3305295705795288,0.28534114360809326,0.2881828248500824,0.30155590176582336,0.2527982294559479,0.3015609681606293,0.3260081112384796,0.29198694229125977,0.33148759603500366,0.255340576171875,0.292507141828537,0.27473002672195435,0.2656143307685852,0.2787199318408966,0.3158441483974457,0.27066129446029663,0.32767143845558167
0.2812333106994629,0.46467554569244385,0.3221606910228729,0.44014644622802734,0.3662324845790863,0.3947793245315552,0.38582146167755127,0.3350692689418793,0.3695400655269623,0.29050928354263306,0.3403332531452179,0.29102206230163574,0.3639252483844757,0.2714379131793976,0.3515085279941559,0.3329412341117859,0.3400260806083679,0.3336498737335205,0.31104016304016113,0.2804250717163086,0.3360529839992523,0.2614583671092987,0.3267320990562439,0.33595162630081177,0.31486284732818604,0.3310874104499817,0.2828528881072998,0.2809976637363434,0.3054564893245697,0.253071665763855,0.30169057846069336,0.32631203532218933,0.2885165810585022,0.32910922169685364,0.2530783712863922,0.2845754623413086,0.2784881889820099,0.2635795772075653,0.27950671315193176,0.31665199995040894,0.26819083094596863,0.32560884952545166
0.28061237931251526,0.4643758535385132,0.32446497678756714,0.44207340478897095,0.3690117299556732,0.3960709273815155,0.39151936769485474,0.3414033055305481,0.3781532943248749,0.300004780292511,0.34642404317855835,0.2957155406475067,0.37202954292297363,0.27923521399497986,0.3574683666229248,0.34036189317703247,0.3450583219528198,0.3379910886287689,0.31708475947380066,0.28289076685905457,0.3451334834098816,0.26915907859802246,0.3327440023422241,0.34192538261413574,0.320221483707428,0.3339438736438751,0.2890285551548004,0.2812342047691345,0.3160921335220337,0.257989764213562,0.3092265725135803,0.33072951436042786,0.2951621413230896,0.3305602967739105,0.2608763873577118,0.28271612524986267,0.29015183448791504,0.2664399743080139,0.2881583571434021,0.3204190135002136,0.2749682664871216,0.32715922594070435
0.2804495692253113,0.46484264731407166,0.32298800349235535,0.44078758358955383,0.36772793531417847,0.3957666754722595,0.39221203327178955,0.3418254852294922,0.3796870708465576,0.29949167370796204,0.34624308347702026,0.29181984066963196,0.37227606773376465,0.27748990058898926,0.3569284677505493,0.33926519751548767,0.34472543001174927,0.33599406480789185,0.3163527846336365,0.2784888744354248,0.34479206800460815,0.26705124974250793,0.3320210874080658,0.33984804153442383,0.31974026560783386,0.3314876854419708,0.288234680891037,0.2783104181289673,0.3151659369468689,0.2547261118888855,0.30856844782829285,0.3277348577976227,0.29460105299949646,0.3282281160354614,0.260307639837265,0.28032153844833374,0.2888312041759491,0.26412710547447205,0.28725364804267883,0.3176948130130768,0.27490144968032837,0.3245299458503723
0.28352952003479004,0.46245792508125305,0.3263671100139618,0.4399010241031647,0.37043696641921997,0.3947303295135498,0.39269688725471497,0.3391033709049225,0.38028958439826965,0.29525065422058105,0.34966519474983215,0.2966790795326233,0.37392714619636536,0.27768269181251526,0.35896044969558716,0.3394761085510254,0.34727218747138977,0.3384261429309845,0.3202686011791229,0.283007949590683,0.3474571406841278,0.2666611075401306,0.334690660238266,0.3397974967956543,0.32237228751182556,0.33363112807273865,0.29248785972595215,0.2814198434352875,0.3180522620677948,0.25434789061546326,0.31159526109695435,0.327738881111145,0.29773253202438354,0.33028703927993774,0.2640901505947113,0.28211790323257446,0.2917153537273407,0.2638362646102905,0.2903836965560913,0.31729432940483093,0.2783651649951935,0.3249380588531494
0.2883463501930237,0.4669398069381714,0.3326552212238312,0.4400193989276886,0.3734281063079834,0.39418816566467285,0.394135981798172,0.3389221429824829,0.38189414143562317,0.2950015366077423,0.34928980469703674,0.3000093996524811,0.3739997148513794,0.27839431166648865,0.3608822524547577,0.33910229802131653,0.3487399220466614,0.3379608988761902,0.32234987616539,0.289651483297348,0.3492448031902313,0.27024054527282715,0.3376425504684448,0.343141108751297,0.3249462842941284,0.3363458216190338,0.29552823305130005,0.2883013188838959,0.3208881914615631,0.2587669789791107,0.31453487277030945,0.3314293920993805,0.2998533248901367,0.3339722156524658,0.2666129469871521,0.28884047269821167,0.29412171244621277,0.2684819996356964,0.2928829491138458,0.31882351636886597,0.2800717055797577,0.3269522786140442
0.2916432321071625,0.4730339050292969,0.3359965682029724,0.44413745403289795,0.374131441116333,0.39679622650146484,0.39566975831985474,0.3418969511985779,0.3843945860862732,0.29647505283355713,0.3512002229690552,0.30531805753707886,0.3744906783103943,0.27648594975471497,0.36373957991600037,0.33978506922721863,0.3519752025604248,0.3436554968357086,0.32514965534210205,0.29617875814437866,0.3498344123363495,0.27157148718833923,0.34018439054489136,0.3460877537727356,0.3270483613014221,0.34189289808273315,0.2984478771686554,0.2950485050678253,0.32270991802215576,0.2606455683708191,0.3174155354499817,0.334261417388916,0.30222633481025696,0.339975506067276,0.2690178453922272,0.2955114245414734,0.29601967334747314,0.2704085409641266,0.29587361216545105,0.32047775387763977,0.2831989824771881,0.3320448398590088
0.3006094992160797,0.4809168577194214,0.34536197781562805,0.448954313993454,0.3782370686531067,0.38834404945373535,0.3915257751941681,0.3190334141254425,0.37303727865219116,0.2774963080883026,0.34810447692871094,0.3101957440376282,0.3623264729976654,0.2663843035697937,0.35837823152542114,0.33054107427597046,0.35112226009368896,0.34811434149742126,0.3228128254413605,0.30438196659088135,0.337378591299057,0.26152631640434265,0.33467549085617065,0.33785489201545715,0.3246455490589142,0.34737205505371094,0.29578375816345215,0.3055652678012848,0.3103017807006836,0.25842365622520447,0.31225377321243286,0.334110289812088,0.302912175655365,0.35273849964141846,0.2653104066848755,0.31213217973709106,0.28213611245155334,0.2715514600276947,0.2891837954521179,0.3212135136127472,0.28425276279449463,0.3433917760848999
0.2974590063095093,0.46587085723876953,0.33506259322166443,0.4427649974822998,0.36513879895210266,0.3674035370349884,0.3653465509414673,0.28742730617523193,0.33913397789001465,0.25679919123649597,0.33825790882110596,0.2991218566894531,0.3291526138782501,0.252668559551239,0.3319648206233978,0.30895695090293884,0.33582133054733276,0.33502379059791565,0.3115021884441376,0.29990872740745544,0.30552831292152405,0.25196391344070435,0.31301045417785645,0.3249861001968384,0.31496188044548035,0.3470713496208191,0.2865522801876068,0.3056795299053192,0.28079620003700256,0.2550295293331146,0.2911393642425537,0.3276256322860718,0.29352548718452454,0.3572668731212616,0.25867944955825806,0.31612154841423035,0.25829988718032837,0.2788660228252411,0.26854538917541504,0.3280906081199646,0.2727397084236145,0.35241055488586426
0.2996218204498291,0.4747042655944824,0.33233749866485596,0.4368029236793518,0.35133975744247437,0.3581554889678955,0.3454224467277527,0.2799467444419861,0.31656789779663086,0.24920983612537384,0.32792484760284424,0.2924063503742218,0.31710994243621826,0.24664294719696045,0.3229190707206726,0.30112606287002563,0.3268742859363556,0.3290828764438629,0.30162668228149414,0.2966591715812683,0.2925720512866974,0.2517944872379303,0.3048055171966553,0.32534661889076233,0.3085373342037201,0.3442403972148895,0.2773381769657135,0.3069589138031006,0.26782530546188354,0.2604983150959015,0.28284376859664917,0.33146536350250244,0.28696390986442566,0.3592161238193512,0.2503416836261749,0.32328900694847107,0.24655327200889587,0.28638139367103577,0.2606019079685211,0.33289849758148193,0.2674266993999481,0.355907678604126
0.3035561740398407,0.47275471687316895,0.33291658759117126,0.4379298985004425,0.3489232659339905,0.35503125190734863,0.3401629626750946,0.27777862548828125,0.3095877766609192,0.25040024518966675,0.3323467969894409,0.2824150323867798,0.3172656297683716,0.24246415495872498,0.32230114936828613,0.2977053225040436,0.3273203372955322,0.31734785437583923,0.3057723641395569,0.2882906198501587,0.29289546608924866,0.24700483679771423,0.305284321308136,0.3209213614463806,0.30987197160720825,0.33593127131462097,0.2817964255809784,0.30009281635284424,0.26819056272506714,0.25740355253219604,0.28351882100105286,0.3289644718170166,0.2889916002750397,0.353342741727829,0.25628527998924255,0.31705114245414734,0.24992311000823975,0.28551822900772095,0.2626371383666992,0.33337315917015076,0.26946163177490234,0.3526582419872284
0.305469274520874,0.47099030017852783,0.3322660028934479,0.43003109097480774,0.34365954995155334,0.3509950637817383,0.3332357406616211,0.2788495123386383,0.3040595054626465,0.24903228878974915,0.33058246970176697,0.2733461260795593,0.30905213952064514,0.242879256606102,0.3143097758293152,0.29724159836769104,0.3206513226032257,0.3162177801132202,0.30406245589256287,0.28006964921951294,0.28637656569480896,0.2451796978712082,0.30008554458618164,0.3185018002986908,0.30731111764907837,0.33339521288871765,0.2801213562488556,0.29426634311676025,0.2628440260887146,0.2577604651451111,0.2800089716911316,0.3264734148979187,0.2878856360912323,0.3494633436203003,0.25539475679397583,0.31465354561805725,0.24732013046741486,0.2871062159538269,0.26043403148651123,0.33232957124710083,0.2683723568916321,0.34933537244796753
0.3034471869468689,0.4682368338108063,0.3304595351219177,0.4310404360294342,0.34139856696128845,0.34685802459716797,0.32876530289649963,0.271566241979599,0.29638671875,0.24823623895645142,0.3250262141227722,0.2743280529975891,0.30610063672065735,0.2410244643688202,0.31329143047332764,0.29463934898376465,0.3196018934249878,0.3124760091304779,0.29878973960876465,0.2831170856952667,0.2826399505138397,0.24600133299827576,0.29783886671066284,0.3180895745754242,0.30397048592567444,0.3333488702774048,0.2754049599170685,0.297745943069458,0.259013295173645,0.2605055570602417,0.27740514278411865,0.3290329873561859,0.2843981683254242,0.3527076840400696,0.2506658434867859,0.31731003522872925,0.2430608570575714,0.2892643213272095,0.25664806365966797,0.33550235629081726,0.2639772295951843,0.35314837098121643
0.3026283085346222,0.46911510825157166,0.32917970418930054,0.43088772892951965,0.34000641107559204,0.346920907497406,0.3265479505062103,0.27377837896347046,0.29492804408073425,0.2496185600757599,0.32419154047966003,0.2725781500339508,0.2999807596206665,0.24252498149871826,0.30695322155952454,0.29592329263687134,0.3151037395000458,0.3162120282649994,0.29819414019584656,0.28272414207458496,0.2778177559375763,0.24885126948356628,0.2936743199825287,0.32021430134773254,0.301975280046463,0.3369223177433014,0.2750893533229828,0.2973075211048126,0.2553309202194214,0.2637009918689728,0.2737775444984436,0.33165645599365234,0.2827579379081726,0.3550683856010437,0.2507641017436981,0.3166128098964691,0.2409636676311493,0.2914378345012665,0.25393468141555786,0.33861276507377625,0.26214832067489624,0.3559762239456177
0.29934200644493103,0.46869605779647827,0.3283831477165222,0.436884343624115,0.34238845109939575,0.3505236804485321,0.3280735909938812,0.27480804920196533,0.29630348086357117,0.25184667110443115,0.32566866278648376,0.27546754479408264,0.3023199141025543,0.24370262026786804,0.3098202347755432,0.2974092960357666,0.31804409623146057,0.317964643239975,0.2994404733181,0.2846347391605377,0.28019067645072937,0.250967800617218,0.295683354139328,0.32208922505378723,0.30326855182647705,0.34055766463279724,0.2762002944946289,0.2978323996067047,0.2579469084739685,0.2648666799068451,0.27546292543411255,0.33473432064056396,0.2836681604385376,0.3595573604106903,0.2512989640235901,0.31606677174568176,0.2427789866924286,0.28976598381996155,0.2551039755344391,0.3387690484523773,0.2624564468860626,0.35725024342536926
0.3027598559856415,0.4761652946472168,0.32976967096328735,0.43814918398857117,0.3420700132846832,0.3557312786579132,0.33040884137153625,0.2814692556858063,0.29892370104789734,0.2540537118911743,0.32571345567703247,0.2796694040298462,0.3050885796546936,0.2470684051513672,0.3116125464439392,0.3015052378177643,0.3180083632469177,0.3212969899177551,0.2993736267089844,0.28791344165802,0.2819594442844391,0.2523341774940491,0.29664045572280884,0.3254382312297821,0.3035045266151428,0.34108757972717285,0.27560606598854065,0.3023141324520111,0.25820764899253845,0.265036404132843,0.27589601278305054,0.33517369627952576,0.2836534380912781,0.35943904519081116,0.25037702918052673,0.32232171297073364,0.24210499227046967,0.29472029209136963,0.25568124651908875,0.34174972772598267,0.2637690603733063,0.359744131565094
0.3014858663082123,0.4704835116863251,0.3305647373199463,0.43981054425239563,0.34414809942245483,0.3552738428115845,0.33072730898857117,0.2786293923854828,0.2991248071193695,0.25419068336486816,0.32488757371902466,0.2837257981300354,0.3049754500389099,0.24872712790966034,0.31066226959228516,0.30235913395881653,0.31676289439201355,0.32398176193237305,0.29891231656074524,0.29276609420776367,0.282243549823761,0.25404107570648193,0.29629185795783997,0.326641708612442,0.30264729261398315,0.3440016210079193,0.27603408694267273,0.3053050637245178,0.2589412331581116,0.26580628752708435,0.27592554688453674,0.33581528067588806,0.2832833230495453,0.36118412017822266,0.2509152591228485,0.3220492899417877,0.2426353394985199,0.29447174072265625,0.2558480203151703,0.34272995591163635,0.26369708776474,0.3608236312866211
0.3012864887714386,0.4740675687789917,0.3297070562839508,0.4407727122306824,0.34335583448410034,0.3569287061691284,0.33108359575271606,0.2816031277179718,0.3002038896083832,0.2564888894557953,0.32400819659233093,0.2828797698020935,0.3042312264442444,0.250180184841156,0.310750812292099,0.30288177728652954,0.3169932961463928,0.32467904686927795,0.2979859709739685,0.29151883721351624,0.2813277542591095,0.2546307146549225,0.2962662875652313,0.3264079988002777,0.30283045768737793,0.344319611787796,0.27510032057762146,0.30510061979293823,0.257986843585968,0.2672904133796692,0.27602458000183105,0.3365001678466797,0.2835802137851715,0.362436443567276,0.25018858909606934,0.3240772485733032,0.2414049208164215,0.29671424627304077,0.25575101375579834,0.343069463968277,0.26435044407844543,0.3607906401157379
0.30089473724365234,0.47397029399871826,0.32969728112220764,0.43707942962646484,0.3421139419078827,0.35609185695648193,0.3298046588897705,0.2824147939682007,0.29865574836730957,0.2568510174751282,0.3240812420845032,0.28399962186813354,0.3052530586719513,0.24987533688545227,0.31148356199264526,0.30284005403518677,0.3175128698348999,0.3269718587398529,0.29762306809425354,0.2924027442932129,0.281782329082489,0.25464749336242676,0.2963821589946747,0.3264361619949341,0.30321159958839417,0.3451787829399109,0.27410995960235596,0.30608034133911133,0.2582244873046875,0.2664971351623535,0.27577534317970276,0.33489924669265747,0.2832799255847931,0.36179396510124207,0.24898283183574677,0.3250996470451355,0.24151480197906494,0.2958507239818573,0.25533217191696167,0.34155747294425964,0.2635512948036194,0.36059287190437317
0.29998984932899475,0.4771440327167511,0.328582763671875,0.44345080852508545,0.343495637178421,0.3616943657398224,0.33209604024887085,0.2852357029914856,0.3009805679321289,0.2582640051841736,0.32550764083862305,0.2880021333694458,0.3052595853805542,0.2523992657661438,0.31137239933013916,0.3064531087875366,0.31783580780029297,0.32705938816070557,0.298929899930954,0.2961055636405945,0.28209981322288513,0.2577749490737915,0.29643869400024414,0.33084017038345337,0.3032589852809906,0.34550753235816956,0.2753242254257202,0.30837759375572205,0.2582405209541321,0.2699646055698395,0.2751193940639496,0.3393399119377136,0.28288519382476807,0.36233818531036377,0.24999669194221497,0.32531288266181946,0.24141541123390198,0.29765385389328003,0.25457924604415894,0.34485331177711487,0.26262322068214417,0.36250826716423035
0.30132296681404114,0.47358983755111694,0.32952627539634705,0.44530758261680603,0.3441791534423828,0.3614959418773651,0.33311885595321655,0.28325939178466797,0.3008911907672882,0.25808537006378174,0.3247011601924896,0.2866440415382385,0.30761268734931946,0.25044044852256775,0.31364792585372925,0.30398932099342346,0.3188007175922394,0.32477837800979614,0.2984316647052765,0.294914573431015,0.2839668095111847,0.25569960474967957,0.2981451451778412,0.329880952835083,0.30355775356292725,0.3443596661090851,0.2750657796859741,0.30704477429389954,0.2599051296710968,0.2672184109687805,0.27692779898643494,0.3377703130245209,0.2830989956855774,0.36227214336395264,0.24917009472846985,0.32309985160827637,0.2419997602701187,0.2957710027694702,0.25590333342552185,0.3435802161693573,0.2637268602848053,0.36118608713150024
0.30149155855178833,0.476917028427124,0.3301483392715454,0.44003868103027344,0.3456111252307892,0.36020874977111816,0.3368200361728668,0.2846594452857971,0.30591440200805664,0.258043110370636,0.32461175322532654,0.28591907024383545,0.30667901039123535,0.25234848260879517,0.3128467798233032,0.30610519647598267,0.31878331303596497,0.3277963697910309,0.29847589135169983,0.2927391529083252,0.28329166769981384,0.2565065622329712,0.2977919578552246,0.32858243584632874,0.3042958974838257,0.34470614790916443,0.27496153116226196,0.30606263875961304,0.2590312361717224,0.26805561780929565,0.27649566531181335,0.3366048336029053,0.28373801708221436,0.3614594340324402,0.24949701130390167,0.32543933391571045,0.24137172102928162,0.2976105213165283,0.25602754950523376,0.343176931142807,0.2647644579410553,0.36145642399787903
0.3020111918449402,0.4730623960494995,0.33049502968788147,0.44159334897994995,0.3463185727596283,0.36134615540504456,0.33894363045692444,0.2822215259075165,0.3074271082878113,0.2547108829021454,0.32581737637519836,0.2860950827598572,0.30922839045524597,0.2515559792518616,0.3160235285758972,0.30486732721328735,0.32184797525405884,0.32593443989753723,0.2997841536998749,0.2920452356338501,0.28561100363731384,0.2563715875148773,0.3008185625076294,0.32970917224884033,0.30686521530151367,0.34412941336631775,0.27639490365982056,0.3033503592014313,0.2614690959453583,0.2668296992778778,0.27912279963493347,0.33633026480674744,0.2859291434288025,0.36143383383750916,0.25053760409355164,0.31921708583831787,0.24349664151668549,0.2938375473022461,0.2573723793029785,0.34088027477264404,0.2653312087059021,0.35917794704437256
0.302747905254364,0.47405222058296204,0.33243295550346375,0.44255805015563965,0.34939223527908325,0.36300498247146606,0.3426256775856018,0.28382283449172974,0.311343789100647,0.25680628418922424,0.32774049043655396,0.2909358739852905,0.31337761878967285,0.25247299671173096,0.3194052278995514,0.30553239583969116,0.3242863714694977,0.3281218111515045,0.30116236209869385,0.2960783839225769,0.28898942470550537,0.2567317485809326,0.30290573835372925,0.3298490345478058,0.30800414085388184,0.3446575105190277,0.27717655897140503,0.30663812160491943,0.2640836834907532,0.2665303945541382,0.28098398447036743,0.3358195424079895,0.28675997257232666,0.3611680865287781,0.2508655786514282,0.32232919335365295,0.2447458952665329,0.2926748991012573,0.2589525878429413,0.3390164375305176,0.2663458585739136,0.35866257548332214
0.30201512575149536,0.4747433364391327,0.33379828929901123,0.44431272149086,0.35376524925231934,0.3683662712574005,0.349745512008667,0.2916102409362793,0.3188733756542206,0.264400452375412,0.3310655951499939,0.2965448200702667,0.32096970081329346,0.2540113925933838,0.3263573944568634,0.3100930452346802,0.3299288749694824,0.3338344991207123,0.3044789433479309,0.2991279661655426,0.29525500535964966,0.25869372487068176,0.3073974847793579,0.33266887068748474,0.3108033835887909,0.3482927978038788,0.2797728180885315,0.30836665630340576,0.26971256732940674,0.2674831449985504,0.28484803438186646,0.33853331208229065,0.2890664041042328,0.36312583088874817,0.25295111536979675,0.3237967789173126,0.24874192476272583,0.29217275977134705,0.26232537627220154,0.33994701504707336,0.26853036880493164,0.36154353618621826
0.3054139018058777,0.471255362033844,0.33932778239250183,0.4470789134502411,0.36553847789764404,0.37090134620666504,0.3632563352584839,0.2915041148662567,0.3333955705165863,0.2635221481323242,0.3389739692211151,0.30059105157852173,0.3319513499736786,0.25897160172462463,0.3370139002799988,0.31787240505218506,0.3395942747592926,0.3381693363189697,0.31172823905944824,0.3015502095222473,0.306242436170578,0.25922974944114685,0.3166068196296692,0.33411705493927,0.3176877796649933,0.34916824102401733,0.2866506278514862,0.30855634808540344,0.2793624997138977,0.2649011015892029,0.29287344217300415,0.3379385769367218,0.2951069474220276,0.36180874705314636,0.25923988223075867,0.32084766030311584,0.25741735100746155,0.28827744722366333,0.26975324749946594,0.33745965361595154,0.27406272292137146,0.35833412408828735
0.31133994460105896,0.47211939096450806,0.3465140759944916,0.45259934663772583,0.3757050037384033,0.3788466155529022,0.3757300078868866,0.3007057309150696,0.34851428866386414,0.2722083330154419,0.3470572829246521,0.30357301235198975,0.34492993354797363,0.2586381137371063,0.3479485511779785,0.320473313331604,0.34848693013191223,0.3430740237236023,0.3200654983520508,0.30450212955474854,0.31952574849128723,0.26056984066963196,0.32638847827911377,0.3372405767440796,0.32512858510017395,0.3513830602169037,0.2950127124786377,0.31064674258232117,0.2931479811668396,0.26342707872390747,0.3036262094974518,0.33879342675209045,0.3037426471710205,0.3642052114009857,0.2672725021839142,0.32104456424713135,0.26899364590644836,0.28385329246520996,0.27976280450820923,0.33422741293907166,0.28290826082229614,0.35797616839408875
0.3131868243217468,0.4774125814437866,0.35090160369873047,0.4478737711906433,0.37944161891937256,0.3831714391708374,0.3849613666534424,0.30998870730400085,0.3606260418891907,0.2784053683280945,0.35238945484161377,0.31237828731536865,0.35499149560928345,0.2630041241645813,0.35511818528175354,0.32594606280326843,0.35305696725845337,0.34820178151130676,0.3259281516075134,0.31046542525291443,0.3296833038330078,0.2624892294406891,0.33303314447402954,0.3383040726184845,0.32938212156295776,0.3525039255619049,0.2997503876686096,0.31517380475997925,0.3028315603733063,0.26425108313560486,0.310910701751709,0.33821338415145874,0.3090236186981201,0.3621232807636261,0.271335244178772,0.32501721382141113,0.27750179171562195,0.2831934094429016,0.2880839705467224,0.3318192958831787,0.2897546887397766,0.35633108019828796
0.31506556272506714,0.48093849420547485,0.3536258935928345,0.44797831773757935,0.38357222080230713,0.3846324384212494,0.3906255066394806,0.3122116029262543,0.3659817576408386,0.2796035408973694,0.3550025224685669,0.31278979778289795,0.35977572202682495,0.2660691440105438,0.35997340083122253,0.3276086151599884,0.3569653034210205,0.34825873374938965,0.3289734125137329,0.30966517329216003,0.33436739444732666,0.2635168433189392,0.33759841322898865,0.3378073275089264,0.3328874111175537,0.3522464334964752,0.3027704656124115,0.31431782245635986,0.30730393528938293,0.26406604051589966,0.3156029284000397,0.337006539106369,0.3127935528755188,0.3619104027748108,0.27421000599861145,0.32546383142471313,0.28199923038482666,0.28202903270721436,0.29288047552108765,0.32918649911880493,0.2940501570701599,0.35512980818748474
0.31726208329200745,0.47762537002563477,0.35640275478363037,0.4461781978607178,0.3879777193069458,0.3865017592906952,0.39594128727912903,0.31606101989746094,0.3724333643913269,0.280498206615448,0.3567839562892914,0.31218913197517395,0.3648141324520111,0.26796260476112366,0.3630640208721161,0.3296962380409241,0.3587268590927124,0.351341187953949,0.33108922839164734,0.3078957796096802,0.3401501774787903,0.2628939151763916,0.3413573205471039,0.338155061006546,0.3354703485965729,0.3537977933883667,0.3050343096256256,0.3117884695529938,0.31268253922462463,0.26270294189453125,0.3196262717247009,0.33644264936447144,0.31547415256500244,0.3616330623626709,0.27618408203125,0.3226354718208313,0.286710262298584,0.27937987446784973,0.2970176935195923,0.3266353905200958,0.2965092062950134,0.3520205616950989
0.31761449575424194,0.47478389739990234,0.35764119029045105,0.4423159062862396,0.3900658190250397,0.3841565251350403,0.39824163913726807,0.31435397267341614,0.37527191638946533,0.2788692116737366,0.35844916105270386,0.3109491467475891,0.36773714423179626,0.2676647901535034,0.3652130961418152,0.3290739357471466,0.36020469665527344,0.35111579298973083,0.3331904709339142,0.305591881275177,0.34352847933769226,0.2620805501937866,0.3432709872722626,0.33565109968185425,0.33664390444755554,0.3528237044811249,0.3069441616535187,0.3089040517807007,0.31552964448928833,0.2608824670314789,0.3210584223270416,0.33392325043678284,0.3162439167499542,0.35994696617126465,0.27763861417770386,0.31958889961242676,0.2890723943710327,0.27594950795173645,0.2983972728252411,0.32350829243659973,0.29752445220947266,0.34996944665908813
0.3197058141231537,0.47323447465896606,0.3607495427131653,0.44153204560279846,0.39493328332901,0.3851239085197449,0.4053077697753906,0.31677427887916565,0.3840848207473755,0.2789894938468933,0.36553090810775757,0.3102603554725647,0.3766467273235321,0.26966819167137146,0.3722492754459381,0.3306296765804291,0.36609095335006714,0.34903013706207275,0.34055009484291077,0.30370011925697327,0.35266152024269104,0.2616423964500427,0.35041168332099915,0.33512651920318604,0.34288546442985535,0.3502035439014435,0.31434473395347595,0.30546995997428894,0.3249413073062897,0.2586362361907959,0.3285479247570038,0.3319292366504669,0.32279205322265625,0.35624465346336365,0.28486940264701843,0.3139980137348175,0.2986537516117096,0.2733427882194519,0.30654391646385193,0.3221539258956909,0.3045005202293396,0.34772875905036926
0.3215702474117279,0.4709586799144745,0.3627241253852844,0.43986859917640686,0.3958306610584259,0.3845892548561096,0.4076302647590637,0.3169894516468048,0.3872395157814026,0.27840036153793335,0.3653657138347626,0.3095499277114868,0.37762153148651123,0.2675843834877014,0.3731381297111511,0.329249769449234,0.3659358322620392,0.35121864080429077,0.34096384048461914,0.3030455708503723,0.3540767431259155,0.26047003269195557,0.35184574127197266,0.3343980014324188,0.3435913622379303,0.35251227021217346,0.3152606189250946,0.30514705181121826,0.3269859850406647,0.258793443441391,0.33054739236831665,0.3320489227771759,0.32429009675979614,0.35825115442276,0.28617921471595764,0.31369444727897644,0.3003522753715515,0.2711424231529236,0.3087303042411804,0.3195236623287201,0.3064873516559601,0.3462959825992584
0.324820339679718,0.4657295346260071,0.3667140305042267,0.4346454441547394,0.3996747136116028,0.38028213381767273,0.4119102954864502,0.31399574875831604,0.3923317790031433,0.27601197361946106,0.3696063756942749,0.30507147312164307,0.3813092112541199,0.26302585005760193,0.3772338926792145,0.32361504435539246,0.36993008852005005,0.34562382102012634,0.3454335629940033,0.2985963225364685,0.3580765128135681,0.25769540667533875,0.3558693826198578,0.3303731381893158,0.3474230468273163,0.34742966294288635,0.3196166753768921,0.3006718158721924,0.33128106594085693,0.2556611895561218,0.33454564213752747,0.3276786506175995,0.327940434217453,0.3530581295490265,0.2901494801044464,0.3092082440853119,0.3042452335357666,0.2664380669593811,0.3125606179237366,0.31381168961524963,0.31013748049736023,0.3403025269508362
0.32953348755836487,0.45850175619125366,0.37143805623054504,0.4262751340866089,0.40314072370529175,0.3717637062072754,0.414711058139801,0.3056987226009369,0.3947831690311432,0.26824137568473816,0.37238267064094543,0.298478901386261,0.38355836272239685,0.2546921372413635,0.3805646598339081,0.31412118673324585,0.37353837490081787,0.3387874960899353,0.3483804762363434,0.2925260066986084,0.3606650233268738,0.24974490702152252,0.3595239818096161,0.3212519586086273,0.3511650264263153,0.34097403287887573,0.32282012701034546,0.2950872480869293,0.3345305025577545,0.24713139235973358,0.33853936195373535,0.31959041953086853,0.3320486545562744,0.34748104214668274,0.2935725450515747,0.3041895031929016,0.30787956714630127,0.2608293294906616,0.31658315658569336,0.3079758286476135,0.31432580947875977,0.3348633944988251
0.33085718750953674,0.4635283648967743,0.374604195356369,0.42593514919281006,0.4058252274990082,0.37126848101615906,0.41717788577079773,0.3046092391014099,0.39630424976348877,0.2664569914340973,0.37466874718666077,0.3000940680503845,0.38693273067474365,0.2556934356689453,0.38307133316993713,0.3148404359817505,0.3751473128795624,0.34132814407348633,0.35133713483810425,0.29315680265426636,0.364350825548172,0.25042524933815,0.3621184825897217,0.32241353392601013,0.35310542583465576,0.34357506036758423,0.32644039392471313,0.29495736956596375,0.338571161031723,0.24651628732681274,0.34135448932647705,0.31878915429115295,0.33426618576049805,0.34726786613464355,0.2971980571746826,0.30388492345809937,0.312115341424942,0.2593778371810913,0.3201024830341339,0.30788716673851013,0.317344605922699,0.335719496011734
0.3314792215824127,0.46677345037460327,0.3744620382785797,0.430664986371994,0.40552690625190735,0.3746786117553711,0.4161068797111511,0.3082103729248047,0.39481687545776367,0.2713306248188019,0.3748130202293396,0.30517011880874634,0.3864222764968872,0.2584787905216217,0.38319891691207886,0.31878530979156494,0.37598782777786255,0.3435118496417999,0.3508826196193695,0.29917341470718384,0.3632641136646271,0.25348588824272156,0.3621857166290283,0.3257286846637726,0.3538147509098053,0.34590113162994385,0.32561618089675903,0.3009777367115021,0.33790457248687744,0.2503163814544678,0.3416634500026703,0.32307130098342896,0.33515191078186035,0.3515981137752533,0.2965899109840393,0.30912891030311584,0.3117610514163971,0.26408278942108154,0.32013165950775146,0.3123193681240082,0.3177366554737091,0.3406563997268677
0.33009690046310425,0.47135624289512634,0.37359458208084106,0.43507418036460876,0.4050237238407135,0.37971222400665283,0.41615936160087585,0.3126361668109894,0.39519691467285156,0.2757364511489868,0.3743520677089691,0.309933602809906,0.3862457573413849,0.2663184404373169,0.38262614607810974,0.326147198677063,0.37542861700057983,0.349948912858963,0.35006436705589294,0.3034347891807556,0.3625344932079315,0.2599636912345886,0.36130741238594055,0.3324628472328186,0.35312846302986145,0.35151413083076477,0.32466137409210205,0.3056412637233734,0.3367478549480438,0.25686532258987427,0.3403606712818146,0.32943540811538696,0.3336584270000458,0.35647156834602356,0.29543638229370117,0.3146302103996277,0.31013184785842896,0.2704194188117981,0.31868085265159607,0.31872808933258057,0.316297709941864,0.3456522524356842
0.329614520072937,0.47337204217910767,0.3716657757759094,0.43857139348983765,0.40251120924949646,0.38115087151527405,0.4129692316055298,0.3147425949573517,0.39208441972732544,0.2791944444179535,0.37217700481414795,0.3140018582344055,0.38256239891052246,0.26578855514526367,0.3801429271697998,0.32643815875053406,0.3735630214214325,0.3509021997451782,0.34774184226989746,0.308804988861084,0.3587755858898163,0.26230567693710327,0.3586815893650055,0.3351157307624817,0.35089391469955444,0.3550090789794922,0.32221081852912903,0.31121450662612915,0.3329715132713318,0.2605924606323242,0.3377179503440857,0.3330259621143341,0.33183789253234863,0.3607308268547058,0.2934633791446686,0.3199327886104584,0.3065526485443115,0.2732478380203247,0.31580692529678345,0.3199761211872101,0.3144550919532776,0.34802669286727905
0.3280210494995117,0.4793087840080261,0.3700340986251831,0.4445747435092926,0.40145865082740784,0.38446342945098877,0.41182440519332886,0.3163316547870636,0.3900292217731476,0.28301793336868286,0.3706086277961731,0.31562864780426025,0.3818688988685608,0.26948297023773193,0.37919995188713074,0.3317148685455322,0.3729148507118225,0.353505939245224,0.3461816906929016,0.31069043278694153,0.3578360080718994,0.26459282636642456,0.35742300748825073,0.33936989307403564,0.3495626747608185,0.3573186695575714,0.3207402527332306,0.31320250034332275,0.3320544958114624,0.26359331607818604,0.33661913871765137,0.33748307824134827,0.3304443061351776,0.3636710047721863,0.2920030355453491,0.32213714718818665,0.30554038286209106,0.27757036685943604,0.314710795879364,0.3256145715713501,0.31294625997543335,0.3527372181415558
0.32577764987945557,0.48341310024261475,0.3672444522380829,0.4464847445487976,0.39895933866500854,0.3880864083766937,0.4090425372123718,0.32014745473861694,0.38722264766693115,0.2846652865409851,0.36731892824172974,0.3143717646598816,0.3790702521800995,0.2700728476047516,0.37692075967788696,0.3323230743408203,0.3708285987377167,0.3538524806499481,0.342939168214798,0.3102884888648987,0.35512176156044006,0.265982985496521,0.3551795482635498,0.34019336104393005,0.34735143184661865,0.35789549350738525,0.3175272047519684,0.31425774097442627,0.32893863320350647,0.2650965452194214,0.3340975344181061,0.3387106657028198,0.32823702692985535,0.3653061091899872,0.2887653708457947,0.3252926468849182,0.3029888868331909,0.28093084692955017,0.31236618757247925,0.3289054036140442,0.3106076121330261,0.3561774790287018
0.32588934898376465,0.4818408787250519,0.3663463294506073,0.44510701298713684,0.3967956006526947,0.38326311111450195,0.4053025543689728,0.31462976336479187,0.3832434415817261,0.2790588140487671,0.3655903935432434,0.3148057162761688,0.37529847025871277,0.2679753303527832,0.37355631589889526,0.32956942915916443,0.36786043643951416,0.35278281569480896,0.34129562973976135,0.3102722465991974,0.35135507583618164,0.2632249891757965,0.3520914912223816,0.3374040126800537,0.34521564841270447,0.3576417565345764,0.31599870324134827,0.3134920001029968,0.32488033175468445,0.26260438561439514,0.33079174160957336,0.33711349964141846,0.3262555003166199,0.36607903242111206,0.287548303604126,0.32364028692245483,0.2990691661834717,0.2773277759552002,0.30882135033607483,0.32606080174446106,0.30829918384552,0.3553721308708191
0.3250269591808319,0.4813345968723297,0.3672846257686615,0.44521641731262207,0.39832523465156555,0.3845587372779846,0.4076652526855469,0.31686851382255554,0.3861335217952728,0.28158271312713623,0.36678582429885864,0.31430965662002563,0.37785547971725464,0.26851722598075867,0.3755764365196228,0.33034491539001465,0.36885836720466614,0.3531387448310852,0.34213924407958984,0.30997177958488464,0.35353419184684753,0.26449936628341675,0.3538355529308319,0.33854997158050537,0.3457290530204773,0.3575006425380707,0.31668558716773987,0.3136063814163208,0.3273191750049591,0.2642842233181,0.33275505900382996,0.33732685446739197,0.3265590965747833,0.36390420794487,0.28797388076782227,0.3240829110145569,0.30134013295173645,0.2791987359523773,0.3110969066619873,0.3270690143108368,0.3092748522758484,0.3542521595954895
0.3248159885406494,0.4800402522087097,0.3664999306201935,0.44150811433792114,0.3964962661266327,0.3820866048336029,0.4060920476913452,0.3152812421321869,0.3846866190433502,0.27983638644218445,0.3655945062637329,0.31358665227890015,0.37610486149787903,0.26841336488723755,0.37410447001457214,0.32880842685699463,0.3678692877292633,0.3531971573829651,0.3411273956298828,0.30903100967407227,0.3520297110080719,0.2633923292160034,0.3523571193218231,0.33680784702301025,0.3450091779232025,0.3581923842430115,0.31574296951293945,0.31280386447906494,0.3256992995738983,0.2632996439933777,0.33122149109840393,0.3359965980052948,0.3261045217514038,0.36507079005241394,0.2872001528739929,0.3237188756465912,0.2996591329574585,0.27790001034736633,0.30951565504074097,0.3251568675041199,0.3087546229362488,0.35369446873664856
0.3247334361076355,0.47796130180358887,0.3673127293586731,0.4402901530265808,0.39825010299682617,0.3816239535808563,0.4079703688621521,0.3126392364501953,0.38660404086112976,0.2771965265274048,0.3667987287044525,0.3138097822666168,0.3764825165271759,0.2677874267101288,0.3736892640590668,0.32822397351264954,0.36783188581466675,0.35268527269363403,0.3424076437950134,0.30809465050697327,0.3529103100299835,0.2628384232521057,0.3525477647781372,0.33528050780296326,0.3456292748451233,0.3555860221385956,0.3171193301677704,0.3110302686691284,0.32637372612953186,0.2608330249786377,0.3312872648239136,0.3331387937068939,0.32647767663002014,0.36233001947402954,0.28840911388397217,0.321085661649704,0.3001518249511719,0.27491018176078796,0.309415727853775,0.322985976934433,0.30858373641967773,0.3517168164253235
0.32570159435272217,0.472623348236084,0.3664509356021881,0.4389501214027405,0.3974915146827698,0.37846094369888306,0.4058569073677063,0.3101319670677185,0.3835776448249817,0.27587080001831055,0.36627015471458435,0.3114565312862396,0.37453773617744446,0.26284122467041016,0.37351271510124207,0.3238981068134308,0.3681522607803345,0.34878912568092346,0.3412915766239166,0.30701345205307007,0.35018542408943176,0.25899186730384827,0.351883202791214,0.3332881033420563,0.3453035354614258,0.3543075919151306,0.3156026303768158,0.31039708852767944,0.3234235346317291,0.25985974073410034,0.3301711082458496,0.33333009481430054,0.3259153962135315,0.3617568910121918,0.2869974970817566,0.32032471895217896,0.2979910969734192,0.2753634750843048,0.3079807162284851,0.3233347535133362,0.307181179523468,0.35123294591903687
0.3253020942211151,0.4769218862056732,0.3668365478515625,0.44311919808387756,0.3973313868045807,0.3818586766719818,0.40612536668777466,0.31295377016067505,0.3842672109603882,0.2788897454738617,0.3677169382572174,0.3130396902561188,0.37537750601768494,0.26507535576820374,0.37349236011505127,0.3263355791568756,0.3685912489891052,0.3504600524902344,0.34265246987342834,0.3085755705833435,0.3509539067745209,0.261400431394577,0.3517859876155853,0.33454400300979614,0.34569111466407776,0.35431334376335144,0.31677383184432983,0.312040239572525,0.3242632746696472,0.2613252103328705,0.3301975429058075,0.3337753415107727,0.32616573572158813,0.3613843023777008,0.2881549596786499,0.32236117124557495,0.29923662543296814,0.2772970199584961,0.30860888957977295,0.32515576481819153,0.3079344630241394,0.35272017121315
0.3260532319545746,0.4776461720466614,0.36744463443756104,0.440559983253479,0.39819014072418213,0.3796083331108093,0.4060399532318115,0.31182554364204407,0.38449838757514954,0.2766207754611969,0.36485543847084045,0.31245216727256775,0.374565452337265,0.2682795524597168,0.37386083602905273,0.32893115282058716,0.3682779371738434,0.3506334722042084,0.3399372696876526,0.3096969723701477,0.3504703640937805,0.2642988860607147,0.35255366563796997,0.3376355767250061,0.3452828824520111,0.3561916947364807,0.3146088123321533,0.31428807973861694,0.32388055324554443,0.2653428912162781,0.3310268819332123,0.33748090267181396,0.32595357298851013,0.36342236399650574,0.28629136085510254,0.3256029188632965,0.29871615767478943,0.2822813093662262,0.3088327646255493,0.32949626445770264,0.307217001914978,0.3555081784725189
0.32574477791786194,0.47890448570251465,0.36586570739746094,0.4442254602909088,0.39627552032470703,0.38223108649253845,0.40334880352020264,0.3142375946044922,0.3802422285079956,0.28101879358291626,0.3660459816455841,0.3116926848888397,0.37327080965042114,0.26965537667274475,0.37273547053337097,0.3300251066684723,0.3682403564453125,0.350754052400589,0.34011733531951904,0.30939093232154846,0.3478773534297943,0.2669956684112549,0.3506890833377838,0.3402988612651825,0.345018208026886,0.35752367973327637,0.31426864862442017,0.3151700496673584,0.321706622838974,0.2689521610736847,0.3289855420589447,0.3413040041923523,0.32495319843292236,0.3661678731441498,0.28606870770454407,0.3281826376914978,0.29687079787254333,0.2864036560058594,0.3065378665924072,0.33444419503211975,0.30561092495918274,0.35955527424812317
0.3241974115371704,0.48354363441467285,0.3614419400691986,0.4496931731700897,0.3906553387641907,0.3855088949203491,0.396252304315567,0.3152211010456085,0.3724399507045746,0.28251126408576965,0.3590179979801178,0.3142179548740387,0.3640836477279663,0.2703041732311249,0.3664422929286957,0.33171916007995605,0.3631431460380554,0.349063515663147,0.3323454260826111,0.31541019678115845,0.33830755949020386,0.27350592613220215,0.34483277797698975,0.3476353883743286,0.3397549092769623,0.356741338968277,0.30663755536079407,0.3243069350719452,0.31172364950180054,0.279008150100708,0.3224067687988281,0.35048410296440125,0.31868776679039,0.36908379197120667,0.2790778577327728,0.33936595916748047,0.2872072458267212,0.2999318242073059,0.29940924048423767,0.3463679850101471,0.2992100119590759,0.3677304685115814
0.3207997679710388,0.4793562889099121,0.35761526226997375,0.44321757555007935,0.38863587379455566,0.3782826066017151,0.3939121961593628,0.30642232298851013,0.36779969930648804,0.27460193634033203,0.35346904397010803,0.30052340030670166,0.3593794107437134,0.2602306008338928,0.36128538846969604,0.3222314417362213,0.3576110005378723,0.3410201370716095,0.32586249709129333,0.3019552528858185,0.33319082856178284,0.26277825236320496,0.3390226662158966,0.33842921257019043,0.3336108922958374,0.3495084047317505,0.2990057170391083,0.311512291431427,0.3042447566986084,0.26768776774406433,0.31561872363090515,0.3409070372581482,0.3125896453857422,0.3629261553287506,0.2698398232460022,0.32806307077407837,0.27911829948425293,0.2901213765144348,0.29229068756103516,0.3382294178009033,0.292824923992157,0.3611745834350586
0.31451621651649475,0.46021580696105957,0.3536483943462372,0.42380452156066895,0.3866342604160309,0.3536352515220642,0.3914213478565216,0.27669093012809753,0.36530861258506775,0.2407926470041275,0.34687426686286926,0.27114611864089966,0.35501447319984436,0.22774288058280945,0.35690411925315857,0.2945622503757477,0.35290825366973877,0.31819483637809753,0.3188673257827759,0.2726593017578125,0.32842275500297546,0.22984346747398376,0.33388441801071167,0.3108562231063843,0.32801923155784607,0.3298657536506653,0.2914746403694153,0.2837918698787689,0.2983519732952118,0.23707625269889832,0.31000378727912903,0.31548359990119934,0.30667561292648315,0.34372425079345703,0.26088011264801025,0.3026743531227112,0.2711201310157776,0.26198866963386536,0.28562816977500916,0.3127942979335785,0.2861323356628418,0.3387749493122101
0.3147376477718353,0.4466923773288727,0.35401758551597595,0.408731073141098,0.38894280791282654,0.3379870355129242,0.3936379551887512,0.25754091143608093,0.36646926403045654,0.21874497830867767,0.3482200801372528,0.25153931975364685,0.3577120900154114,0.20795254409313202,0.35893017053604126,0.27573633193969727,0.35426658391952515,0.2998049557209015,0.3190293312072754,0.25041425228118896,0.3299352526664734,0.20661592483520508,0.33481359481811523,0.28996703028678894,0.32839980721473694,0.3100062310695648,0.29056316614151,0.26067811250686646,0.29809725284576416,0.21255606412887573,0.30990269780158997,0.29383736848831177,0.3060847520828247,0.3237142264842987,0.2584569454193115,0.28014734387397766,0.2687872052192688,0.23625771701335907,0.2841484844684601,0.2891412079334259,0.2850053906440735,0.31729891896247864
0.30988550186157227,0.4417721629142761,0.3500952124595642,0.39844340085983276,0.3834659457206726,0.324250191450119,0.3878648281097412,0.24523116648197174,0.3592119514942169,0.20979681611061096,0.34070509672164917,0.23637470602989197,0.3497229814529419,0.19221849739551544,0.3530864715576172,0.2633708417415619,0.3491799533367157,0.2847324311733246,0.3108687698841095,0.23920708894729614,0.32153016328811646,0.19407925009727478,0.3287101984024048,0.2794466018676758,0.3222806453704834,0.2938993573188782,0.2817355990409851,0.25154924392700195,0.2893679440021515,0.20186565816402435,0.30270272493362427,0.28363269567489624,0.2985556721687317,0.3095565438270569,0.24972829222679138,0.2719112038612366,0.2609345614910126,0.22709068655967712,0.27612072229385376,0.27891767024993896,0.2763140797615051,0.304978609085083
0.30604344606399536,0.4433668255805969,0.3457675278186798,0.4030814468860626,0.3803689479827881,0.326310932636261,0.3836520314216614,0.24522708356380463,0.35399484634399414,0.20996853709220886,0.3382895588874817,0.22925013303756714,0.3477058410644531,0.18674230575561523,0.35028567910194397,0.2598792016506195,0.3464212715625763,0.27998629212379456,0.3073822259902954,0.2334427833557129,0.3188149929046631,0.1904856264591217,0.3256233036518097,0.2783277928829193,0.3191426396369934,0.2906379699707031,0.278153657913208,0.24693308770656586,0.2860792875289917,0.19982528686523438,0.29917165637016296,0.2841673493385315,0.29509076476097107,0.30899277329444885,0.24612191319465637,0.2680867910385132,0.25773271918296814,0.22546574473381042,0.2724432945251465,0.28031617403030396,0.27224045991897583,0.3055766522884369
0.30295926332473755,0.44429805874824524,0.34281665086746216,0.402220219373703,0.37839218974113464,0.32400867342948914,0.38074398040771484,0.24207793176174164,0.34993427991867065,0.20770320296287537,0.338029682636261,0.22824673354625702,0.34502097964286804,0.18539419770240784,0.34784436225891113,0.2574990391731262,0.3446781635284424,0.27798792719841003,0.3058997690677643,0.23260872066020966,0.31545305252075195,0.1901114583015442,0.3223954737186432,0.27776864171028137,0.316494345664978,0.28923043608665466,0.27561065554618835,0.24633395671844482,0.2817785441875458,0.19933825731277466,0.29505500197410583,0.2838068902492523,0.29154378175735474,0.30832573771476746,0.2422279715538025,0.267905592918396,0.2526285648345947,0.22415657341480255,0.2676537036895752,0.2795710861682892,0.2683223485946655,0.3050841689109802
0.303586483001709,0.4555167555809021,0.3452754020690918,0.4079105257987976,0.3784036636352539,0.3310319483280182,0.3834783434867859,0.25157731771469116,0.35370734333992004,0.21620261669158936,0.33725205063819885,0.23825295269489288,0.3458422124385834,0.1935729682445526,0.3483286201953888,0.2667704224586487,0.3437294363975525,0.28892967104911804,0.30666473507881165,0.24306024610996246,0.3163165748119354,0.1989065706729889,0.3238595426082611,0.2861238121986389,0.31753474473953247,0.3009079396724701,0.27667415142059326,0.257130891084671,0.2831309735774994,0.20696434378623962,0.2963138222694397,0.2911514639854431,0.2924749255180359,0.3170698285102844,0.24394652247428894,0.2795351445674896,0.2549210786819458,0.23427748680114746,0.26960504055023193,0.2899567186832428,0.2697948217391968,0.31680798530578613
0.30602359771728516,0.46088868379592896,0.3468572199344635,0.4175044000148773,0.3823215365409851,0.3405725657939911,0.3853706419467926,0.26051366329193115,0.3562094271183014,0.22518447041511536,0.3420043885707855,0.2511112689971924,0.34949955344200134,0.2062685340642929,0.35201478004455566,0.2767086625099182,0.3481355905532837,0.29864925146102905,0.31098541617393494,0.25308290123939514,0.31968143582344055,0.2090054154396057,0.32683494687080383,0.2935725152492523,0.32051941752433777,0.30665045976638794,0.28135764598846436,0.2651142179965973,0.28689897060394287,0.21536892652511597,0.300438791513443,0.297178715467453,0.29660090804100037,0.321754515171051,0.24891066551208496,0.286164253950119,0.25938597321510315,0.24071016907691956,0.27398377656936646,0.29511258006095886,0.2738417088985443,0.32140421867370605
0.30742698907852173,0.4630526304244995,0.3470456302165985,0.42262572050094604,0.38498809933662415,0.34521666169166565,0.3881833553314209,0.26474684476852417,0.35828688740730286,0.22947067022323608,0.34419435262680054,0.24801155924797058,0.35306352376937866,0.2080363631248474,0.35526683926582336,0.2797425389289856,0.3507117033004761,0.29805806279182434,0.3121506869792938,0.25096869468688965,0.3229868412017822,0.2130224108695984,0.3301030099391937,0.29916006326675415,0.32288339734077454,0.3079783320426941,0.28215616941452026,0.2642011046409607,0.2894589900970459,0.21940100193023682,0.30266839265823364,0.3031420409679413,0.2974820137023926,0.3248016834259033,0.24943289160728455,0.28559568524360657,0.2618459463119507,0.2450646162033081,0.27618277072906494,0.3015734553337097,0.27471479773521423,0.3252870738506317
0.31163322925567627,0.47665858268737793,0.35201865434646606,0.43529683351516724,0.38828331232070923,0.3605470061302185,0.3940708041191101,0.2813927233219147,0.36494535207748413,0.24664370715618134,0.3492748439311981,0.2717570662498474,0.35795390605926514,0.22518494725227356,0.35978060960769653,0.29696962237358093,0.3555648624897003,0.31734949350357056,0.31799954175949097,0.27392157912254333,0.32833391427993774,0.22888147830963135,0.334602415561676,0.31425702571868896,0.3279036283493042,0.32500308752059937,0.28848156332969666,0.28495341539382935,0.29594847559928894,0.23537549376487732,0.30786076188087463,0.3175933361053467,0.30342766642570496,0.33938413858413696,0.2563883066177368,0.3028075098991394,0.26848533749580383,0.26078712940216064,0.28189122676849365,0.3161371946334839,0.2808764576911926,0.3401298522949219
0.3187929391860962,0.48876649141311646,0.3599053919315338,0.4480319619178772,0.3958148658275604,0.37717968225479126,0.40253329277038574,0.299321711063385,0.3753628730773926,0.25997522473335266,0.35927608609199524,0.28811636567115784,0.3688981831073761,0.24006333947181702,0.36912620067596436,0.3104686141014099,0.3641383647918701,0.3332766592502594,0.3291175961494446,0.28850674629211426,0.3401864171028137,0.24452883005142212,0.34321027994155884,0.32897987961769104,0.3352455496788025,0.34250450134277344,0.2993597984313965,0.2982984185218811,0.30898982286453247,0.25051379203796387,0.3178689777851105,0.3328316807746887,0.31180697679519653,0.35612571239471436,0.2664481997489929,0.3166285753250122,0.2804495096206665,0.27327579259872437,0.29266026616096497,0.3284769058227539,0.2908002436161041,0.3548184931278229
0.3161693215370178,0.49641841650009155,0.3613477647304535,0.4586986303329468,0.40002304315567017,0.3981868028640747,0.4128187894821167,0.3239469528198242,0.38973385095596313,0.27926111221313477,0.3668990135192871,0.3086751699447632,0.382414311170578,0.2614460587501526,0.3783799409866333,0.3320445716381073,0.3707899749279022,0.3501964807510376,0.3389858901500702,0.303202360868454,0.3562217354774475,0.258741170167923,0.3533773124217987,0.3426216244697571,0.3425220251083374,0.351112961769104,0.30993062257766724,0.30597975850105286,0.32600605487823486,0.25726234912872314,0.328554630279541,0.33991798758506775,0.3186369836330414,0.3585566282272339,0.27709558606147766,0.3155674934387207,0.2970822751522064,0.2739391326904297,0.30472058057785034,0.3305608034133911,0.2988775968551636,0.3548179268836975
0.31800147891044617,0.49797767400741577,0.3636755049228668,0.4590183198451996,0.4013119339942932,0.4009014964103699,0.41588103771209717,0.3291471600532532,0.3933214545249939,0.2854827344417572,0.3670467138290405,0.31157925724983215,0.38325315713882446,0.26832279562950134,0.3774535059928894,0.3383960425853729,0.3687036633491516,0.35752901434898376,0.3393833339214325,0.30537766218185425,0.35660985112190247,0.26370763778686523,0.35321125388145447,0.34618979692459106,0.3423442244529724,0.3582436740398407,0.3105011582374573,0.30794060230255127,0.32676059007644653,0.25902724266052246,0.32950371503829956,0.33989694714546204,0.3198474943637848,0.3622244596481323,0.27820977568626404,0.31696945428848267,0.29804280400276184,0.2737264037132263,0.3056599497795105,0.32775047421455383,0.29996374249458313,0.3530864715576172
0.31847965717315674,0.5018696784973145,0.3647545278072357,0.46255722641944885,0.4028332829475403,0.40477821230888367,0.41749417781829834,0.3334046006202698,0.3959422707557678,0.2876660227775574,0.3694429099559784,0.31752872467041016,0.3866364061832428,0.271432101726532,0.3813127279281616,0.3407159447669983,0.3723853826522827,0.3604636788368225,0.3427092134952545,0.3103279769420624,0.36087989807128906,0.2679406404495239,0.3566548824310303,0.3499876856803894,0.34469735622406006,0.3619286119937897,0.31412243843078613,0.31195345520973206,0.33140242099761963,0.26357829570770264,0.3327217102050781,0.34512558579444885,0.32203006744384766,0.36694827675819397,0.28125643730163574,0.32053154706954956,0.30175718665122986,0.27746984362602234,0.30883198976516724,0.3326290547847748,0.3025246262550354,0.35852566361427307
0.31936532258987427,0.5031465291976929,0.3663646876811981,0.4638199806213379,0.4048089385032654,0.4064653515815735,0.4193292260169983,0.3356783092021942,0.3967335522174835,0.291381299495697,0.37259769439697266,0.3195894956588745,0.3896080553531647,0.27497902512550354,0.38346558809280396,0.3435099422931671,0.3742842674255371,0.3635786473751068,0.34604915976524353,0.31172117590904236,0.3641510605812073,0.27083197236061096,0.35907289385795593,0.3515189588069916,0.3473051190376282,0.3644009232521057,0.3177160620689392,0.3133072853088379,0.33521971106529236,0.26640045642852783,0.33568957448005676,0.3466644883155823,0.32518094778060913,0.3685755729675293,0.28495079278945923,0.32163068652153015,0.30593615770339966,0.27976953983306885,0.31234100461006165,0.3348734974861145,0.3058811128139496,0.3599315583705902
0.3237564265727997,0.5063322186470032,0.371320903301239,0.4665602445602417,0.40784963965415955,0.4087914526462555,0.4220227003097534,0.33906498551368713,0.40343642234802246,0.2901993989944458,0.3737228810787201,0.3256157636642456,0.39223676919937134,0.28115254640579224,0.38736242055892944,0.34747743606567383,0.3777622878551483,0.3693230152130127,0.3492850363254547,0.3180655539035797,0.3688907325267792,0.2756792902946472,0.3635038435459137,0.3550831377506256,0.3504785895347595,0.3707166314125061,0.32214462757110596,0.31874585151672363,0.3413541316986084,0.27083516120910645,0.3408059775829315,0.3508586883544922,0.32935065031051636,0.3750211000442505,0.2897600829601288,0.3264237344264984,0.31150293350219727,0.281685471534729,0.31778639554977417,0.33520397543907166,0.3114635944366455,0.3631059229373932
