0.3443746566772461,0.5538126230239868,0.3915415108203888,0.49999529123306274,0.4226248860359192,0.422592431306839,0.4399023950099945,0.34832099080085754,0.4560801386833191,0.2901693284511566,0.371507853269577,0.3188623785972595,0.3817235827445984,0.22880332171916962,0.3864247500896454,0.17114242911338806,0.3890461325645447,0.11935313045978546,0.3396706283092499,0.3175646662712097,0.33997780084609985,0.2192867398262024,0.3402496576309204,0.15616260468959808,0.34097641706466675,0.10240623354911804,0.30997908115386963,0.3359890878200531,0.30610692501068115,0.24642321467399597,0.3065015971660614,0.19153176248073578,0.3084046244621277,0.14299258589744568,0.2802272140979767,0.370842844247818,0.2698797881603241,0.3045366108417511,0.2652971148490906,0.2628591060638428,0.26283252239227295,0.22108975052833557
0.3275781273841858,0.5472928285598755,0.37358158826828003,0.4888179898262024,0.4025384187698364,0.41196495294570923,0.418781042098999,0.33777132630348206,0.4306277632713318,0.27881067991256714,0.3492767810821533,0.3133809268474579,0.35806742310523987,0.22158896923065186,0.3619331121444702,0.1634046584367752,0.364139199256897,0.1121675968170166,0.3172093629837036,0.3146074414253235,0.3150257468223572,0.21704375743865967,0.3140784800052643,0.15449948608875275,0.31400266289711,0.10070814192295074,0.28760603070259094,0.33570051193237305,0.28117015957832336,0.24687644839286804,0.2801685333251953,0.19247792661190033,0.28099992871284485,0.14400924742221832,0.25884637236595154,0.3732893764972687,0.2475789338350296,0.30909737944602966,0.24193675816059113,0.2681235373020172,0.23838737607002258,0.2265496701002121
0.3509520888328552,0.5624684691429138,0.4000823199748993,0.5161916613578796,0.434177041053772,0.4439373314380646,0.456712931394577,0.3764106035232544,0.47813892364501953,0.3264193832874298,0.38498443365097046,0.33093902468681335,0.401136577129364,0.2393239140510559,0.4093736708164215,0.1803831309080124,0.4152730107307434,0.12852123379707336,0.3523836135864258,0.32637786865234375,0.35579168796539307,0.2284814715385437,0.35903453826904297,0.1630007028579712,0.3622242212295532,0.10763144493103027,0.32171717286109924,0.3415523171424866,0.31743955612182617,0.2531331479549408,0.31869277358055115,0.19775989651679993,0.3215714991092682,0.14886517822742462,0.29178500175476074,0.3731253743171692,0.27783071994781494,0.3073878288269043,0.26889768242836,0.2632092535495758,0.26233187317848206,0.21883152425289154
0.35084620118141174,0.5624790787696838,0.3981302082538605,0.5146180391311646,0.43189340829849243,0.4424605071544647,0.45420801639556885,0.37248995900154114,0.47585248947143555,0.32008880376815796,0.381586492061615,0.32877683639526367,0.3954475224018097,0.23691242933273315,0.4021969139575958,0.17884038388729095,0.4063570499420166,0.12703688442707062,0.3497632145881653,0.3256054222583771,0.3533431887626648,0.22864922881126404,0.35467302799224854,0.16555450856685638,0.35580143332481384,0.11313124001026154,0.32015541195869446,0.3412257134914398,0.3182058036327362,0.25169825553894043,0.31965410709381104,0.19535057246685028,0.3221457004547119,0.14689232409000397,0.2907819449901581,0.37304356694221497,0.28056055307388306,0.30591315031051636,0.2751373052597046,0.26290303468704224,0.2716701030731201,0.22073867917060852
0.35243332386016846,0.560056209564209,0.3992612361907959,0.509463369846344,0.43272754549980164,0.44000232219696045,0.45524460077285767,0.37137600779533386,0.47411778569221497,0.3179929256439209,0.3816368877887726,0.32535019516944885,0.388382226228714,0.23401512205600739,0.3910287022590637,0.17707385122776031,0.3932237923145294,0.1269753873348236,0.3516569435596466,0.3237285912036896,0.35615915060043335,0.22669370472431183,0.36029499769210815,0.1641361564397812,0.3655199408531189,0.11309090256690979,0.3228057622909546,0.3404456079006195,0.3229486048221588,0.25206437706947327,0.32724329829216003,0.20190732181072235,0.333642840385437,0.16045445203781128,0.29318875074386597,0.3715669512748718,0.28946638107299805,0.3044821619987488,0.29093271493911743,0.2643882632255554,0.2951118052005768,0.22525328397750854
0.35344627499580383,0.5620059967041016,0.3994618058204651,0.5095237493515015,0.43207141757011414,0.4396820068359375,0.45482584834098816,0.37059733271598816,0.4741901755332947,0.31764087080955505,0.380459725856781,0.32663199305534363,0.3838575482368469,0.23607857525348663,0.38421306014060974,0.17908599972724915,0.38422128558158875,0.1277475208044052,0.3511514365673065,0.32614463567733765,0.3563314378261566,0.23001311719417572,0.36073824763298035,0.16780000925064087,0.36600831151008606,0.11629827320575714,0.32244813442230225,0.3438175320625305,0.3216928541660309,0.254810094833374,0.3250945210456848,0.2029140740633011,0.331241637468338,0.15929394960403442,0.2923145592212677,0.3750567138195038,0.2880454659461975,0.3069309890270233,0.290296733379364,0.2663382589817047,0.29617807269096375,0.22641834616661072
0.3538868725299835,0.5622521042823792,0.39969342947006226,0.5109313726425171,0.4311939775943756,0.44026699662208557,0.4541904628276825,0.370829701423645,0.47365063428878784,0.31697601079940796,0.3796159029006958,0.32596564292907715,0.3831201493740082,0.23662254214286804,0.3838927745819092,0.17999759316444397,0.38426387310028076,0.12916116416454315,0.35006213188171387,0.32568421959877014,0.35509443283081055,0.2302088588476181,0.35939595103263855,0.16782096028327942,0.3649035096168518,0.11566591262817383,0.3213762938976288,0.34431639313697815,0.321264386177063,0.25398001074790955,0.32507675886154175,0.20120564103126526,0.3317640423774719,0.15569940209388733,0.2915876507759094,0.3772290349006653,0.28791749477386475,0.3092327117919922,0.2905639708042145,0.2672106623649597,0.29695606231689453,0.22483529150485992
0.3531157970428467,0.5653274059295654,0.40038713812828064,0.512594997882843,0.43241482973098755,0.4407019019126892,0.45443564653396606,0.3704068660736084,0.47372204065322876,0.3169390559196472,0.3815055787563324,0.3255568742752075,0.3851299285888672,0.2338612973690033,0.3856884241104126,0.17649996280670166,0.38588088750839233,0.12547025084495544,0.35174989700317383,0.32567036151885986,0.35613077878952026,0.2299404740333557,0.3602944612503052,0.16764770448207855,0.3657720685005188,0.11719554662704468,0.32306328415870667,0.343334436416626,0.3226189911365509,0.25449782609939575,0.32653099298477173,0.2029924839735031,0.3332885801792145,0.15988598763942719,0.29330796003341675,0.3741074800491333,0.28938889503479004,0.3069344460964203,0.2921089231967926,0.26651737093925476,0.298613965511322,0.2267959862947464
0.35273656249046326,0.5646132826805115,0.400489866733551,0.5139838457107544,0.43260857462882996,0.44174522161483765,0.45458710193634033,0.37121284008026123,0.4739488363265991,0.3182319104671478,0.3821495771408081,0.3264422118663788,0.3870445787906647,0.23394426703453064,0.3883180618286133,0.1767265647649765,0.38910719752311707,0.12685006856918335,0.35198256373405457,0.3259393572807312,0.35653480887413025,0.22916437685489655,0.3602679669857025,0.16708159446716309,0.36498692631721497,0.11727766692638397,0.3230137526988983,0.3433811664581299,0.32258081436157227,0.2533990740776062,0.32640329003334045,0.20170727372169495,0.33274179697036743,0.1581912636756897,0.2933933138847351,0.37433210015296936,0.28936320543289185,0.3084042966365814,0.2919921875,0.2687634229660034,0.2984369993209839,0.22948259115219116
0.35366004705429077,0.5636610984802246,0.40035322308540344,0.5113532543182373,0.4323922097682953,0.44071483612060547,0.4545339047908783,0.37129148840904236,0.47402966022491455,0.31824854016304016,0.38228780031204224,0.3264698386192322,0.38928595185279846,0.23533226549625397,0.3920762240886688,0.17819568514823914,0.39423954486846924,0.1277206540107727,0.3519200086593628,0.3250357210636139,0.35655486583709717,0.2285345047712326,0.3602992594242096,0.1666623204946518,0.3648805022239685,0.11643420159816742,0.32277676463127136,0.34243738651275635,0.32226067781448364,0.2527964413166046,0.3258717656135559,0.20117200911045074,0.3318239748477936,0.15764276683330536,0.29321902990341187,0.3740980625152588,0.2891792058944702,0.3076426684856415,0.29173213243484497,0.26793813705444336,0.2978537976741791,0.22886835038661957
0.3528284728527069,0.5608933568000793,0.399761438369751,0.5111572742462158,0.4322955012321472,0.4412061274051666,0.4547184705734253,0.3718738257884979,0.474215030670166,0.3192802667617798,0.38315409421920776,0.3289806842803955,0.39247405529022217,0.23923936486244202,0.39576011896133423,0.1823025941848755,0.3977513015270233,0.13282237946987152,0.35280802845954895,0.32680195569992065,0.3575306534767151,0.22927537560462952,0.3609696924686432,0.16789160668849945,0.3648451566696167,0.11798521876335144,0.32367509603500366,0.34366753697395325,0.3230333626270294,0.2537611722946167,0.32681095600128174,0.20217078924179077,0.33254918456077576,0.15875662863254547,0.2940555214881897,0.3753582835197449,0.2895504832267761,0.30909499526023865,0.29169225692749023,0.268952339887619,0.29679107666015625,0.22968336939811707
0.35284674167633057,0.5601457357406616,0.3995571732521057,0.5100604295730591,0.43231818079948425,0.4409578740596771,0.4546108543872833,0.37120795249938965,0.4735463857650757,0.3176577091217041,0.3817896544933319,0.3300204575061798,0.3912225067615509,0.24027952551841736,0.3952219486236572,0.18412311375141144,0.3981756865978241,0.13459575176239014,0.3513518273830414,0.3273620307445526,0.35586830973625183,0.22984883189201355,0.360085129737854,0.16878728568553925,0.3647550344467163,0.11869107186794281,0.32214421033859253,0.3440338373184204,0.32082080841064453,0.2550860643386841,0.32426977157592773,0.20306703448295593,0.3293538987636566,0.15866824984550476,0.29281723499298096,0.3754325807094574,0.28809282183647156,0.30905991792678833,0.2886117398738861,0.2687526345252991,0.29139798879623413,0.22917063534259796
0.35035941004753113,0.5640923380851746,0.3972097337245941,0.5146496891975403,0.4297122359275818,0.4421177804470062,0.44956254959106445,0.373333215713501,0.46920573711395264,0.3200978934764862,0.37833040952682495,0.33063986897468567,0.39198487997055054,0.24075081944465637,0.3986996114253998,0.18456891179084778,0.4036586284637451,0.13454630970954895,0.34643200039863586,0.32770252227783203,0.34869274497032166,0.22953125834465027,0.35098549723625183,0.16704367101192474,0.35364359617233276,0.11447060108184814,0.3169298768043518,0.3446318805217743,0.3114374577999115,0.25698912143707275,0.3117084503173828,0.202388197183609,0.3140425980091095,0.15441220998764038,0.28811466693878174,0.3782353401184082,0.2738495469093323,0.31498321890830994,0.2657419741153717,0.2722368836402893,0.2602519989013672,0.22865279018878937
0.35071665048599243,0.5621454119682312,0.3974936604499817,0.5131925344467163,0.4299819767475128,0.4419763684272766,0.45093435049057007,0.37399932742118835,0.47050243616104126,0.3206448256969452,0.37835925817489624,0.331666499376297,0.3922748565673828,0.24214164912700653,0.39946338534355164,0.185664564371109,0.4049661159515381,0.1356509029865265,0.3465014398097992,0.32863637804985046,0.3484068512916565,0.23044341802597046,0.35138845443725586,0.16762395203113556,0.35462355613708496,0.11432741582393646,0.31691303849220276,0.3457931578159332,0.3106679320335388,0.25718411803245544,0.31081265211105347,0.20180240273475647,0.3130650222301483,0.15265348553657532,0.28821665048599243,0.37973740696907043,0.2734586000442505,0.3158319592475891,0.264936625957489,0.2725512385368347,0.25886866450309753,0.22822439670562744
0.3509475886821747,0.562208354473114,0.3975614309310913,0.5130167007446289,0.4304431676864624,0.44123178720474243,0.4511636197566986,0.37279465794563293,0.4700987935066223,0.32008934020996094,0.37853121757507324,0.33242136240005493,0.39199405908584595,0.24324055016040802,0.39890000224113464,0.18702873587608337,0.40399837493896484,0.13680590689182281,0.34665313363075256,0.3294980525970459,0.34871673583984375,0.23200088739395142,0.35142451524734497,0.16987141966819763,0.3542695641517639,0.11712628602981567,0.31727224588394165,0.3463487923145294,0.31253355741500854,0.2586411237716675,0.3132966160774231,0.20312830805778503,0.3157461881637573,0.15432800352573395,0.28833770751953125,0.38020145893096924,0.27529382705688477,0.3154805302619934,0.26864269375801086,0.27304959297180176,0.264229953289032,0.23011347651481628
0.35129648447036743,0.5640281438827515,0.397166907787323,0.512965738773346,0.43002432584762573,0.44325777888298035,0.4524654448032379,0.3734426498413086,0.4718253016471863,0.31938421726226807,0.3789602816104889,0.33152198791503906,0.39024612307548523,0.24027392268180847,0.39555901288986206,0.18409495055675507,0.3990022838115692,0.1338091492652893,0.34804031252861023,0.32896214723587036,0.35098186135292053,0.22783644497394562,0.3535209596157074,0.16442282497882843,0.3558579981327057,0.11098608374595642,0.3188694715499878,0.3462497591972351,0.3152976930141449,0.25678449869155884,0.3163292407989502,0.20235121250152588,0.3187181353569031,0.154969722032547,0.2895609140396118,0.37959903478622437,0.2822309136390686,0.31175941228866577,0.2798492908477783,0.26953986287117004,0.27931976318359375,0.22718751430511475
0.35252127051353455,0.564746618270874,0.3984190821647644,0.5141850113868713,0.4294615387916565,0.4435766339302063,0.4513295292854309,0.37332090735435486,0.47035205364227295,0.3185029625892639,0.37881752848625183,0.328967809677124,0.38253647089004517,0.23706774413585663,0.38296598196029663,0.1799684464931488,0.3828895092010498,0.12941095232963562,0.3492680490016937,0.32844406366348267,0.35392698645591736,0.2303602248430252,0.3575865924358368,0.16703607141971588,0.3620402216911316,0.11520271003246307,0.3206230700016022,0.3464982211589813,0.3199195861816406,0.2556320130825043,0.32390096783638,0.2028205692768097,0.3304089903831482,0.1583685725927353,0.291232168674469,0.37813979387283325,0.28765326738357544,0.309444397687912,0.2902737259864807,0.26802951097488403,0.29639002680778503,0.2267262190580368
0.3519691526889801,0.5674262642860413,0.39774763584136963,0.5160402059555054,0.4295524060726166,0.4429492652416229,0.45232242345809937,0.372483491897583,0.4709782600402832,0.3186158537864685,0.3783736824989319,0.3283778429031372,0.38178449869155884,0.2372989058494568,0.38234826922416687,0.18071386218070984,0.38254398107528687,0.12969544529914856,0.34864431619644165,0.32835566997528076,0.35332274436950684,0.2321099489927292,0.357442170381546,0.16916470229625702,0.3628486096858978,0.11740221083164215,0.32027554512023926,0.34682855010032654,0.3207922875881195,0.2574572265148163,0.325045645236969,0.20505578815937042,0.3318019211292267,0.15998297929763794,0.2911962866783142,0.37883424758911133,0.2887921631336212,0.3114514946937561,0.29200005531311035,0.27082890272140503,0.29849177598953247,0.22976820170879364
0.3525969684123993,0.5669510364532471,0.3979232907295227,0.5142883658409119,0.4288751482963562,0.4426403045654297,0.45181897282600403,0.3722410798072815,0.47000694274902344,0.3176892101764679,0.3780060112476349,0.32994967699050903,0.3814848065376282,0.23894532024860382,0.38238540291786194,0.1822272688150406,0.3827858865261078,0.1307600438594818,0.34853360056877136,0.3298240303993225,0.35392704606056213,0.23333965241909027,0.3584212362766266,0.17012545466423035,0.3640868663787842,0.11800166964530945,0.32036471366882324,0.34821727871894836,0.32063281536102295,0.2583805322647095,0.32504746317863464,0.20536907017230988,0.3322979211807251,0.16004103422164917,0.2913886606693268,0.3801133930683136,0.2882971167564392,0.3125186264514923,0.2913057208061218,0.2714563310146332,0.2979089021682739,0.2305358201265335
0.34079769253730774,0.5599014759063721,0.3848521113395691,0.5075701475143433,0.41626495122909546,0.4351917803287506,0.43708378076553345,0.3638159930706024,0.4551145136356354,0.3102785348892212,0.3655254542827606,0.32873740792274475,0.373975545167923,0.2396417260169983,0.37762781977653503,0.18572701513767242,0.37986868619918823,0.13737069070339203,0.33534330129623413,0.32803553342819214,0.3394044041633606,0.23329943418502808,0.3421937823295593,0.1756334900856018,0.3453364968299866,0.1279955804347992,0.3068867325782776,0.34610041975975037,0.3065045177936554,0.2575417160987854,0.3091430366039276,0.20443478226661682,0.3133333921432495,0.15846367180347443,0.2783561050891876,0.3792220950126648,0.27167463302612305,0.314129114151001,0.2704087197780609,0.27454936504364014,0.27183300256729126,0.23504874110221863
0.3339868485927582,0.5568841695785522,0.3785566985607147,0.5049726366996765,0.4085428714752197,0.4340035915374756,0.428538054227829,0.3623737096786499,0.4456665515899658,0.30620262026786804,0.3588801920413971,0.32890585064888,0.36808696389198303,0.23974686861038208,0.3724929094314575,0.18492896854877472,0.3756507337093353,0.1354898363351822,0.32896602153778076,0.3281018137931824,0.3319607973098755,0.23327144980430603,0.3349756896495819,0.17462214827537537,0.3387604057788849,0.12571975588798523,0.3004610538482666,0.34649455547332764,0.2990741431713104,0.25856733322143555,0.3015318214893341,0.2052638977766037,0.3058537542819977,0.15851077437400818,0.2718828618526459,0.3796656131744385,0.26656317710876465,0.31435370445251465,0.26633089780807495,0.2742713391780853,0.26860275864601135,0.23359854519367218
0.33094677329063416,0.5547202229499817,0.37558361887931824,0.5012202262878418,0.40697166323661804,0.43037447333335876,0.42729219794273376,0.3606855273246765,0.44350335001945496,0.3055882155895233,0.3582485318183899,0.3276165723800659,0.3688327670097351,0.23890671133995056,0.37368327379226685,0.1845497190952301,0.3770403265953064,0.13619662821292877,0.3280034065246582,0.3261755108833313,0.33217722177505493,0.2295234650373459,0.335322767496109,0.16893254220485687,0.3388963043689728,0.118506520986557,0.2992108464241028,0.3438011407852173,0.2981998324394226,0.25631970167160034,0.3006395697593689,0.20402903854846954,0.3049717843532562,0.15846627950668335,0.27023470401763916,0.3764120042324066,0.2647990882396698,0.31200718879699707,0.2644690275192261,0.27284562587738037,0.2667590379714966,0.2333194762468338
0.3266562521457672,0.5522570013999939,0.37213268876075745,0.49937376379966736,0.40220627188682556,0.4289766848087311,0.42152899503707886,0.35974425077438354,0.43720388412475586,0.30527570843696594,0.35399410128593445,0.3268741965293884,0.3653721511363983,0.238595649600029,0.3711000978946686,0.1842167228460312,0.3751167058944702,0.1357516646385193,0.3234926462173462,0.324679970741272,0.3270931839942932,0.23016944527626038,0.3288590908050537,0.17074216902256012,0.3307509422302246,0.12066875398159027,0.2944483757019043,0.34088993072509766,0.2937924563884735,0.2549404799938202,0.2957504093647003,0.20385468006134033,0.29886096715927124,0.15925128757953644,0.26529446244239807,0.37216946482658386,0.2612417936325073,0.3092164695262909,0.2611413598060608,0.27159303426742554,0.2626771926879883,0.2340097874403
0.33332720398902893,0.546168327331543,0.3800996243953705,0.49726104736328125,0.4112306833267212,0.4248412251472473,0.43212607502937317,0.3534541130065918,0.44974541664123535,0.2985036075115204,0.36347058415412903,0.3199831247329712,0.3749605119228363,0.23163241147994995,0.3809848427772522,0.17569378018379211,0.3849472105503082,0.12576083838939667,0.3328147232532501,0.31705835461616516,0.3362917900085449,0.22122658789157867,0.3385109603404999,0.1594553142786026,0.34074899554252625,0.10784198343753815,0.3036477267742157,0.3336049020290375,0.3027566373348236,0.24636736512184143,0.3055264949798584,0.1931983381509781,0.3096633851528168,0.14640815556049347,0.2744109332561493,0.3653517961502075,0.26867562532424927,0.30147039890289307,0.26807379722595215,0.26291173696517944,0.2700161337852478,0.22439876198768616
0.3327166736125946,0.533901035785675,0.3784596025943756,0.48510339856147766,0.41032540798187256,0.41517549753189087,0.4307894706726074,0.3458859324455261,0.4475773870944977,0.29118838906288147,0.3618580400943756,0.31210455298423767,0.3728928565979004,0.22323346138000488,0.3784065246582031,0.16779296100139618,0.3820491433143616,0.11867479979991913,0.33102351427078247,0.3091934025287628,0.3356669247150421,0.20984362065792084,0.33953210711479187,0.1474389284849167,0.34320589900016785,0.09608231484889984,0.3017885982990265,0.3255044221878052,0.2998321056365967,0.23707371950149536,0.30194997787475586,0.1843891441822052,0.30571624636650085,0.13905271887779236,0.272712379693985,0.356879860162735,0.2665841579437256,0.2919580936431885,0.2654811441898346,0.25351279973983765,0.26654496788978577,0.21541763842105865
0.3312182128429413,0.5262606143951416,0.37785860896110535,0.47644466161727905,0.4095088541507721,0.4056577682495117,0.42952394485473633,0.3350144326686859,0.44597527384757996,0.2807616591453552,0.36082473397254944,0.2991425395011902,0.37214112281799316,0.20929057896137238,0.3776470124721527,0.15342602133750916,0.38142940402030945,0.10357563197612762,0.32979458570480347,0.29653313755989075,0.3326627016067505,0.20026013255119324,0.33487749099731445,0.14024758338928223,0.3372786045074463,0.090049147605896,0.3004189431667328,0.3126002550125122,0.2980893552303314,0.2259097546339035,0.2995443046092987,0.1746063530445099,0.3022797107696533,0.12989592552185059,0.2711746096611023,0.343715637922287,0.26525792479515076,0.2790962755680084,0.26390594244003296,0.24047179520130157,0.2645016610622406,0.20182403922080994
0.3345794677734375,0.5331827402114868,0.3816898763179779,0.4839394986629486,0.4135834872722626,0.4108223021030426,0.43375104665756226,0.33937516808509827,0.4506821632385254,0.28502020239830017,0.3642389476299286,0.30282557010650635,0.3756413757801056,0.21164202690124512,0.38090410828590393,0.1545877605676651,0.38439828157424927,0.10444781184196472,0.3324233293533325,0.30055686831474304,0.3343537151813507,0.2027140110731125,0.3364909291267395,0.14077222347259521,0.33905211091041565,0.09024554491043091,0.3028135299682617,0.31786665320396423,0.299930214881897,0.23028498888015747,0.3019673526287079,0.1777792125940323,0.3052922487258911,0.13241411745548248,0.273823618888855,0.35040733218193054,0.2668265700340271,0.2849939465522766,0.2646612823009491,0.24521063268184662,0.2647325098514557,0.20562070608139038
0.33752551674842834,0.5443845391273499,0.38351693749427795,0.4961431920528412,0.4148023724555969,0.42232632637023926,0.43520277738571167,0.35119253396987915,0.45370879769325256,0.2967265844345093,0.3659893572330475,0.31283167004585266,0.3776237964630127,0.22334811091423035,0.38325899839401245,0.16653168201446533,0.3870355486869812,0.11531446874141693,0.33489060401916504,0.3104879558086395,0.33780622482299805,0.21292734146118164,0.34007424116134644,0.1502477526664734,0.34247884154319763,0.09731088578701019,0.30586785078048706,0.3285675048828125,0.30334264039993286,0.2408909797668457,0.30578604340553284,0.18743494153022766,0.30975133180618286,0.14015693962574005,0.2767016291618347,0.3631457984447479,0.2691255509853363,0.2969905436038971,0.26764899492263794,0.2564152777194977,0.26863858103752136,0.21514882147312164
0.3370398283004761,0.5429760217666626,0.38337427377700806,0.4936915636062622,0.415038138628006,0.42037898302078247,0.435457706451416,0.3486107289791107,0.45371752977371216,0.29387882351875305,0.3655993938446045,0.31112098693847656,0.3773796260356903,0.22241181135177612,0.3832464814186096,0.16621901094913483,0.3872692286968231,0.11560161411762238,0.3348254859447479,0.3089163303375244,0.33722054958343506,0.21240557730197906,0.33902329206466675,0.15068061649799347,0.3411479592323303,0.09871411323547363,0.3060413599014282,0.3264685273170471,0.3040461838245392,0.23916946351528168,0.30633556842803955,0.18577462434768677,0.30998775362968445,0.13870543241500854,0.2769553065299988,0.3598077595233917,0.27059149742126465,0.2948741018772125,0.26981714367866516,0.25493454933166504,0.271213173866272,0.21466290950775146
0.33608895540237427,0.5422686338424683,0.3830539584159851,0.49432075023651123,0.41449281573295593,0.421862930059433,0.43535712361335754,0.34981295466423035,0.45397713780403137,0.29459524154663086,0.3658784031867981,0.31235769391059875,0.3777272403240204,0.22251851856708527,0.3836323916912079,0.16553984582424164,0.38757917284965515,0.1146068125963211,0.33471381664276123,0.3097619414329529,0.33776500821113586,0.21097704768180847,0.34024757146835327,0.14858633279800415,0.3428038954734802,0.09632639586925507,0.3055632412433624,0.32713526487350464,0.3032169044017792,0.2393249273300171,0.3055025339126587,0.1864931434392929,0.3093571066856384,0.13989272713661194,0.2763708233833313,0.3600948452949524,0.269637793302536,0.2947256565093994,0.26884353160858154,0.25520098209381104,0.2704351842403412,0.21511264145374298
0.34224146604537964,0.5435900688171387,0.3894130289554596,0.4936613142490387,0.42140206694602966,0.42383676767349243,0.44205936789512634,0.3539494574069977,0.4619249105453491,0.30081450939178467,0.3721555173397064,0.3147546350955963,0.3847396671772003,0.22394120693206787,0.3907151222229004,0.16696059703826904,0.3947778344154358,0.11629436910152435,0.341046541929245,0.3119789659976959,0.34415459632873535,0.2129436880350113,0.34657612442970276,0.15052129328250885,0.34926196932792664,0.09814493358135223,0.31183096766471863,0.32835665345191956,0.3097461462020874,0.24039942026138306,0.31211748719215393,0.1877308189868927,0.31622713804244995,0.14187633991241455,0.2821914553642273,0.3604828715324402,0.2754146158695221,0.29457202553749084,0.2747315466403961,0.25436821579933167,0.27640828490257263,0.21415938436985016
0.3489272892475128,0.5514562129974365,0.3959617018699646,0.5040115118026733,0.4278005063533783,0.435319185256958,0.4496119022369385,0.3645545244216919,0.4701623320579529,0.3105733394622803,0.38162142038345337,0.32294946908950806,0.3947520852088928,0.23516517877578735,0.40098893642425537,0.17872436344623566,0.40509986877441406,0.12729747593402863,0.3504141867160797,0.31849971413612366,0.3535463511943817,0.2243913859128952,0.3562076687812805,0.16376444697380066,0.3593279719352722,0.11318491399288177,0.32076358795166016,0.33447355031967163,0.31894782185554504,0.25023531913757324,0.32184967398643494,0.19992154836654663,0.3264017701148987,0.15620702505111694,0.29079437255859375,0.36574000120162964,0.2852382957935333,0.29935750365257263,0.28445902466773987,0.2583603858947754,0.28646719455718994,0.21734718978405
0.3486793041229248,0.5520802736282349,0.3963163197040558,0.5030704140663147,0.4287133514881134,0.4343421459197998,0.45019733905792236,0.3641011118888855,0.4700137674808502,0.31044459342956543,0.3817758858203888,0.3233424425125122,0.39368170499801636,0.23536455631256104,0.3990570604801178,0.1792234182357788,0.40258654952049255,0.12857763469219208,0.350972443819046,0.31943225860595703,0.3539157211780548,0.22474196553230286,0.3568524420261383,0.16401515901088715,0.3604612350463867,0.11357347667217255,0.3216492533683777,0.33508068323135376,0.3191903829574585,0.2501797676086426,0.3218138813972473,0.19928430020809174,0.3263845145702362,0.15537983179092407,0.2919970750808716,0.3657439351081848,0.28569313883781433,0.2994321286678314,0.28438007831573486,0.2590163052082062,0.2858070433139801,0.21909253299236298
0.34871992468833923,0.5513125658035278,0.39503076672554016,0.5022090077400208,0.4276006519794464,0.4344482123851776,0.45010241866111755,0.36486417055130005,0.4706782102584839,0.3119603097438812,0.38110625743865967,0.3226233720779419,0.39356914162635803,0.23553547263145447,0.3994508385658264,0.17980505526065826,0.4037047326564789,0.12918609380722046,0.3501168191432953,0.3185683488845825,0.3529241383075714,0.22395645081996918,0.3557235896587372,0.16343826055526733,0.3594915270805359,0.11306971311569214,0.3207332193851471,0.33445796370506287,0.31855836510658264,0.2498074322938919,0.32123762369155884,0.19916491210460663,0.32609519362449646,0.15564069151878357,0.2909669876098633,0.36563560366630554,0.28481748700141907,0.29975205659866333,0.28390997648239136,0.2587372064590454,0.28598618507385254,0.21787187457084656
0.3465602397918701,0.5522692799568176,0.393130898475647,0.5027735829353333,0.4255598485469818,0.43326056003570557,0.4472822844982147,0.3624480664730072,0.46771377325057983,0.3079996407032013,0.37794819474220276,0.32083722949028015,0.3901337683200836,0.23276209831237793,0.3959052264690399,0.1777792125940323,0.39994320273399353,0.1276642233133316,0.3471457064151764,0.31768369674682617,0.35059285163879395,0.22303014993667603,0.3536185920238495,0.16234932839870453,0.3570595979690552,0.11088208854198456,0.31795167922973633,0.33414310216903687,0.31682589650154114,0.24823477864265442,0.3200526535511017,0.195404514670372,0.324806809425354,0.14898383617401123,0.28871506452560425,0.3657950162887573,0.2829316556453705,0.2997479736804962,0.28204137086868286,0.2589121162891388,0.283623605966568,0.21787963807582855
0.34284159541130066,0.5498296022415161,0.3883649706840515,0.5003106594085693,0.420858770608902,0.42869341373443604,0.4428056478500366,0.3583464026451111,0.4619237184524536,0.3037373423576355,0.37245792150497437,0.3177391588687897,0.38401108980178833,0.22620391845703125,0.38936513662338257,0.1697409600019455,0.3926812708377838,0.11966308951377869,0.3411071300506592,0.31531503796577454,0.34576988220214844,0.21610406041145325,0.3492410480976105,0.15327595174312592,0.352603942155838,0.10115885734558105,0.31183061003685,0.33294060826301575,0.31100374460220337,0.2450297772884369,0.31449055671691895,0.1917007714509964,0.31954583525657654,0.14528918266296387,0.2825316786766052,0.3662721812725067,0.27683764696121216,0.299614816904068,0.27642565965652466,0.2590169310569763,0.27865591645240784,0.21858538687229156
0.34158432483673096,0.5514209270477295,0.38895276188850403,0.5031238794326782,0.4220424294471741,0.4307706654071808,0.443821519613266,0.359968364238739,0.4650098383426666,0.30568191409111023,0.37296348810195923,0.31937626004219055,0.3856646418571472,0.22828394174575806,0.39199957251548767,0.17122270166873932,0.396587610244751,0.12005765736103058,0.3418620526790619,0.31597527861595154,0.34706199169158936,0.21664959192276,0.3509359657764435,0.15303342044353485,0.35487794876098633,0.0988548994064331,0.31249600648880005,0.33234986662864685,0.3110363483428955,0.24386990070343018,0.3140296936035156,0.18963341414928436,0.31883126497268677,0.14220304787158966,0.28267765045166016,0.36515945196151733,0.2754164934158325,0.29850924015045166,0.2733060121536255,0.2568337321281433,0.27346616983413696,0.21482683718204498
0.3457706868648529,0.5508344173431396,0.39312508702278137,0.5055267810821533,0.4275403618812561,0.4370771050453186,0.4497365653514862,0.3681216537952423,0.47045743465423584,0.31676363945007324,0.37884488701820374,0.32446613907814026,0.39535751938819885,0.23600879311561584,0.40369269251823425,0.18063709139823914,0.40979433059692383,0.13129881024360657,0.3471890687942505,0.31864744424819946,0.3515569567680359,0.21995368599891663,0.355019748210907,0.1565541923046112,0.3582349121570587,0.10353656113147736,0.3176579177379608,0.3329196572303772,0.31531471014022827,0.24360373616218567,0.3180846571922302,0.18819230794906616,0.3222218155860901,0.1398264318704605,0.2885715961456299,0.3639761805534363,0.2792467772960663,0.2981809675693512,0.2752198874950409,0.25616008043289185,0.2734529972076416,0.21417595446109772
0.346282035112381,0.5519909262657166,0.3925318419933319,0.5049843192100525,0.42524635791778564,0.4361230432987213,0.44763171672821045,0.3681171238422394,0.4685896933078766,0.3162330389022827,0.377271443605423,0.32238173484802246,0.38775500655174255,0.23466652631759644,0.3921867907047272,0.17940111458301544,0.3952673673629761,0.12923526763916016,0.34734445810317993,0.3186655640602112,0.35240277647972107,0.22316989302635193,0.35644274950027466,0.16094741225242615,0.3608672618865967,0.10785877704620361,0.3185836672782898,0.3342556655406952,0.3191571831703186,0.24711313843727112,0.32302021980285645,0.19473837316036224,0.32863497734069824,0.14941583573818207,0.2891836166381836,0.36507493257522583,0.2848130762577057,0.29745471477508545,0.2857630252838135,0.2555256187915802,0.2897154688835144,0.21375541388988495
0.34640729427337646,0.5548663139343262,0.39172616600990295,0.506957471370697,0.42261865735054016,0.4366886615753174,0.44445866346359253,0.36653414368629456,0.46365663409233093,0.31091442704200745,0.37602347135543823,0.32143110036849976,0.38177892565727234,0.23099789023399353,0.38311928510665894,0.17478327453136444,0.383323609828949,0.12479983270168304,0.3466239869594574,0.3202246427536011,0.35317814350128174,0.2262655645608902,0.3581642806529999,0.1652800440788269,0.363716185092926,0.11571162939071655,0.3182324767112732,0.337387353181839,0.32055166363716125,0.25048357248306274,0.3262752294540405,0.19954988360404968,0.3341436982154846,0.1569238007068634,0.28924596309661865,0.3680385649204254,0.2868671715259552,0.30389901995658875,0.2904130518436432,0.26508256793022156,0.29729774594306946,0.22738061845302582
0.34741929173469543,0.5553797483444214,0.3922409117221832,0.5073491930961609,0.42337220907211304,0.43582653999328613,0.44545817375183105,0.3660604953765869,0.4646511375904083,0.3109796941280365,0.37656763195991516,0.32161110639572144,0.38188374042510986,0.23315925896167755,0.3835747539997101,0.17744220793247223,0.3845874071121216,0.12793093919754028,0.34745335578918457,0.3198826014995575,0.35434985160827637,0.2270040363073349,0.3604603707790375,0.16805309057235718,0.36733517050743103,0.1198173314332962,0.3191792964935303,0.33688828349113464,0.32125866413116455,0.24985557794570923,0.32688045501708984,0.19958512485027313,0.3349883556365967,0.15678058564662933,0.2901368737220764,0.367401123046875,0.28765881061553955,0.3027156591415405,0.29117730259895325,0.2640274167060852,0.2978981137275696,0.22580935060977936
0.3472895324230194,0.5553479194641113,0.39235860109329224,0.5074883103370667,0.42322221398353577,0.4373687505722046,0.44506630301475525,0.3668951094150543,0.4644082486629486,0.31128647923469543,0.376085102558136,0.3223065435886383,0.3811088502407074,0.23329968750476837,0.38257867097854614,0.17795807123184204,0.3832818567752838,0.1284627467393875,0.3469655513763428,0.32037898898124695,0.3537385165691376,0.22766950726509094,0.3591098189353943,0.16764463484287262,0.3653385639190674,0.11827918887138367,0.3187558054924011,0.33678892254829407,0.3209418058395386,0.2504308819770813,0.32623252272605896,0.20023447275161743,0.3339570462703705,0.1576991081237793,0.2898141145706177,0.36676639318466187,0.287833571434021,0.3023623824119568,0.29145199060440063,0.264148086309433,0.2983555495738983,0.22641554474830627
0.3451138436794281,0.5563226938247681,0.3903927206993103,0.5076621770858765,0.4220828115940094,0.436676561832428,0.4448454976081848,0.36603865027427673,0.4639322757720947,0.3103064298629761,0.37472376227378845,0.3219001591205597,0.3793749213218689,0.23334625363349915,0.38090088963508606,0.17885847389698029,0.3817325532436371,0.12926077842712402,0.3455827832221985,0.32023370265960693,0.3516846001148224,0.22861678898334503,0.35680970549583435,0.16805019974708557,0.3631238043308258,0.11857689917087555,0.3172007203102112,0.33678221702575684,0.319927453994751,0.25178369879722595,0.32573533058166504,0.20143266022205353,0.3337762653827667,0.1583622694015503,0.2880592942237854,0.3666176497936249,0.28684529662132263,0.3032318949699402,0.2907804846763611,0.26595115661621094,0.29780226945877075,0.229081392288208
0.3425583243370056,0.5546202659606934,0.38721224665641785,0.5066245198249817,0.41889116168022156,0.4361042082309723,0.4415929317474365,0.3652465343475342,0.46007534861564636,0.30796486139297485,0.37272077798843384,0.3239249587059021,0.37778836488723755,0.2354796677827835,0.37919774651527405,0.1816861629486084,0.38004228472709656,0.1326899230480194,0.3436572551727295,0.3217369318008423,0.3491360545158386,0.22815875709056854,0.35317274928092957,0.16779150068759918,0.35823771357536316,0.117306187748909,0.3152981996536255,0.3388068675994873,0.31658053398132324,0.2538054883480072,0.3213011622428894,0.20475256443023682,0.32849985361099243,0.16211868822574615,0.2860131859779358,0.36935973167419434,0.28403258323669434,0.3058874011039734,0.28720128536224365,0.26821255683898926,0.29343533515930176,0.2298290729522705
0.3420086205005646,0.5538508296012878,0.38743120431900024,0.5037156343460083,0.41883784532546997,0.43311429023742676,0.440487802028656,0.36262744665145874,0.45809704065322876,0.3065497577190399,0.3715742826461792,0.3233700394630432,0.37769123911857605,0.2345401644706726,0.3795861601829529,0.18049705028533936,0.3808131217956543,0.13236773014068604,0.34176012873649597,0.32118383049964905,0.34638598561286926,0.22763152420520782,0.3497069180011749,0.1676623374223709,0.35411757230758667,0.11876602470874786,0.3132935166358948,0.3378896117210388,0.314208984375,0.2512912154197693,0.31829532980918884,0.2013702392578125,0.3247276544570923,0.15957237780094147,0.2846207022666931,0.36855700612068176,0.2819470763206482,0.30565428733825684,0.28487908840179443,0.2684851288795471,0.2911107540130615,0.23192159831523895
0.34150588512420654,0.553942084312439,0.38692986965179443,0.5054934024810791,0.4190218150615692,0.4346218705177307,0.44102925062179565,0.36341550946235657,0.45908457040786743,0.30748921632766724,0.37243324518203735,0.3243824243545532,0.37958523631095886,0.23557421565055847,0.3820032477378845,0.1813497096300125,0.3837246894836426,0.13289637863636017,0.3424672484397888,0.3217508792877197,0.3468935191631317,0.2283542901277542,0.3501400351524353,0.16894443333148956,0.3545006811618805,0.11985161900520325,0.3138754367828369,0.33772969245910645,0.3147958517074585,0.25168099999427795,0.3185442388057709,0.201965793967247,0.32447579503059387,0.15923002362251282,0.28503555059432983,0.36734434962272644,0.28256842494010925,0.3044421076774597,0.2850762605667114,0.2670248746871948,0.29049184918403625,0.22970546782016754
0.3408634066581726,0.55263352394104,0.38550233840942383,0.5042926669120789,0.41762763261795044,0.4343373775482178,0.43897169828414917,0.36341145634651184,0.4563298225402832,0.30766725540161133,0.36980390548706055,0.32605257630348206,0.3777931332588196,0.23571713268756866,0.3810606598854065,0.18115976452827454,0.3832501173019409,0.1323470026254654,0.340079128742218,0.3236900866031647,0.3446877598762512,0.22934766113758087,0.34805387258529663,0.16963593661785126,0.3521285653114319,0.12053343653678894,0.31171509623527527,0.3399858772754669,0.3126770555973053,0.25374865531921387,0.31644952297210693,0.20288509130477905,0.32197290658950806,0.15961988270282745,0.28323832154273987,0.37052637338638306,0.28040313720703125,0.30820509791374207,0.28217095136642456,0.2712492048740387,0.286388635635376,0.23494189977645874
0.34105274081230164,0.5527173280715942,0.3858393430709839,0.5031356811523438,0.41778045892715454,0.43375086784362793,0.43922844529151917,0.3638972342014313,0.4566161334514618,0.3086681663990021,0.36968740820884705,0.32551273703575134,0.3787415027618408,0.23754850029945374,0.3825553357601166,0.18421204388141632,0.3851510286331177,0.13583973050117493,0.34009623527526855,0.3234686255455017,0.3444402813911438,0.23082153499126434,0.34711527824401855,0.17288212478160858,0.3504529595375061,0.12521038949489594,0.3117993175983429,0.3394414782524109,0.31246960163116455,0.25359803438186646,0.3155772387981415,0.20327776670455933,0.32026994228363037,0.15995024144649506,0.28319883346557617,0.3694744408130646,0.2804092764854431,0.3077005445957184,0.2820188105106354,0.2711637616157532,0.2860238254070282,0.23476946353912354
0.3391554355621338,0.5510876774787903,0.3847125470638275,0.5011875033378601,0.4158141016960144,0.4324721693992615,0.43659913539886475,0.3624696731567383,0.45372530817985535,0.3060597777366638,0.36852264404296875,0.32638707756996155,0.3784797787666321,0.23841719329357147,0.38309773802757263,0.18518474698066711,0.3862139582633972,0.13743576407432556,0.3387070298194885,0.32425737380981445,0.3416846990585327,0.23251691460609436,0.3439371883869171,0.1747101992368698,0.34721073508262634,0.12810534238815308,0.3101460933685303,0.3402382731437683,0.3104516565799713,0.2556596100330353,0.3139704465866089,0.20638830959796906,0.3190777897834778,0.16403158009052277,0.2815980911254883,0.370186448097229,0.2788025736808777,0.30895549058914185,0.2805320620536804,0.27285900712013245,0.28447625041007996,0.23760628700256348
0.3397219777107239,0.5495285391807556,0.3846966624259949,0.4993484914302826,0.4160173833370209,0.4311150312423706,0.43624019622802734,0.3619062006473541,0.45355847477912903,0.30700770020484924,0.3684406280517578,0.3267001211643219,0.3789435029029846,0.23923376202583313,0.38378334045410156,0.1860654056072235,0.387233167886734,0.1383410096168518,0.338779479265213,0.3246396780014038,0.3418998420238495,0.2326764464378357,0.3441618084907532,0.1756085455417633,0.3472099006175995,0.12888847291469574,0.31051602959632874,0.34073787927627563,0.31070372462272644,0.25645530223846436,0.31421759724617004,0.20679733157157898,0.3194067180156708,0.16387741267681122,0.2820103168487549,0.3712042570114136,0.27890461683273315,0.30982068181037903,0.2808343768119812,0.27346011996269226,0.28507810831069946,0.2375786155462265
0.34073102474212646,0.5522792339324951,0.3860439956188202,0.5055782198905945,0.4168536067008972,0.4357038140296936,0.43760576844215393,0.3643047511577606,0.45651981234550476,0.31056836247444153,0.36995789408683777,0.3289899230003357,0.38179680705070496,0.24182875454425812,0.38773590326309204,0.1887001097202301,0.3921053409576416,0.14077404141426086,0.33993035554885864,0.3258596658706665,0.34418633580207825,0.23359592258930206,0.3468376696109772,0.17640173435211182,0.34992846846580505,0.1292046457529068,0.31147101521492004,0.3412529528141022,0.31199556589126587,0.25610047578811646,0.31525617837905884,0.20610126852989197,0.3199152946472168,0.16296567022800446,0.28326183557510376,0.3714042603969574,0.28032469749450684,0.3095363676548004,0.281956285238266,0.2732943296432495,0.28569892048835754,0.23756623268127441
0.3414444625377655,0.55341637134552,0.3854773938655853,0.504381000995636,0.4169701635837555,0.43446600437164307,0.4382632374763489,0.36366966366767883,0.4552885591983795,0.3086041808128357,0.37011152505874634,0.32803788781166077,0.38182857632637024,0.24104487895965576,0.3875046670436859,0.18858812749385834,0.39163315296173096,0.14080901443958282,0.3402895927429199,0.3257385492324829,0.3444419503211975,0.2341630458831787,0.3471546769142151,0.1770755797624588,0.35041260719299316,0.13008013367652893,0.3118973672389984,0.3418157398700714,0.31218475103378296,0.25807178020477295,0.315367192029953,0.20858685672283173,0.32006505131721497,0.1653641015291214,0.28339266777038574,0.37222999334335327,0.2804746627807617,0.3107515573501587,0.2820594906806946,0.2744188606739044,0.28594905138015747,0.2380484938621521
0.33857062458992004,0.55107581615448,0.3832383155822754,0.5019384622573853,0.4145561456680298,0.4328867793083191,0.4348601996898651,0.36243826150894165,0.4511408805847168,0.3066145181655884,0.36769479513168335,0.32684963941574097,0.37895557284355164,0.23949140310287476,0.3841725289821625,0.1867522895336151,0.3877188265323639,0.13922268152236938,0.33777087926864624,0.3242131471633911,0.34160465002059937,0.23239244520664215,0.34380102157592773,0.17539122700691223,0.3464962840080261,0.12883751094341278,0.30940255522727966,0.3400385081768036,0.3097367286682129,0.2554190754890442,0.31262609362602234,0.2064630091190338,0.3169363737106323,0.16387939453125,0.28104469180107117,0.3704237937927246,0.2779621183872223,0.3093557357788086,0.2794136703014374,0.2741798758506775,0.2830783724784851,0.23917613923549652
0.33933305740356445,0.5529437065124512,0.385284960269928,0.5026693344116211,0.41568633913993835,0.43201524019241333,0.4347107410430908,0.3615545332431793,0.45121848583221436,0.30716240406036377,0.3680722415447235,0.32726621627807617,0.3793219029903412,0.23924723267555237,0.3847905397415161,0.18436793982982635,0.3883593678474426,0.13546371459960938,0.33783137798309326,0.3256450891494751,0.33997759222984314,0.23357054591178894,0.3416432738304138,0.17575310170650482,0.3439687490463257,0.12745961546897888,0.30920377373695374,0.3423721492290497,0.30813848972320557,0.2571200728416443,0.3103293478488922,0.206201434135437,0.3139273226261139,0.1611885130405426,0.2806105315685272,0.3741034269332886,0.2754707336425781,0.31203076243400574,0.27514833211898804,0.27473610639572144,0.27687162160873413,0.23757712543010712
0.34159862995147705,0.5554133653640747,0.3874083459377289,0.5066254138946533,0.41833439469337463,0.43369346857070923,0.4383789896965027,0.3619305193424225,0.45602238178253174,0.3076219856739044,0.3699619770050049,0.3270186185836792,0.38001567125320435,0.23828181624412537,0.3849292993545532,0.1840697079896927,0.3884580433368683,0.13581575453281403,0.3401714861392975,0.3248234689235687,0.34385329484939575,0.2309281826019287,0.34599173069000244,0.1717856079339981,0.34869396686553955,0.12279768288135529,0.31183570623397827,0.34071457386016846,0.3113168478012085,0.2547264099121094,0.3137930929660797,0.20416687428951263,0.31793341040611267,0.16045013070106506,0.2830635905265808,0.3713763654232025,0.2786172926425934,0.30736273527145386,0.2795164883136749,0.2693927586078644,0.28315865993499756,0.23145292699337006
0.3428208529949188,0.555915355682373,0.3889177441596985,0.5088181495666504,0.42093849182128906,0.4374299943447113,0.44150298833847046,0.36760416626930237,0.46196427941322327,0.3158458173274994,0.37245839834213257,0.32792457938194275,0.3841892182826996,0.23892392218112946,0.39021074771881104,0.1833198070526123,0.3943431079387665,0.13400466740131378,0.3416101038455963,0.32541683316230774,0.34469905495643616,0.22801093757152557,0.3472488820552826,0.16613511741161346,0.34985238313674927,0.11406847834587097,0.31285861134529114,0.3417956233024597,0.31078141927719116,0.253770112991333,0.31288382411003113,0.19892826676368713,0.31649672985076904,0.15037980675697327,0.28404781222343445,0.37388232350349426,0.27625197172164917,0.307797372341156,0.2737330198287964,0.26636362075805664,0.2737045884132385,0.22452080249786377
0.3445909023284912,0.5581836700439453,0.3909793794155121,0.5092378258705139,0.42254766821861267,0.4379768967628479,0.44404399394989014,0.36874082684516907,0.4645079970359802,0.31620314717292786,0.37409836053848267,0.32382532954216003,0.3804013729095459,0.23285868763923645,0.38243722915649414,0.17636889219284058,0.38366952538490295,0.12634296715259552,0.3443939685821533,0.32260221242904663,0.34971535205841064,0.22750228643417358,0.3542003035545349,0.16677501797676086,0.3594074547290802,0.1165008544921875,0.315710186958313,0.33958902955055237,0.316160649061203,0.25137266516685486,0.3203135132789612,0.19954264163970947,0.3266650438308716,0.15575474500656128,0.28630250692367554,0.37076595425605774,0.2817131280899048,0.3033924102783203,0.2823505103588104,0.2618991732597351,0.28617388010025024,0.22108757495880127
0.34535127878189087,0.5599970817565918,0.3918706178665161,0.5110005140304565,0.42362353205680847,0.43863487243652344,0.44532325863838196,0.36874109506607056,0.465088427066803,0.3164486885070801,0.3754456639289856,0.3239147663116455,0.3796282708644867,0.23458945751190186,0.38067159056663513,0.17892426252365112,0.3811713457107544,0.12859074771404266,0.34611329436302185,0.3233146667480469,0.35134172439575195,0.2288721799850464,0.3556365966796875,0.1669081300497055,0.3610069751739502,0.11532552540302277,0.317841112613678,0.34042489528656006,0.3189353346824646,0.25400805473327637,0.32314983010292053,0.2036740779876709,0.329781174659729,0.1608371138572693,0.2882126569747925,0.3705856204032898,0.2854995131492615,0.30253419280052185,0.2881038188934326,0.26160475611686707,0.2941691279411316,0.22045977413654327
0.3470364809036255,0.5637402534484863,0.3939250111579895,0.513914942741394,0.424839586019516,0.4405600130558014,0.4466249942779541,0.37027284502983093,0.466791570186615,0.3182126581668854,0.37815672159194946,0.32443326711654663,0.3816295564174652,0.2363279014825821,0.38295480608940125,0.1806795448064804,0.3841930627822876,0.1304924637079239,0.3491184413433075,0.3229139447212219,0.35379886627197266,0.2300928384065628,0.35868677496910095,0.16976365447044373,0.3655107915401459,0.1187446266412735,0.3208733797073364,0.33900508284568787,0.3236328959465027,0.2520710527896881,0.3287859857082367,0.20027005672454834,0.3366905152797699,0.15554144978523254,0.29101747274398804,0.3685610294342041,0.2891700565814972,0.30073660612106323,0.293291300535202,0.259721964597702,0.3010614514350891,0.21871447563171387
0.3482854664325714,0.5625258684158325,0.39615657925605774,0.5135682225227356,0.4277891516685486,0.4389057159423828,0.44968342781066895,0.3687405586242676,0.4697890877723694,0.3191227912902832,0.37940818071365356,0.32330358028411865,0.3833000063896179,0.2349172979593277,0.3845316171646118,0.18005572259426117,0.38513660430908203,0.13078178465366364,0.35037943720817566,0.32215583324432373,0.35543137788772583,0.22872807085514069,0.3594440817832947,0.16718322038650513,0.36492034792900085,0.11632382869720459,0.3224816918373108,0.33842968940734863,0.3266508877277374,0.251159131526947,0.33266863226890564,0.19962580502033234,0.34064343571662903,0.15554489195346832,0.29276248812675476,0.36851415038108826,0.2916305959224701,0.30215245485305786,0.29590997099876404,0.26200759410858154,0.303529292345047,0.2220199555158615
0.3490706980228424,0.5617973208427429,0.39676740765571594,0.5125863552093506,0.4279373586177826,0.43975630402565,0.4496448338031769,0.3698785901069641,0.46946319937705994,0.31918060779571533,0.3790532350540161,0.3249233365058899,0.38311704993247986,0.23584197461605072,0.3847026228904724,0.18037964403629303,0.3852798044681549,0.13044032454490662,0.35031911730766296,0.3236508369445801,0.3553745746612549,0.23004773259162903,0.3592672646045685,0.16740790009498596,0.3646138906478882,0.11546473205089569,0.3227634131908417,0.33912089467048645,0.32710498571395874,0.25215399265289307,0.33345866203308105,0.20009613037109375,0.3417811691761017,0.1554654836654663,0.2933468222618103,0.3677164912223816,0.29249870777130127,0.30113035440444946,0.2969019412994385,0.2602424621582031,0.30467531085014343,0.21990124881267548
0.34993845224380493,0.5614138245582581,0.3961358964443207,0.5139092206954956,0.42739933729171753,0.44112449884414673,0.4489760994911194,0.3716117739677429,0.4692167341709137,0.32098475098609924,0.38058963418006897,0.3264095187187195,0.3856862187385559,0.2360968440771103,0.38715583086013794,0.1803346425294876,0.38830628991127014,0.13190490007400513,0.3511093556880951,0.32540977001190186,0.35475972294807434,0.2294711172580719,0.3581897020339966,0.1684872806072235,0.3628680408000946,0.118968665599823,0.3227912485599518,0.3428427278995514,0.3220265805721283,0.25443094968795776,0.3264372944831848,0.20327125489711761,0.33353883028030396,0.16064444184303284,0.29327699542045593,0.37443244457244873,0.2882619798183441,0.30697572231292725,0.2900257706642151,0.2655545771121979,0.295550674200058,0.22468282282352448
0.3488028943538666,0.5599455237388611,0.39570221304893494,0.5134701728820801,0.4275028705596924,0.440937876701355,0.447979211807251,0.3712730407714844,0.4677133858203888,0.3215706944465637,0.38014423847198486,0.3272096812725067,0.3868330121040344,0.2365419715642929,0.388936311006546,0.18012163043022156,0.3902764320373535,0.1312999427318573,0.350256085395813,0.32556962966918945,0.35461488366127014,0.23027634620666504,0.3586253225803375,0.17009581625461578,0.3635798394680023,0.12153403460979462,0.3217222988605499,0.3420206904411316,0.3212888538837433,0.25349676609039307,0.32563942670822144,0.2022065669298172,0.33223024010658264,0.1597282886505127,0.29246771335601807,0.37312501668930054,0.287908136844635,0.3062991499900818,0.28890421986579895,0.265662282705307,0.2928955554962158,0.22618813812732697
0.3498804569244385,0.5597330927848816,0.3953480124473572,0.5113823413848877,0.4269494414329529,0.44027549028396606,0.44801270961761475,0.3715139925479889,0.46764177083969116,0.3208509683609009,0.3798303008079529,0.327349454164505,0.3880244493484497,0.23834817111492157,0.3910965025424957,0.18229755759239197,0.39309370517730713,0.13314388692378998,0.34986820816993713,0.3253937363624573,0.35446053743362427,0.23039789497852325,0.358662486076355,0.17004802823066711,0.36354655027389526,0.1205947995185852,0.3211020827293396,0.34200096130371094,0.3205512762069702,0.2545251250267029,0.3239127993583679,0.20320092141628265,0.3294461965560913,0.15965725481510162,0.2918059527873993,0.37390604615211487,0.28648829460144043,0.30797600746154785,0.28671175241470337,0.2674306333065033,0.2899143099784851,0.2276369035243988
0.3482162654399872,0.5603389143943787,0.39537668228149414,0.5134139060974121,0.4276264011859894,0.44189339876174927,0.4485436975955963,0.3724321126937866,0.4684881865978241,0.3241298198699951,0.38042908906936646,0.3317757546901703,0.39338791370391846,0.2432439923286438,0.3997550904750824,0.1881624460220337,0.4043731987476349,0.13983845710754395,0.34923240542411804,0.3281809687614441,0.352057546377182,0.23228292167186737,0.3552291691303253,0.17096441984176636,0.3589010536670685,0.1197270005941391,0.3201179504394531,0.34331950545310974,0.31771889328956604,0.2555665671825409,0.3194078207015991,0.20210818946361542,0.32242530584335327,0.15566466748714447,0.29134321212768555,0.3746016025543213,0.28442975878715515,0.30828166007995605,0.28102806210517883,0.26693448424339294,0.27919021248817444,0.22589246928691864
0.348619282245636,0.559927225112915,0.3959183394908905,0.5139871835708618,0.42787185311317444,0.44223010540008545,0.4484681487083435,0.37245362997055054,0.46875864267349243,0.3235180377960205,0.3809364140033722,0.3310388922691345,0.39292508363723755,0.24320781230926514,0.39893263578414917,0.18877898156642914,0.4034813642501831,0.14057348668575287,0.3496115207672119,0.3275732696056366,0.35212647914886475,0.23282171785831451,0.35552480816841125,0.17289002239704132,0.35969072580337524,0.12264792621135712,0.3203716576099396,0.343139111995697,0.31753918528556824,0.2560955286026001,0.3195784091949463,0.20336495339870453,0.3232938051223755,0.15714746713638306,0.2915874421596527,0.3749273419380188,0.2838330566883087,0.3086613118648529,0.28029751777648926,0.2673928439617157,0.278792142868042,0.22588574886322021
0.34825411438941956,0.5592233538627625,0.3950876295566559,0.5136235952377319,0.4274847209453583,0.4436876177787781,0.44824057817459106,0.3757636547088623,0.46946221590042114,0.32629117369651794,0.37999311089515686,0.33522868156433105,0.392645001411438,0.2457979917526245,0.39882171154022217,0.19031018018722534,0.40280675888061523,0.14189712703227997,0.3487473130226135,0.33173641562461853,0.35213780403137207,0.2354149967432022,0.35418784618377686,0.1752239316701889,0.3563317656517029,0.12547795474529266,0.31938570737838745,0.3465518653392792,0.3172670602798462,0.2574478089809418,0.3185122013092041,0.202266126871109,0.3210660517215729,0.1545947790145874,0.2902214229106903,0.37777721881866455,0.27973324060440063,0.312710702419281,0.2740095853805542,0.2708694636821747,0.2703884541988373,0.22914016246795654
0.3474452495574951,0.5598074197769165,0.39431431889533997,0.5131882429122925,0.4267426133155823,0.44397252798080444,0.44739359617233276,0.3753090500831604,0.4673129916191101,0.32446256279945374,0.3781753182411194,0.3334306478500366,0.3900909721851349,0.2440277338027954,0.3955099880695343,0.18882226943969727,0.3987027406692505,0.1400933414697647,0.3473169505596161,0.33011627197265625,0.3507828712463379,0.233401820063591,0.35279810428619385,0.1730291247367859,0.3548009395599365,0.1231500506401062,0.3184968829154968,0.3457244634628296,0.31638863682746887,0.25742119550704956,0.3186909854412079,0.20290526747703552,0.32217952609062195,0.15626966953277588,0.2896299660205841,0.3774271607398987,0.28072497248649597,0.31058618426322937,0.2767476439476013,0.26817044615745544,0.2747960090637207,0.22611075639724731
0.34831172227859497,0.5601829290390015,0.3949660062789917,0.512129008769989,0.4280266761779785,0.44254642724990845,0.4489578604698181,0.3749346137046814,0.4681086540222168,0.32579490542411804,0.3794163167476654,0.33427050709724426,0.39181381464004517,0.24486921727657318,0.397877961397171,0.1895792931318283,0.40187960863113403,0.14094622433185577,0.34884756803512573,0.3311592936515808,0.3525450825691223,0.23470722138881683,0.35493752360343933,0.17472869157791138,0.3574047386646271,0.12509864568710327,0.32003912329673767,0.3459615707397461,0.3188430666923523,0.25716927647590637,0.3208673596382141,0.2028890997171402,0.32393085956573486,0.15638327598571777,0.2908444404602051,0.3768710792064667,0.28378522396087646,0.31063345074653625,0.2811570465564728,0.26919060945510864,0.28029078245162964,0.22833947837352753
0.36160916090011597,0.5640021562576294,0.4093952476978302,0.5201798677444458,0.4422210454940796,0.4477654695510864,0.46324092149734497,0.38062742352485657,0.48437821865081787,0.33790022134780884,0.39505380392074585,0.33668917417526245,0.40851008892059326,0.25198763608932495,0.41539332270622253,0.19875140488147736,0.4207253158092499,0.1526624709367752,0.36492064595222473,0.33271723985671997,0.36974525451660156,0.23888391256332397,0.37375062704086304,0.17938990890979767,0.3778063952922821,0.13032123446464539,0.33634379506111145,0.3466396629810333,0.33566033840179443,0.25967055559158325,0.33868369460105896,0.20710758864879608,0.343098521232605,0.16139419376850128,0.307262122631073,0.3765416443347931,0.3003488779067993,0.31191954016685486,0.29854023456573486,0.27083009481430054,0.29926925897598267,0.22961077094078064
0.3764473497867584,0.5580732822418213,0.4244931936264038,0.5174112915992737,0.4583720266819,0.4467765986919403,0.4808230400085449,0.37900203466415405,0.5033693909645081,0.33134815096855164,0.41503867506980896,0.33416038751602173,0.4287833869457245,0.24817901849746704,0.4357784688472748,0.1933995634317398,0.4408905804157257,0.14507535099983215,0.38394132256507874,0.32860666513442993,0.38893425464630127,0.23342719674110413,0.39331698417663574,0.17245107889175415,0.39809417724609375,0.12177693843841553,0.35453376173973083,0.3419821560382843,0.35536879301071167,0.2542398273944855,0.3600664436817169,0.20043253898620605,0.3662416636943817,0.15397441387176514,0.32463741302490234,0.37124666571617126,0.31818801164627075,0.30454692244529724,0.3166140019893646,0.2620697617530823,0.3176577091217041,0.22014392912387848
0.379635751247406,0.5542749166488647,0.4280727803707123,0.5130236148834229,0.4611012935638428,0.4410613179206848,0.48253053426742554,0.3728615641593933,0.5046828389167786,0.324920117855072,0.41598355770111084,0.32682618498802185,0.42869657278060913,0.23988616466522217,0.43532389402389526,0.18425410985946655,0.44040215015411377,0.13554540276527405,0.3845250904560089,0.3219122886657715,0.3880443871021271,0.2253166288137436,0.392050564289093,0.16406674683094025,0.39674749970436096,0.11315920948982239,0.3552134037017822,0.33655810356140137,0.35405975580215454,0.24834084510803223,0.3579235076904297,0.19501903653144836,0.363528311252594,0.1488126814365387,0.32579922676086426,0.36730194091796875,0.31813934445381165,0.29950109124183655,0.3161921501159668,0.25606822967529297,0.3172180652618408,0.2127397656440735
0.38460755348205566,0.5466843843460083,0.4320183992385864,0.5062503218650818,0.46435487270355225,0.43545153737068176,0.4854854941368103,0.3670128285884857,0.5076337456703186,0.3168732225894928,0.4184192419052124,0.32016700506210327,0.4306568205356598,0.23337861895561218,0.43665826320648193,0.1772877722978592,0.4406589865684509,0.12751518189907074,0.38772037625312805,0.31628644466400146,0.3918754756450653,0.22138290107250214,0.39558812975883484,0.16082221269607544,0.39951249957084656,0.10999839007854462,0.3588549494743347,0.33107271790504456,0.35824358463287354,0.24431465566158295,0.36144527792930603,0.192196324467659,0.3660553991794586,0.1465076357126236,0.32980164885520935,0.36155015230178833,0.32210415601730347,0.2943672835826874,0.31967470049858093,0.2523549497127533,0.3197234869003296,0.21052654087543488
0.38317206501960754,0.5424279570579529,0.4309251308441162,0.5016641020774841,0.46302536129951477,0.4305850565433502,0.4838748276233673,0.3608725666999817,0.5062174797058105,0.3111112415790558,0.41763433814048767,0.31619226932525635,0.42905062437057495,0.22914621233940125,0.43490204215049744,0.17347978055477142,0.4391627907752991,0.12452244758605957,0.3860814571380615,0.31181955337524414,0.38921332359313965,0.21749819815158844,0.392705500125885,0.15862160921096802,0.39671656489372253,0.10987220704555511,0.3568728566169739,0.32664358615875244,0.3553236722946167,0.24033237993717194,0.35853123664855957,0.18759745359420776,0.363329142332077,0.1415228545665741,0.3281017243862152,0.3573490381240845,0.3205800950527191,0.29103708267211914,0.3181229829788208,0.24923545122146606,0.31811055541038513,0.20763176679611206
0.3807120621204376,0.5412463545799255,0.42854636907577515,0.5015952587127686,0.4610600173473358,0.4301110506057739,0.48194852471351624,0.35993340611457825,0.5046009421348572,0.3107745349407196,0.41413089632987976,0.31637486815452576,0.4263854920864105,0.23029813170433044,0.4329049289226532,0.17551738023757935,0.4377536177635193,0.1267501711845398,0.3828132450580597,0.3116353750228882,0.38521620631217957,0.2169114649295807,0.38845470547676086,0.1566573828458786,0.39247027039527893,0.10644245147705078,0.354021281003952,0.3261658549308777,0.3524830937385559,0.24045850336551666,0.35619884729385376,0.18881073594093323,0.36145690083503723,0.14395193755626678,0.32558202743530273,0.3562319278717041,0.31787291169166565,0.28970980644226074,0.31538793444633484,0.24798676371574402,0.3155215382575989,0.206451416015625
0.3798196613788605,0.5402387380599976,0.4269631505012512,0.4992615580558777,0.4593847692012787,0.42666998505592346,0.48013442754745483,0.35777294635772705,0.5020103454589844,0.3091796636581421,0.41250357031822205,0.31438153982162476,0.42502421140670776,0.22762569785118103,0.4317186772823334,0.17258061468601227,0.43665051460266113,0.12387867271900177,0.3812809884548187,0.3104369640350342,0.38473108410835266,0.21540728211402893,0.3881739377975464,0.15411651134490967,0.39205291867256165,0.10364711284637451,0.35255229473114014,0.32552361488342285,0.35094040632247925,0.23956136405467987,0.35458049178123474,0.18778985738754272,0.35983172059059143,0.14317280054092407,0.32401904463768005,0.35649099946022034,0.31576281785964966,0.29009029269218445,0.31317538022994995,0.2483997941017151,0.3135720491409302,0.2067962884902954
0.3739541172981262,0.5335643291473389,0.4214373826980591,0.49107855558395386,0.4540329873561859,0.4186135530471802,0.4749837815761566,0.3505910634994507,0.4966374337673187,0.30468428134918213,0.40742185711860657,0.3109626770019531,0.41973310708999634,0.22729256749153137,0.42673730850219727,0.17516769468784332,0.43246808648109436,0.12831366062164307,0.37638455629348755,0.3055804967880249,0.3799583315849304,0.21169234812259674,0.3835594356060028,0.15206964313983917,0.38788893818855286,0.10226443409919739,0.3475819230079651,0.31896984577178955,0.3461759388446808,0.23540759086608887,0.34948569536209106,0.1882392168045044,0.35433119535446167,0.1473912000656128,0.31863194704055786,0.34765225648880005,0.3111751973628998,0.28365615010261536,0.3090030550956726,0.24446254968643188,0.30978071689605713,0.20517051219940186
0.36596354842185974,0.5333369970321655,0.41248786449432373,0.4911414086818695,0.44474175572395325,0.42073196172714233,0.46657904982566833,0.351082980632782,0.48758119344711304,0.303649365901947,0.39878830313682556,0.3078954219818115,0.4111844301223755,0.22489148378372192,0.41723787784576416,0.17384517192840576,0.42181339859962463,0.1286487728357315,0.3676399290561676,0.3021578788757324,0.37198591232299805,0.20766255259513855,0.3755248486995697,0.14830568432807922,0.3793224096298218,0.0998983085155487,0.338739812374115,0.3161619007587433,0.33688369393348694,0.2317028045654297,0.3396737277507782,0.18390454351902008,0.3443765640258789,0.143058180809021,0.30996423959732056,0.34557846188545227,0.3026673495769501,0.28153637051582336,0.3004321753978729,0.24246278405189514,0.3015570640563965,0.2035197764635086
0.356205016374588,0.5325542688369751,0.40245628356933594,0.48671314120292664,0.4340032935142517,0.4160684049129486,0.45534971356391907,0.347106397151947,0.47451573610305786,0.29844558238983154,0.3872097432613373,0.30777525901794434,0.39922818541526794,0.22191166877746582,0.4047315716743469,0.1682584285736084,0.4083661735057831,0.12003926932811737,0.3561542332172394,0.3032696843147278,0.35899487137794495,0.20927436649799347,0.36145177483558655,0.15009483695030212,0.36443883180618286,0.10171180963516235,0.3269820809364319,0.3172854483127594,0.3240588307380676,0.23401284217834473,0.32648590207099915,0.1870180070400238,0.3305946886539459,0.14766477048397064,0.2979795038700104,0.34602877497673035,0.29062604904174805,0.28171253204345703,0.28850939869880676,0.24348536133766174,0.28935471177101135,0.2062494456768036
0.34774357080459595,0.5354037284851074,0.39521628618240356,0.48912936449050903,0.42662468552589417,0.41645336151123047,0.4464758634567261,0.3460348844528198,0.466044545173645,0.2975931167602539,0.37956947088241577,0.308865487575531,0.3914097547531128,0.22221070528030396,0.39701926708221436,0.16850939393043518,0.40091943740844727,0.12105400860309601,0.34869495034217834,0.3052108883857727,0.35133126378059387,0.20925724506378174,0.3534581959247589,0.14960655570030212,0.35594606399536133,0.1008448451757431,0.3198871612548828,0.3202662765979767,0.31714770197868347,0.23388811945915222,0.3190446197986603,0.18232080340385437,0.32251226902008057,0.1383691430091858,0.29091042280197144,0.35053765773773193,0.2840006947517395,0.28541702032089233,0.28242170810699463,0.2461220622062683,0.2835766673088074,0.20749835669994354
0.3455972969532013,0.5392959713935852,0.3922633230686188,0.4932592809200287,0.4248560965061188,0.42275598645210266,0.4456861615180969,0.3531174063682556,0.4643723964691162,0.30132466554641724,0.37684163451194763,0.3142188787460327,0.38866767287254333,0.22685764729976654,0.3947674036026001,0.17333155870437622,0.39927271008491516,0.12586002051830292,0.34655508399009705,0.309970498085022,0.35067081451416016,0.2130092829465866,0.3541446030139923,0.15266893804073334,0.3576754629611969,0.1025850772857666,0.31798607110977173,0.3248249888420105,0.3153747320175171,0.23800483345985413,0.31782981753349304,0.18586085736751556,0.321867436170578,0.14065763354301453,0.289113849401474,0.3551955819129944,0.2825332581996918,0.2898619472980499,0.2810581624507904,0.2500903606414795,0.28199732303619385,0.21076112985610962
0.34426450729370117,0.5452147126197815,0.3900560140609741,0.4973492920398712,0.42116162180900574,0.4259284734725952,0.4412073493003845,0.3556506931781769,0.4602010250091553,0.30411845445632935,0.37368521094322205,0.31859108805656433,0.3846439719200134,0.22887885570526123,0.3899461328983307,0.17383520305156708,0.3932560086250305,0.12530949711799622,0.34358492493629456,0.31544601917266846,0.3476986885070801,0.217359721660614,0.3507290482521057,0.15674136579036713,0.35344070196151733,0.10648410022258759,0.31511273980140686,0.33095479011535645,0.31322935223579407,0.2437913715839386,0.31539079546928406,0.19025762379169464,0.31875038146972656,0.14382025599479675,0.2863043546676636,0.3622147738933563,0.2796635031700134,0.2968178987503052,0.2775883674621582,0.2565399408340454,0.2775327265262604,0.2165071666240692
0.34529247879981995,0.552100658416748,0.39122557640075684,0.504656970500946,0.4225749671459198,0.43303775787353516,0.4421606957912445,0.362621545791626,0.46161937713623047,0.3091181218624115,0.3742223381996155,0.3238143026828766,0.38522765040397644,0.2347031533718109,0.39102333784103394,0.1798219531774521,0.39472609758377075,0.13080161809921265,0.3439740240573883,0.3206925392150879,0.3470138609409332,0.22250144183635712,0.3491382598876953,0.16128884255886078,0.35092106461524963,0.10992230474948883,0.3154832720756531,0.3366641104221344,0.31355512142181396,0.2490442395210266,0.31488803029060364,0.19531629979610443,0.317307710647583,0.14794495701789856,0.28673648834228516,0.3688550889492035,0.2796817421913147,0.3027803599834442,0.2768772840499878,0.2628740072250366,0.275745153427124,0.2231549620628357
0.35108867287635803,0.5615552067756653,0.3963671624660492,0.5111255645751953,0.42773914337158203,0.4393213391304016,0.4478604197502136,0.36955326795578003,0.4679073989391327,0.31682559847831726,0.3776920735836029,0.33053070306777954,0.3893618583679199,0.24014627933502197,0.3951108455657959,0.18402168154716492,0.39899545907974243,0.13435110449790955,0.3472089171409607,0.32817548513412476,0.3501778542995453,0.2286067008972168,0.3527725636959076,0.16608205437660217,0.35521548986434937,0.1133086234331131,0.3186999261379242,0.34505072236061096,0.31618207693099976,0.2552574872970581,0.3170234262943268,0.20073966681957245,0.3191630244255066,0.15339842438697815,0.2903231382369995,0.37813904881477356,0.283014714717865,0.3106565475463867,0.2800097167491913,0.2689296305179596,0.2786407470703125,0.2279287874698639
0.35272639989852905,0.5628197193145752,0.3999541997909546,0.5144023895263672,0.431915819644928,0.44331708550453186,0.4519333839416504,0.3728729486465454,0.47149181365966797,0.32099056243896484,0.38350173830986023,0.3328635096549988,0.39435192942619324,0.24300208687782288,0.39981555938720703,0.18656261265277863,0.4038294851779938,0.1366327852010727,0.3522804379463196,0.32958051562309265,0.3545163571834564,0.23273715376853943,0.35732170939445496,0.1711210161447525,0.3607538044452667,0.11931037902832031,0.3230832815170288,0.3451392948627472,0.32029858231544495,0.2562669515609741,0.3212248980998993,0.20197340846061707,0.32397300004959106,0.15451255440711975,0.294216126203537,0.37692806124687195,0.2866000831127167,0.3108886480331421,0.283781498670578,0.2692485451698303,0.2830219268798828,0.22770462930202484
0.35768693685531616,0.5637030601501465,0.40447497367858887,0.5170798301696777,0.43641698360443115,0.4444350302219391,0.4574091136455536,0.37564003467559814,0.47875165939331055,0.3250894248485565,0.3870294690132141,0.33473411202430725,0.3994635343551636,0.24603843688964844,0.40579700469970703,0.18948505818843842,0.4105361998081207,0.1394527405500412,0.35622304677963257,0.33165350556373596,0.3592175245285034,0.2333553433418274,0.36267733573913574,0.17025300860404968,0.3662470281124115,0.11752209067344666,0.3273496627807617,0.34800243377685547,0.3234144449234009,0.26004257798194885,0.32467830181121826,0.20712848007678986,0.32766950130462646,0.16119913756847382,0.2986485958099365,0.38091909885406494,0.2902860641479492,0.3136287331581116,0.28771960735321045,0.27104586362838745,0.2873811721801758,0.22886502742767334
0.3624548316001892,0.5644580125808716,0.4098818600177765,0.5165032148361206,0.4415878355503082,0.4425351619720459,0.4628230333328247,0.37319982051849365,0.48343425989151,0.32462477684020996,0.3923841118812561,0.33306512236595154,0.40469685196876526,0.244849294424057,0.41091519594192505,0.18930228054523468,0.4152984917163849,0.1401786357164383,0.36139756441116333,0.3298609256744385,0.3648075461387634,0.23136772215366364,0.36772140860557556,0.16844442486763,0.370790958404541,0.11657589673995972,0.33256056904792786,0.34621116518974304,0.32919633388519287,0.2576729655265808,0.330846905708313,0.20555515587329865,0.3341429829597473,0.16102394461631775,0.30356302857398987,0.3792148232460022,0.2954116463661194,0.31112468242645264,0.2930854856967926,0.2690966725349426,0.29336804151535034,0.22713352739810944
0.36618858575820923,0.5616255402565002,0.41272440552711487,0.5158619284629822,0.445311039686203,0.44341981410980225,0.4674023985862732,0.374521404504776,0.4876898229122162,0.32519084215164185,0.39735206961631775,0.3304287791252136,0.41102489829063416,0.24228641390800476,0.41824203729629517,0.18613184988498688,0.4234929382801056,0.13663019239902496,0.36672332882881165,0.3264840245246887,0.3709891140460968,0.22895704209804535,0.3749229907989502,0.16660763323307037,0.37887802720069885,0.11453534662723541,0.33781614899635315,0.3418470621109009,0.3355711102485657,0.25356942415237427,0.337341845035553,0.19918857514858246,0.34069108963012695,0.15160098671913147,0.30832439661026,0.37350043654441833,0.3002258539199829,0.30623775720596313,0.2967129945755005,0.26328760385513306,0.29533112049102783,0.22004258632659912
0.37006092071533203,0.5499143600463867,0.4165879487991333,0.5054324269294739,0.44868844747543335,0.4343445599079132,0.470904141664505,0.3654351830482483,0.4912760257720947,0.3171808123588562,0.4022066593170166,0.32254377007484436,0.41399791836738586,0.23562148213386536,0.4205613136291504,0.1812116503715515,0.4255397617816925,0.13286879658699036,0.37103602290153503,0.3180369436740875,0.37431231141090393,0.22023175656795502,0.378135085105896,0.15898801386356354,0.382318377494812,0.10858473181724548,0.3419657349586487,0.3330553472042084,0.3386690616607666,0.24692793190479279,0.3410041332244873,0.19559337198734283,0.3453882932662964,0.15161381661891937,0.31284528970718384,0.363942414522171,0.3044285178184509,0.2957954406738281,0.30202716588974,0.25413477420806885,0.3027156889438629,0.21283844113349915
0.36691898107528687,0.5408490300178528,0.41383177042007446,0.4979645907878876,0.44634002447128296,0.4266101121902466,0.4681239724159241,0.3572259247303009,0.488543838262558,0.30979540944099426,0.3995210826396942,0.31424498558044434,0.41146308183670044,0.2312195897102356,0.4177403151988983,0.18035027384757996,0.422585666179657,0.135377436876297,0.36847296357154846,0.30887582898139954,0.3720610737800598,0.2120860368013382,0.37575140595436096,0.15154166519641876,0.37950021028518677,0.10200655460357666,0.33947646617889404,0.3235470652580261,0.3362925350666046,0.23814722895622253,0.33915290236473083,0.19025184214115143,0.3439633250236511,0.14951542019844055,0.3104315400123596,0.3539067208766937,0.3021802008152008,0.28748440742492676,0.3000698983669281,0.2476973533630371,0.3013915419578552,0.208310067653656
0.3642025291919708,0.5392789840698242,0.41145405173301697,0.4954748749732971,0.44337961077690125,0.4269135594367981,0.46530383825302124,0.35759520530700684,0.486278772354126,0.3096708357334137,0.39591917395591736,0.31309425830841064,0.4070950746536255,0.22529317438602448,0.41256919503211975,0.17152255773544312,0.41654080152511597,0.1242392510175705,0.36477333307266235,0.30886244773864746,0.3694753646850586,0.21073341369628906,0.37334144115448,0.14936068654060364,0.3772219121456146,0.09970127046108246,0.3354390859603882,0.32409927248954773,0.3333270847797394,0.23699983954429626,0.33619552850723267,0.18689613044261932,0.3409682810306549,0.1444864422082901,0.30608606338500977,0.35410234332084656,0.29932209849357605,0.2877790927886963,0.2978828549385071,0.24788238108158112,0.2997989058494568,0.2084304392337799
0.35596969723701477,0.5582157373428345,0.40316107869148254,0.5125479102134705,0.4349677860736847,0.44173526763916016,0.45614513754844666,0.3710539937019348,0.47651663422584534,0.3214225172996521,0.3855792284011841,0.3253254294395447,0.39115992188453674,0.23476725816726685,0.39218080043792725,0.1777344048023224,0.3921218812465668,0.12721924483776093,0.35597550868988037,0.32387775182724,0.36050936579704285,0.2274979054927826,0.36466389894485474,0.1655430644750595,0.3687483072280884,0.11401025950908661,0.32721731066703796,0.34131959080696106,0.32528573274612427,0.2529330551624298,0.3280094563961029,0.20101836323738098,0.3323736786842346,0.1567492038011551,0.2978796362876892,0.37309756875038147,0.2919791340827942,0.30482518672943115,0.291140615940094,0.26330646872520447,0.2928876280784607,0.2227797508239746
0.3545282185077667,0.5605462193489075,0.4000649154186249,0.512703537940979,0.43172919750213623,0.4410099983215332,0.4535180926322937,0.37117287516593933,0.4736449718475342,0.31946760416030884,0.382357120513916,0.3257017135620117,0.386736124753952,0.23423060774803162,0.3875572681427002,0.176754891872406,0.3875981867313385,0.12546640634536743,0.35285401344299316,0.32514488697052,0.3579455316066742,0.22846561670303345,0.36263543367385864,0.1661783754825592,0.3675156533718109,0.11395394802093506,0.3241661787033081,0.3435535430908203,0.3227703273296356,0.2557739019393921,0.3255743980407715,0.20345941185951233,0.330380380153656,0.15851442515850067,0.29467421770095825,0.3766005039215088,0.2890646159648895,0.3095664381980896,0.2885757088661194,0.2683565616607666,0.2906452715396881,0.22781328856945038
0.35395491123199463,0.5597569942474365,0.40021225810050964,0.5113552808761597,0.43159183859825134,0.4409206211566925,0.45287609100341797,0.3712318539619446,0.4730006456375122,0.31903183460235596,0.3818266987800598,0.32556667923927307,0.3860875964164734,0.2346450388431549,0.3865649700164795,0.17725498974323273,0.38626185059547424,0.12589174509048462,0.35212206840515137,0.3250500559806824,0.35733380913734436,0.22842027246952057,0.3625563383102417,0.16705860197544098,0.36809900403022766,0.11630450189113617,0.32339853048324585,0.34352540969848633,0.3218880593776703,0.25483977794647217,0.32441410422325134,0.20141513645648956,0.32922086119651794,0.15562595427036285,0.29418447613716125,0.3762942850589752,0.2880322337150574,0.3090941607952118,0.28693392872810364,0.2670677602291107,0.2885991930961609,0.22576995193958282
0.3522159159183502,0.5598288774490356,0.3983142077922821,0.5117020606994629,0.42986857891082764,0.4415614604949951,0.4516139030456543,0.3719232380390167,0.4717811048030853,0.32040226459503174,0.3812183439731598,0.32590824365615845,0.38682880997657776,0.23457501828670502,0.38801905512809753,0.17744486033916473,0.388167142868042,0.12684084475040436,0.3513152003288269,0.32508009672164917,0.35627204179763794,0.22912713885307312,0.36110857129096985,0.168539896607399,0.36602067947387695,0.11849316954612732,0.3223060965538025,0.3427765965461731,0.32078808546066284,0.2536095082759857,0.32346197962760925,0.20016612112522125,0.3280358910560608,0.1541476845741272,0.29296594858169556,0.37485557794570923,0.28785473108291626,0.3077434003353119,0.28715938329696655,0.2670556604862213,0.2889009416103363,0.22707992792129517
0.3527970314025879,0.5603809356689453,0.3993687927722931,0.5114684104919434,0.43129080533981323,0.4398307502269745,0.45178651809692383,0.3713078796863556,0.47237297892570496,0.3220696449279785,0.3831373453140259,0.32970452308654785,0.3932298719882965,0.24233748018741608,0.3980715274810791,0.18784193694591522,0.40146321058273315,0.1396159827709198,0.352798730134964,0.32674655318260193,0.35669153928756714,0.2304784506559372,0.3607728183269501,0.17012812197208405,0.3649761378765106,0.11913305521011353,0.3236854374408722,0.3426489531993866,0.32138893008232117,0.25529226660728455,0.3233591914176941,0.20273733139038086,0.3269849419593811,0.15661534667015076,0.2941182255744934,0.3748629093170166,0.2877689003944397,0.30884304642677307,0.2867371141910553,0.26782411336898804,0.2879232168197632,0.22696080803871155
0.3550442159175873,0.5601966381072998,0.4019996225833893,0.5140776038169861,0.4352732300758362,0.44263285398483276,0.4573933482170105,0.3739014267921448,0.477256715297699,0.3246845006942749,0.38561272621154785,0.33136871457099915,0.39716246724128723,0.24488815665245056,0.40275096893310547,0.1919133961200714,0.4069046974182129,0.14473232626914978,0.35513049364089966,0.3275599479675293,0.35942211747169495,0.2307582050561905,0.3632098138332367,0.17032478749752045,0.367127388715744,0.11974641680717468,0.3260987102985382,0.3427460789680481,0.32364797592163086,0.2558324933052063,0.3259597420692444,0.20540693402290344,0.3298993706703186,0.16181580722332,0.2969723343849182,0.37372079491615295,0.29075032472610474,0.30778712034225464,0.2897081673145294,0.26805537939071655,0.29125285148620605,0.228618785738945
0.3570193350315094,0.560395359992981,0.40399986505508423,0.5148840546607971,0.43747881054878235,0.44496846199035645,0.4599643647670746,0.3758569657802582,0.4806482195854187,0.3273055851459503,0.3891088664531708,0.3327907621860504,0.40214550495147705,0.24543216824531555,0.40859144926071167,0.190769225358963,0.4130977392196655,0.14197024703025818,0.35839658975601196,0.3281070590019226,0.363643079996109,0.22950991988182068,0.367727130651474,0.16706940531730652,0.3714946210384369,0.11458492279052734,0.329105943441391,0.34292522072792053,0.3274664878845215,0.25481560826301575,0.3298414647579193,0.2026466280221939,0.3335537314414978,0.15750478208065033,0.2993123531341553,0.3739895224571228,0.2931506931781769,0.3064786493778229,0.2919765114784241,0.26573461294174194,0.29318109154701233,0.22523485124111176
0.3582835793495178,0.5584200024604797,0.40585634112358093,0.5130507946014404,0.4393566846847534,0.44295215606689453,0.4627552628517151,0.37487879395484924,0.4834914803504944,0.32649579644203186,0.3915688693523407,0.32981839776039124,0.4042264223098755,0.24171020090579987,0.41078299283981323,0.1875959038734436,0.415742963552475,0.14015023410320282,0.3609027564525604,0.32579588890075684,0.3658987879753113,0.22720451653003693,0.37039345502853394,0.16575965285301208,0.3748420178890228,0.11524558067321777,0.3316175937652588,0.34089821577072144,0.32958441972732544,0.25239717960357666,0.33224356174468994,0.20009109377861023,0.33667218685150146,0.15480268001556396,0.3017840087413788,0.3716421127319336,0.2951831817626953,0.3030896782875061,0.2939732074737549,0.26112163066864014,0.2957325279712677,0.21889223158359528
0.3622317910194397,0.5630049705505371,0.4102054238319397,0.5176297426223755,0.4433075487613678,0.446193128824234,0.466205894947052,0.3781065046787262,0.48788753151893616,0.3306466341018677,0.3957231640815735,0.33091557025909424,0.4085482060909271,0.24436908960342407,0.41555824875831604,0.19117021560668945,0.4209436774253845,0.1439393311738968,0.36458176374435425,0.32678884267807007,0.37005847692489624,0.23008719086647034,0.3749932050704956,0.1692720502614975,0.3798588812351227,0.11793871223926544,0.33507534861564636,0.34240514039993286,0.33429181575775146,0.25311028957366943,0.3378611207008362,0.19896124303340912,0.34302765130996704,0.15131188929080963,0.30521926283836365,0.3742581009864807,0.29906174540519714,0.30543944239616394,0.2978968024253845,0.26213979721069336,0.29954344034194946,0.21803970634937286
0.36013689637184143,0.5621486902236938,0.4074249863624573,0.5162690877914429,0.44091925024986267,0.44396644830703735,0.4645407795906067,0.37501266598701477,0.48652952909469604,0.3298421800136566,0.3946860432624817,0.330215185880661,0.407930463552475,0.24328449368476868,0.4147573709487915,0.19038645923137665,0.419919490814209,0.14356642961502075,0.36330243945121765,0.32580530643463135,0.3692243695259094,0.22758613526821136,0.3743281364440918,0.16665992140769958,0.3793281614780426,0.11676844954490662,0.33395227789878845,0.3411359488964081,0.33282291889190674,0.2521806061267853,0.3368600904941559,0.1997399479150772,0.3427484929561615,0.15506984293460846,0.30438345670700073,0.37265074253082275,0.2975315451622009,0.3035967946052551,0.2966472804546356,0.2614908218383789,0.2992817461490631,0.2196589857339859
0.35589703917503357,0.5591598749160767,0.40308064222335815,0.5128353238105774,0.4357769191265106,0.44252699613571167,0.45772644877433777,0.3729386329650879,0.47807663679122925,0.3248312175273895,0.38714349269866943,0.3304736316204071,0.39952459931373596,0.24365854263305664,0.4054335355758667,0.19004985690116882,0.4097321331501007,0.14222408831119537,0.3560609221458435,0.3261372447013855,0.36042627692222595,0.22894346714019775,0.36444735527038574,0.16754215955734253,0.3687375485897064,0.11645230650901794,0.3269686698913574,0.3414553999900818,0.3246227204799652,0.254649817943573,0.3275085985660553,0.20409265160560608,0.3321828246116638,0.1607285737991333,0.2982775568962097,0.3725988268852234,0.29179978370666504,0.30665406584739685,0.2908245921134949,0.26685792207717896,0.2928774654865265,0.22780214250087738
0.3524400293827057,0.5579795837402344,0.3990008234977722,0.5098063945770264,0.4313811659812927,0.4403097629547119,0.45292600989341736,0.37081703543663025,0.47360554337501526,0.32256653904914856,0.3830734193325043,0.3311207890510559,0.39426860213279724,0.2443494200706482,0.3996553421020508,0.19210299849510193,0.4036770164966583,0.14588633179664612,0.35264769196510315,0.3279273509979248,0.3563074767589569,0.23153971135616302,0.3596017062664032,0.17217838764190674,0.3632238209247589,0.12324212491512299,0.3237970769405365,0.34370020031929016,0.32159510254859924,0.25555771589279175,0.3232992887496948,0.20436689257621765,0.32669198513031006,0.1601201295852661,0.29510265588760376,0.37503379583358765,0.2890089452266693,0.3102226257324219,0.28793853521347046,0.27053502202033997,0.28944912552833557,0.23076829314231873
0.34976476430892944,0.5581458806991577,0.39543911814689636,0.5090495944023132,0.42684057354927063,0.438011109828949,0.44728296995162964,0.3696322739124298,0.4657539427280426,0.32052820920944214,0.3788219392299652,0.3311208486557007,0.39025333523750305,0.24303805828094482,0.39571285247802734,0.18951283395290375,0.39935803413391113,0.14220348000526428,0.3483191132545471,0.32858240604400635,0.3516305983066559,0.2329859733581543,0.3537541627883911,0.17387115955352783,0.3558554947376251,0.12497499585151672,0.31975477933883667,0.3443402945995331,0.31789299845695496,0.25662827491760254,0.3191468119621277,0.20458419620990753,0.32160836458206177,0.15947884321212769,0.2914218604564667,0.375594824552536,0.2854756712913513,0.3107139766216278,0.2844308912754059,0.27186810970306396,0.285569429397583,0.23400603234767914
0.3499167263507843,0.5584138631820679,0.3964502811431885,0.5099948644638062,0.4288274347782135,0.44015735387802124,0.4495086669921875,0.3729690611362457,0.4689377546310425,0.32343289256095886,0.38002753257751465,0.3336046040058136,0.3914814591407776,0.2446240782737732,0.39739423990249634,0.18923072516918182,0.4016157388687134,0.14074397087097168,0.3496952950954437,0.3307235836982727,0.3527076840400696,0.234327495098114,0.35538148880004883,0.174891859292984,0.3582068085670471,0.1254473328590393,0.32111164927482605,0.3458791673183441,0.3188694715499878,0.25815731287002563,0.320318341255188,0.20486176013946533,0.32328927516937256,0.15883877873420715,0.29243260622024536,0.37692734599113464,0.28618869185447693,0.31216102838516235,0.28520071506500244,0.2722291052341461,0.28624048829078674,0.2332804650068283
0.35639429092407227,0.5614374876022339,0.40332135558128357,0.5147066116333008,0.4366474151611328,0.44556912779808044,0.459391713142395,0.3777044117450714,0.4791593551635742,0.32959452271461487,0.3893633186817169,0.33526235818862915,0.4020056426525116,0.24907070398330688,0.4083154797554016,0.19566355645656586,0.41286584734916687,0.14778536558151245,0.3585718870162964,0.3302966356277466,0.36330413818359375,0.23407255113124847,0.3669646680355072,0.1738578826189041,0.3703695833683014,0.12348157167434692,0.3293743133544922,0.34491071105003357,0.32678717374801636,0.2575984299182892,0.3290800154209137,0.20675969123840332,0.3329220712184906,0.16256117820739746,0.3002949059009552,0.3755461871623993,0.2943606376647949,0.3094102442264557,0.29377511143684387,0.27004680037498474,0.2960430383682251,0.2309405654668808
0.3552260398864746,0.5598766803741455,0.40027159452438354,0.5127450823783875,0.43267372250556946,0.44322383403778076,0.45484602451324463,0.3753650188446045,0.4744638204574585,0.3267974853515625,0.3856525719165802,0.33396288752555847,0.3980351388454437,0.24744510650634766,0.4041590690612793,0.1945597231388092,0.40866613388061523,0.14743272960186005,0.35522955656051636,0.3304763734340668,0.35966140031814575,0.23482953011989594,0.36314430832862854,0.17462140321731567,0.3667006492614746,0.12449458241462708,0.3267121911048889,0.345943421125412,0.3246592879295349,0.25960493087768555,0.3277036249637604,0.20992819964885712,0.3323953151702881,0.16732566058635712,0.2984773516654968,0.3767274022102356,0.2925553321838379,0.31171607971191406,0.29238805174827576,0.27292799949645996,0.29520362615585327,0.2352738380432129
0.3415490984916687,0.5567737817764282,0.3861086070537567,0.5068655610084534,0.4166215658187866,0.4352930784225464,0.4372192621231079,0.3646077811717987,0.4560345709323883,0.31147500872612,0.36834219098091125,0.32926294207572937,0.3783761262893677,0.24063116312026978,0.3834208548069,0.18663173913955688,0.3870587944984436,0.1384587436914444,0.33766019344329834,0.32797330617904663,0.33823713660240173,0.2346472144126892,0.3400425612926483,0.1757252961397171,0.3431755006313324,0.12710420787334442,0.3091520369052887,0.3456765115261078,0.30682826042175293,0.26104727387428284,0.3092332184314728,0.21028858423233032,0.31365957856178284,0.1659790426492691,0.28096678853034973,0.3781362771987915,0.27511921525001526,0.3144102394580841,0.2745552659034729,0.2757529020309448,0.27685391902923584,0.2374875396490097
0.3335917890071869,0.5552295446395874,0.3790453374385834,0.5056537985801697,0.4092583656311035,0.43275749683380127,0.42844510078430176,0.36159130930900574,0.4463329613208771,0.3085523247718811,0.36075061559677124,0.3280659019947052,0.37092724442481995,0.24111929535865784,0.3755173981189728,0.18759183585643768,0.37848779559135437,0.139560729265213,0.3302168548107147,0.32660946249961853,0.3317280113697052,0.2331179827451706,0.33309751749038696,0.17467883229255676,0.33493027091026306,0.12566199898719788,0.30169788002967834,0.34377312660217285,0.2988048791885376,0.25774022936820984,0.3000779449939728,0.2072281539440155,0.3028417229652405,0.16248421370983124,0.27349624037742615,0.3759066164493561,0.2681582272052765,0.3123592138290405,0.26840871572494507,0.2745729982852936,0.27109161019325256,0.23649504780769348
0.3335849940776825,0.5549569129943848,0.37870290875434875,0.5040491819381714,0.408995658159256,0.43154215812683105,0.4290611743927002,0.36187121272087097,0.4475233256816864,0.3097137212753296,0.3613590896129608,0.326159805059433,0.3715755045413971,0.2391919195652008,0.37616896629333496,0.1850741058588028,0.3789832592010498,0.1363333910703659,0.33083510398864746,0.32547640800476074,0.3324815034866333,0.23289455473423004,0.33342641592025757,0.17436091601848602,0.33467429876327515,0.1242246925830841,0.3022024929523468,0.34322428703308105,0.3000413179397583,0.25794538855552673,0.30091357231140137,0.2069130539894104,0.30320319533348083,0.1609598845243454,0.27327394485473633,0.37640830874443054,0.26734182238578796,0.31342485547065735,0.2670748829841614,0.2756914496421814,0.26918575167655945,0.23730626702308655
0.33546182513237,0.555633008480072,0.38073164224624634,0.5070962309837341,0.41051995754241943,0.43455275893211365,0.43031853437423706,0.363529235124588,0.44891154766082764,0.3106037974357605,0.3627316355705261,0.3273591995239258,0.37356629967689514,0.2407563328742981,0.37855684757232666,0.1877480000257492,0.3819243907928467,0.14053884148597717,0.3320311903953552,0.32610341906547546,0.3338318467140198,0.23252710700035095,0.3358798921108246,0.17466913163661957,0.3385181128978729,0.12701302766799927,0.30345645546913147,0.34373393654823303,0.3006337881088257,0.2579280138015747,0.30240949988365173,0.20736774802207947,0.305857390165329,0.16269157826900482,0.2752321660518646,0.3764954209327698,0.2686460614204407,0.31362783908843994,0.267995685338974,0.2760831117630005,0.2701747715473175,0.2380950152873993
0.33985215425491333,0.5576382875442505,0.3852900564670563,0.5095207095146179,0.4151518642902374,0.43704739212989807,0.43447956442832947,0.3660118877887726,0.4537152349948883,0.3129746615886688,0.3658240735530853,0.3301433026790619,0.3761446475982666,0.24275913834571838,0.3812791705131531,0.18901196122169495,0.3848697245121002,0.14100795984268188,0.3354572355747223,0.32880496978759766,0.3375931680202484,0.23463591933250427,0.3390718698501587,0.17606037855148315,0.3411248028278351,0.12724488973617554,0.30723485350608826,0.3463627099990845,0.3041916787624359,0.25977063179016113,0.3056771159172058,0.2079562246799469,0.30906856060028076,0.16254922747612,0.2791382074356079,0.37981000542640686,0.2720705270767212,0.3160313665866852,0.2712039351463318,0.2773049771785736,0.2730647027492523,0.23829084634780884
0.34333619475364685,0.5596945285797119,0.3886871635913849,0.5107511281967163,0.4197021424770355,0.4396240711212158,0.4394735097885132,0.3689996600151062,0.45899698138237,0.31703606247901917,0.37168556451797485,0.3315829932689667,0.38324376940727234,0.24326631426811218,0.3889390826225281,0.18917681276798248,0.39263686537742615,0.14097939431667328,0.34122025966644287,0.3288920521736145,0.34370526671409607,0.2356804758310318,0.34490957856178284,0.17793293297290802,0.34636446833610535,0.12995488941669464,0.31270045042037964,0.3443698585033417,0.3113863170146942,0.2579602301120758,0.3124694228172302,0.20603638887405396,0.31454944610595703,0.16091422736644745,0.2844470739364624,0.3757353723049164,0.2797383666038513,0.3125661313533783,0.2793625593185425,0.2749003767967224,0.28077882528305054,0.23807692527770996
0.34484800696372986,0.5589139461517334,0.3903946280479431,0.5100921392440796,0.4217921793460846,0.44027355313301086,0.44194909930229187,0.3702284097671509,0.46123453974723816,0.3184542655944824,0.3740701377391815,0.3334311544895172,0.38580018281936646,0.24572917819023132,0.3914855718612671,0.19201000034809113,0.3954905569553375,0.1436728537082672,0.3437107503414154,0.33028823137283325,0.3467486500740051,0.23480218648910522,0.34848833084106445,0.17502428591251373,0.3504081964492798,0.12457038462162018,0.3152632713317871,0.34583204984664917,0.31334900856018066,0.25868386030197144,0.3144190013408661,0.2067716419696808,0.31677451729774475,0.16114744544029236,0.28686803579330444,0.37678027153015137,0.2815709710121155,0.3124864995479584,0.2809153199195862,0.274135947227478,0.28219419717788696,0.2358674854040146
0.34726423025131226,0.5611462593078613,0.3928298056125641,0.5124797821044922,0.4241052567958832,0.44149482250213623,0.4444246292114258,0.37254011631011963,0.4631386399269104,0.3208945393562317,0.3769416809082031,0.3351579010486603,0.3883703351020813,0.2475222945213318,0.39398857951164246,0.19365572929382324,0.3977152705192566,0.1455545425415039,0.3464239537715912,0.33188489079475403,0.3500174880027771,0.23669807612895966,0.35200583934783936,0.17732910811901093,0.35388705134391785,0.1270500123500824,0.31774646043777466,0.347125381231308,0.31628912687301636,0.2593700587749481,0.31825828552246094,0.20616179704666138,0.32123491168022156,0.15957526862621307,0.28917211294174194,0.3779006898403168,0.28437545895576477,0.31353554129600525,0.28419068455696106,0.274605929851532,0.2857052683830261,0.23633791506290436
0.35359978675842285,0.5637606382369995,0.40024226903915405,0.517383337020874,0.432323694229126,0.4456050395965576,0.4530045986175537,0.3784509301185608,0.4742106795310974,0.3303789794445038,0.38473159074783325,0.3377160131931305,0.39802059531211853,0.25053638219833374,0.40488699078559875,0.19626234471797943,0.4101492166519165,0.1489805281162262,0.35437411069869995,0.33497148752212524,0.35888928174972534,0.2390500158071518,0.36243295669555664,0.1783890724182129,0.36606231331825256,0.12796661257743835,0.3259561061859131,0.3502088785171509,0.3242771327495575,0.2623438239097595,0.3263954222202301,0.21045245230197906,0.3303118050098419,0.16554993391036987,0.297689288854599,0.38158196210861206,0.2914664149284363,0.31666630506515503,0.29126209020614624,0.27725210785865784,0.29362353682518005,0.23864319920539856
0.35462120175361633,0.5636704564094543,0.40114036202430725,0.5171095132827759,0.4335203468799591,0.44749486446380615,0.45606786012649536,0.3787539601325989,0.4757651388645172,0.3293871283531189,0.38643303513526917,0.3386433720588684,0.3989946246147156,0.25213390588760376,0.4047790765762329,0.1985456794500351,0.40892258286476135,0.15090198814868927,0.35607725381851196,0.3345200717449188,0.36005696654319763,0.2395051270723343,0.36313456296920776,0.1793881505727768,0.3664856553077698,0.12944959104061127,0.3274005949497223,0.3491026759147644,0.3255772888660431,0.2618492841720581,0.3282680809497833,0.21096505224704742,0.3324892222881317,0.1669478863477707,0.2989547848701477,0.37890902161598206,0.29305705428123474,0.3139183223247528,0.2930089831352234,0.27494704723358154,0.29579734802246094,0.23661725223064423
0.3541666269302368,0.5619447231292725,0.40093109011650085,0.5134065747261047,0.4326860010623932,0.44410836696624756,0.45358723402023315,0.3762938976287842,0.47325247526168823,0.3271845877170563,0.38549500703811646,0.3336268961429596,0.3941318094730377,0.24553810060024261,0.3972364068031311,0.19099338352680206,0.3990878164768219,0.14344432950019836,0.3561200797557831,0.33200162649154663,0.3624558448791504,0.23889824748039246,0.3666965067386627,0.18060517311096191,0.3712451159954071,0.13277196884155273,0.3277437388896942,0.34777313470840454,0.3287683129310608,0.2604420781135559,0.3338581621646881,0.20892274379730225,0.34090009331703186,0.16540442407131195,0.29824090003967285,0.37792012095451355,0.294355571269989,0.31179526448249817,0.2966748774051666,0.2719133496284485,0.3024316430091858,0.23276099562644958
0.3544456958770752,0.5643454194068909,0.4011302590370178,0.5167906284332275,0.4324774146080017,0.44652777910232544,0.4534466564655304,0.3773851990699768,0.47337281703948975,0.3259918689727783,0.38510558009147644,0.33453208208084106,0.3904670178890228,0.24673649668693542,0.39255744218826294,0.19250145554542542,0.39415308833122253,0.1446434110403061,0.3560360372066498,0.332846999168396,0.3622743785381317,0.23921358585357666,0.3668666481971741,0.18025873601436615,0.3723328709602356,0.13216936588287354,0.32815271615982056,0.3488486111164093,0.3300386071205139,0.260771244764328,0.3352973759174347,0.20873859524726868,0.3429138660430908,0.1644326001405716,0.2992502748966217,0.3782028555870056,0.29651474952697754,0.3123992681503296,0.30034446716308594,0.2735212445259094,0.3077555000782013,0.23512695729732513
0.3553731143474579,0.5643196105957031,0.40218743681907654,0.5142621397972107,0.4327923357486725,0.4443504810333252,0.45335373282432556,0.37592142820358276,0.4730460047721863,0.32531437277793884,0.38465431332588196,0.3327944874763489,0.38959458470344543,0.24560707807540894,0.39134281873703003,0.19180090725421906,0.39240357279777527,0.14383110404014587,0.3559936583042145,0.3318946659564972,0.3620922565460205,0.23934972286224365,0.36681997776031494,0.1803232580423355,0.3724975883960724,0.13208742439746857,0.3282225430011749,0.34792378544807434,0.33062705397605896,0.25984320044517517,0.3363076448440552,0.20730836689472198,0.34415003657341003,0.16252857446670532,0.29917222261428833,0.376859575510025,0.2967185378074646,0.310852974653244,0.3004671335220337,0.27149641513824463,0.30780890583992004,0.23262010514736176
0.3540627658367157,0.5663655996322632,0.40111228823661804,0.5168391466140747,0.43201860785484314,0.44531723856925964,0.45312976837158203,0.37700772285461426,0.4730710983276367,0.32679033279418945,0.38480398058891296,0.33205002546310425,0.38962259888648987,0.244948148727417,0.3914409279823303,0.1913263201713562,0.3930026888847351,0.1437976360321045,0.35615184903144836,0.33151888847351074,0.36175912618637085,0.24032142758369446,0.3663574159145355,0.182827889919281,0.3722989857196808,0.13623946905136108,0.3285059928894043,0.3473884165287018,0.33159124851226807,0.26010841131210327,0.3370209038257599,0.20845060050487518,0.3446721136569977,0.16408368945121765,0.2993628680706024,0.3760882318019867,0.29809626936912537,0.31029796600341797,0.3027224540710449,0.2712042033672333,0.31084901094436646,0.23219019174575806
0.35386109352111816,0.5637073516845703,0.3997228741645813,0.5141962170600891,0.43025726079940796,0.4448229968547821,0.45125913619995117,0.37639039754867554,0.4705980122089386,0.3249109983444214,0.38250240683555603,0.3344881534576416,0.38812267780303955,0.24556075036525726,0.3901486098766327,0.19107425212860107,0.3917735815048218,0.14327286183834076,0.3536306917667389,0.3334229588508606,0.35890814661979675,0.23911286890506744,0.36316120624542236,0.17996057868003845,0.3684386610984802,0.1316019594669342,0.32571089267730713,0.34948238730430603,0.325720876455307,0.2609826922416687,0.33021050691604614,0.20944999158382416,0.33737143874168396,0.1661011278629303,0.2968634366989136,0.37863782048225403,0.2932906448841095,0.31171083450317383,0.2967108488082886,0.2714756429195404,0.3041626513004303,0.23171712458133698
0.35118913650512695,0.5598571300506592,0.39700549840927124,0.5134133100509644,0.42744043469429016,0.44367310404777527,0.44783395528793335,0.37539175152778625,0.4675546884536743,0.32517486810684204,0.38062402606010437,0.33340033888816833,0.38743653893470764,0.24467036128044128,0.3894354999065399,0.18966670334339142,0.39036375284194946,0.142276793718338,0.3517189025878906,0.3321993052959442,0.357012003660202,0.239355206489563,0.3611731231212616,0.18244238197803497,0.36571404337882996,0.1368982493877411,0.3235856294631958,0.347900927066803,0.32407572865486145,0.2598825693130493,0.32746487855911255,0.20897851884365082,0.33282724022865295,0.1661289781332016,0.29468464851379395,0.3774326741695404,0.28990408778190613,0.31288278102874756,0.29080459475517273,0.27379345893859863,0.2947302460670471,0.23602339625358582
0.3508167564868927,0.5599588751792908,0.3971951901912689,0.5135844945907593,0.4278522729873657,0.4450213313102722,0.44798246026039124,0.3762408196926117,0.4671020805835724,0.32636022567749023,0.3816404938697815,0.3358917534351349,0.3900812566280365,0.24791711568832397,0.3927556872367859,0.19300056993961334,0.39393138885498047,0.1452188640832901,0.3521919548511505,0.33418774604797363,0.3566886782646179,0.24057233333587646,0.3599904775619507,0.18302790820598602,0.3634253144264221,0.1362975686788559,0.3235447406768799,0.34963861107826233,0.32268181443214417,0.26208609342575073,0.3254011273384094,0.21080580353736877,0.3298706114292145,0.16749563813209534,0.29421716928482056,0.37923574447631836,0.2888786494731903,0.31351691484451294,0.2894582152366638,0.2742012143135071,0.29303833842277527,0.2360299974679947
0.3503119945526123,0.5617204904556274,0.39633849263191223,0.5149862170219421,0.4275844097137451,0.44568151235580444,0.44778648018836975,0.3776377737522125,0.4669777452945709,0.3268633782863617,0.380440890789032,0.33635109663009644,0.39045435190200806,0.2489815652370453,0.39424842596054077,0.19447526335716248,0.39640310406684875,0.14690077304840088,0.35115861892700195,0.3338888883590698,0.35618966817855835,0.2400950789451599,0.35986748337745667,0.18223924934864044,0.3636009991168976,0.1346987634897232,0.32305774092674255,0.3492838740348816,0.32211053371429443,0.26231688261032104,0.3246818482875824,0.2111278772354126,0.3290296494960785,0.16718806326389313,0.2944939136505127,0.38009050488471985,0.2885589897632599,0.3153911232948303,0.2884531617164612,0.2751528322696686,0.29112541675567627,0.2358679175376892
0.3396734893321991,0.5572113990783691,0.3849707543849945,0.5081852674484253,0.41420844197273254,0.4361657500267029,0.43263280391693115,0.36823800206184387,0.4507372975349426,0.31555020809173584,0.3641766905784607,0.33201903104782104,0.37481173872947693,0.24438394606113434,0.3792743682861328,0.18992772698402405,0.38210317492485046,0.14294525980949402,0.33368027210235596,0.3311496675014496,0.33589136600494385,0.2378627061843872,0.33820343017578125,0.17849992215633392,0.34082865715026855,0.12810340523719788,0.3046795725822449,0.3485596179962158,0.2978605329990387,0.2641713321208954,0.2978411912918091,0.2123217135667801,0.30020955204963684,0.1663256138563156,0.27628397941589355,0.3813858926296234,0.2606663405895233,0.3201046586036682,0.2510644495487213,0.27866464853286743,0.24444331228733063,0.23585176467895508
0.3403855860233307,0.557281494140625,0.385433554649353,0.510200023651123,0.4152809977531433,0.4375724196434021,0.43447384238243103,0.36874061822891235,0.4524734616279602,0.31667399406433105,0.36590248346328735,0.33294183015823364,0.37607333064079285,0.24457234144210815,0.3808641731739044,0.18929408490657806,0.38391220569610596,0.14126957952976227,0.33600470423698425,0.3317721486091614,0.33735981583595276,0.2401532530784607,0.3386189043521881,0.18165606260299683,0.34032142162323,0.13235589861869812,0.3074871301651001,0.348002165555954,0.302340030670166,0.2635476589202881,0.301980197429657,0.2112085372209549,0.3035767078399658,0.16531793773174286,0.2790030837059021,0.37955501675605774,0.26431432366371155,0.31892359256744385,0.25631189346313477,0.27880769968032837,0.25099265575408936,0.2382597178220749
0.34238508343696594,0.558125376701355,0.38758739829063416,0.5099148750305176,0.4174497723579407,0.43898212909698486,0.4363774061203003,0.37018460035324097,0.4547900855541229,0.3181040585041046,0.36815565824508667,0.33364856243133545,0.3784109652042389,0.24455103278160095,0.38301730155944824,0.18876346945762634,0.38586825132369995,0.14024250209331512,0.33759793639183044,0.33260834217071533,0.33812299370765686,0.23949681222438812,0.33926138281822205,0.1803022176027298,0.34116920828819275,0.13122880458831787,0.30898675322532654,0.3493891954421997,0.30397891998291016,0.26344233751296997,0.3038894534111023,0.21015623211860657,0.3060055375099182,0.16416604816913605,0.2808493375778198,0.3817891478538513,0.26782312989234924,0.3192746639251709,0.26088806986808777,0.2785675823688507,0.256655216217041,0.23788681626319885
0.34315547347068787,0.5590512752532959,0.38821688294410706,0.5114838480949402,0.4178367853164673,0.43875569105148315,0.4363887310028076,0.3699392080307007,0.4554084837436676,0.3186087906360626,0.36819392442703247,0.3353509306907654,0.38034066557884216,0.24782967567443848,0.38610631227493286,0.19253699481487274,0.389889657497406,0.14455203711986542,0.3365955948829651,0.3325032591819763,0.33654677867889404,0.24021907150745392,0.33756211400032043,0.1821819543838501,0.3385588228702545,0.13289874792099,0.30743053555488586,0.34867584705352783,0.2974056005477905,0.26357096433639526,0.2944377660751343,0.21126854419708252,0.29375210404396057,0.16449949145317078,0.28018826246261597,0.3812236785888672,0.26278597116470337,0.3201438784599304,0.2527540326118469,0.2793145179748535,0.24555090069770813,0.23745864629745483
0.3437853753566742,0.5615557432174683,0.38871780037879944,0.5143530368804932,0.41798001527786255,0.44063887000083923,0.4365813136100769,0.3709823787212372,0.45564982295036316,0.31932100653648376,0.36764392256736755,0.33384406566619873,0.38082414865493774,0.24775739014148712,0.38729327917099,0.19342081248760223,0.39174211025238037,0.145747572183609,0.33530527353286743,0.3313281536102295,0.3338976502418518,0.23970720171928406,0.33441025018692017,0.18224993348121643,0.33515188097953796,0.13256444036960602,0.30623382329940796,0.34826695919036865,0.29659125208854675,0.265613317489624,0.2931082844734192,0.21301470696926117,0.29167264699935913,0.1655263602733612,0.27954885363578796,0.3816908895969391,0.2623330056667328,0.32132357358932495,0.2515961825847626,0.2812182307243347,0.24335730075836182,0.2401057332754135
0.34350523352622986,0.562083899974823,0.38857728242874146,0.5138949155807495,0.4183705151081085,0.44095245003700256,0.4368211030960083,0.37190133333206177,0.45608073472976685,0.31989631056785583,0.3691008687019348,0.33375293016433716,0.3835449516773224,0.2476126253604889,0.3904939591884613,0.19261503219604492,0.3952276408672333,0.1442631185054779,0.33681124448776245,0.3303752541542053,0.33553647994995117,0.2402944266796112,0.33679500222206116,0.1831732541322708,0.3383907079696655,0.13324826955795288,0.30743759870529175,0.34663745760917664,0.29798054695129395,0.2641124427318573,0.2953885495662689,0.21084773540496826,0.29487767815589905,0.16248153150081635,0.2804214060306549,0.37976813316345215,0.2622743248939514,0.32042619585990906,0.251440167427063,0.28058239817619324,0.24320277571678162,0.239686980843544
0.34188345074653625,0.5612735748291016,0.3880930542945862,0.513494074344635,0.4183788299560547,0.44140544533729553,0.4372941255569458,0.37192046642303467,0.45615461468696594,0.3199354410171509,0.369362473487854,0.33439821004867554,0.38457340002059937,0.2480185329914093,0.3919546902179718,0.19279229640960693,0.39709314703941345,0.14409369230270386,0.33719494938850403,0.33092138171195984,0.336623877286911,0.23942451179027557,0.33814170956611633,0.18069706857204437,0.3400866985321045,0.12966743111610413,0.30783140659332275,0.3473973572254181,0.29884180426597595,0.2648564577102661,0.2963659167289734,0.21148575842380524,0.2960725426673889,0.16318362951278687,0.28031784296035767,0.3808133006095886,0.2625299096107483,0.3219612240791321,0.25198864936828613,0.28189557790756226,0.24416646361351013,0.2405453622341156
0.3430669903755188,0.562212347984314,0.388423353433609,0.5129033923149109,0.41812995076179504,0.4423457384109497,0.43697965145111084,0.3735271096229553,0.45589810609817505,0.32088252902030945,0.36867961287498474,0.3343580365180969,0.38381022214889526,0.2477688491344452,0.3913002014160156,0.19243913888931274,0.39639344811439514,0.14340990781784058,0.33671367168426514,0.3310566544532776,0.3364076614379883,0.24051210284233093,0.3373829126358032,0.18219099938869476,0.3386421203613281,0.13084496557712555,0.3075356185436249,0.3478071689605713,0.29923301935195923,0.26538747549057007,0.2969640791416168,0.21215228736400604,0.2966954708099365,0.16386766731739044,0.28030461072921753,0.3816552460193634,0.2636001706123352,0.32242605090141296,0.25313305854797363,0.2823626399040222,0.24508899450302124,0.24163703620433807
0.34291428327560425,0.5623099207878113,0.3883134722709656,0.5145152807235718,0.4183029532432556,0.4438731372356415,0.43709272146224976,0.37441152334213257,0.45619040727615356,0.3210441470146179,0.36917752027511597,0.33568790555000305,0.3854437470436096,0.24901674687862396,0.39340025186538696,0.19358286261558533,0.3992222547531128,0.14400500059127808,0.3367747366428375,0.3315107226371765,0.3357129991054535,0.24095603823661804,0.3371726870536804,0.1828334480524063,0.3393135964870453,0.13206863403320312,0.30761849880218506,0.3480566143989563,0.2983211874961853,0.2666517496109009,0.2966614067554474,0.2138688564300537,0.297425776720047,0.16550475358963013,0.28123193979263306,0.3817860782146454,0.2649478316307068,0.3233588933944702,0.25513899326324463,0.28313174843788147,0.24792875349521637,0.2419055849313736
0.3439902663230896,0.5618095397949219,0.3895348310470581,0.5125769972801208,0.41948994994163513,0.44169750809669495,0.4378681778907776,0.37444019317626953,0.4567487835884094,0.3229321539402008,0.3694465756416321,0.33624881505966187,0.3853674530982971,0.25007694959640503,0.3937569260597229,0.1955537348985672,0.3999887704849243,0.14741013944149017,0.3378317952156067,0.3327881693840027,0.33774393796920776,0.24012772738933563,0.339557945728302,0.18059641122817993,0.3416897654533386,0.12887106835842133,0.30894941091537476,0.3490085303783417,0.30040594935417175,0.2658950090408325,0.2987476885318756,0.2127842754125595,0.29929083585739136,0.1650056689977646,0.28185194730758667,0.38223907351493835,0.2650195062160492,0.32229822874069214,0.25478214025497437,0.28160208463668823,0.24689017236232758,0.24021151661872864
0.3441983461380005,0.560992956161499,0.38958537578582764,0.5117038488388062,0.42019525170326233,0.44044119119644165,0.4387192726135254,0.3733694851398468,0.45757484436035156,0.32248222827911377,0.37104102969169617,0.33453428745269775,0.3840686082839966,0.2463134378194809,0.39054054021835327,0.1916303187608719,0.39507320523262024,0.1435253769159317,0.3399633467197418,0.33233392238616943,0.34045934677124023,0.23968228697776794,0.3414498269557953,0.18107149004936218,0.3429138660430908,0.1317511647939682,0.3111552894115448,0.3485041856765747,0.3061431646347046,0.26257944107055664,0.30583930015563965,0.2092452496290207,0.3072807788848877,0.16239245235919952,0.28300580382347107,0.38166722655296326,0.2693755626678467,0.32029661536216736,0.26192671060562134,0.2804200351238251,0.25668275356292725,0.24047577381134033
0.3441148102283478,0.5635374188423157,0.3889142870903015,0.5124067664146423,0.4189506471157074,0.44072380661964417,0.43811914324760437,0.3718636929988861,0.4570798873901367,0.319626122713089,0.3709273040294647,0.33512750267982483,0.38410985469818115,0.2464396208524704,0.39047694206237793,0.1909855306148529,0.39506271481513977,0.14200562238693237,0.340397447347641,0.33389413356781006,0.34275519847869873,0.24012072384357452,0.3453930616378784,0.18121472001075745,0.348419189453125,0.13147515058517456,0.31198662519454956,0.3514728248119354,0.3088231086730957,0.2651909589767456,0.30979079008102417,0.21190901100635529,0.3125288486480713,0.16483178734779358,0.28391748666763306,0.38557639718055725,0.27504763007164,0.3213883638381958,0.27176833152770996,0.2807803452014923,0.2707797884941101,0.2400982677936554
0.34377801418304443,0.5645750761032104,0.3883002698421478,0.5139704346656799,0.4189443588256836,0.4421340823173523,0.438004732131958,0.37282389402389526,0.4563906192779541,0.31882303953170776,0.37142401933670044,0.33469638228416443,0.38316670060157776,0.24630457162857056,0.3887336552143097,0.19096818566322327,0.39272528886795044,0.14164304733276367,0.34111878275871277,0.3330680727958679,0.3440167307853699,0.23957058787345886,0.3463597297668457,0.18096916377544403,0.3492586612701416,0.1312219202518463,0.31285080313682556,0.3504905700683594,0.31031912565231323,0.26405423879623413,0.31150537729263306,0.21120472252368927,0.31458309292793274,0.1642460972070694,0.2844902276992798,0.3845016062259674,0.27751147747039795,0.31968146562576294,0.2760711908340454,0.2790992856025696,0.277065247297287,0.23788855969905853
0.3441948890686035,0.5631657838821411,0.3886507749557495,0.5139816403388977,0.4190137982368469,0.44248640537261963,0.43824538588523865,0.3728775084018707,0.45630455017089844,0.31916964054107666,0.37166160345077515,0.33487480878829956,0.3819521963596344,0.2474905550479889,0.386813223361969,0.19310049712657928,0.3901854157447815,0.14475224912166595,0.3419170677661896,0.33253416419029236,0.3450685441493988,0.23943231999874115,0.34704697132110596,0.18249697983264923,0.34943562746047974,0.13480313122272491,0.31381720304489136,0.3488874137401581,0.312807559967041,0.2618478536605835,0.3145308792591095,0.20964135229587555,0.31774404644966125,0.1638389378786087,0.2853694558143616,0.3813697397708893,0.27993717789649963,0.31746938824653625,0.2799474895000458,0.27832287549972534,0.28234702348709106,0.2393869012594223
0.34393560886383057,0.5617702603340149,0.3887682855129242,0.5112310647964478,0.4193701148033142,0.44115591049194336,0.438520610332489,0.37210240960121155,0.4562057554721832,0.31880924105644226,0.3723995089530945,0.33408865332603455,0.38439908623695374,0.24601808190345764,0.39033880829811096,0.19140952825546265,0.394353985786438,0.14271877706050873,0.3419925272464752,0.3315293788909912,0.3451111614704132,0.23771142959594727,0.3467150330543518,0.17925266921520233,0.34857630729675293,0.13073919713497162,0.31337636709213257,0.34757912158966064,0.3120526969432831,0.2607229948043823,0.31390103697776794,0.20847207307815552,0.31708475947380066,0.1633485108613968,0.2845255732536316,0.379181832075119,0.2800164520740509,0.3135982155799866,0.28030088543891907,0.2747068405151367,0.282665491104126,0.2367156445980072
0.3432018756866455,0.5640385746955872,0.3885049819946289,0.5148181915283203,0.4189895689487457,0.4433377981185913,0.4380376935005188,0.37418314814567566,0.4571612775325775,0.3220985531806946,0.37118932604789734,0.3350958824157715,0.3852875828742981,0.24813160300254822,0.39193081855773926,0.19340457022190094,0.39624541997909546,0.14511404931545258,0.3402644693851471,0.33242255449295044,0.3415193557739258,0.23954053223133087,0.3426911234855652,0.18092378973960876,0.34388217329978943,0.13192829489707947,0.31181907653808594,0.34918755292892456,0.3067552149295807,0.2644115686416626,0.3071579039096832,0.21152934432029724,0.3091452717781067,0.1645156890153885,0.2840544581413269,0.3827614188194275,0.27307385206222534,0.3187375068664551,0.2683003544807434,0.2776194214820862,0.2658965587615967,0.2360624521970749
0.3427274823188782,0.5644934773445129,0.38854652643203735,0.5161856412887573,0.4185473918914795,0.4438210129737854,0.43808746337890625,0.3733914792537689,0.4577251970767975,0.320793092250824,0.3712012469768524,0.33631327748298645,0.38613441586494446,0.24904444813728333,0.39363372325897217,0.19379790127277374,0.39872846007347107,0.14481765031814575,0.33975285291671753,0.3331928849220276,0.3403892517089844,0.24241586029529572,0.34154996275901794,0.1841099113225937,0.34295791387557983,0.13341954350471497,0.31062155961990356,0.34909847378730774,0.30370622873306274,0.26533567905426025,0.3023760914802551,0.21196119487285614,0.3031468689441681,0.16355755925178528,0.28255242109298706,0.3818175792694092,0.2690613269805908,0.3191398084163666,0.26198452711105347,0.27727630734443665,0.257593035697937,0.23474332690238953
0.34347426891326904,0.5636097192764282,0.3889772295951843,0.5158522129058838,0.41924649477005005,0.4437771439552307,0.4376686215400696,0.37393510341644287,0.4566982388496399,0.3215519189834595,0.37007126212120056,0.33582761883735657,0.38532957434654236,0.2479718029499054,0.39297187328338623,0.19311672449111938,0.39835992455482483,0.1450803428888321,0.3381960391998291,0.33265650272369385,0.3374100923538208,0.2399129867553711,0.3388717770576477,0.180537149310112,0.340671569108963,0.12960964441299438,0.3093387186527252,0.3488861620426178,0.3006029725074768,0.2652696371078491,0.2986989915370941,0.21140292286872864,0.2988230586051941,0.16297227144241333,0.282229483127594,0.3820177912712097,0.265980988740921,0.3204818069934845,0.2566772401332855,0.2789151668548584,0.2497594654560089,0.23649150133132935
0.34439897537231445,0.562417209148407,0.3894296884536743,0.514485239982605,0.41947412490844727,0.4436381459236145,0.43757593631744385,0.3753513693809509,0.4558522403240204,0.3226436376571655,0.3704361617565155,0.3367650508880615,0.38676583766937256,0.2495771050453186,0.39493581652641296,0.1945158839225769,0.4005366265773773,0.14573505520820618,0.3386528789997101,0.3330429792404175,0.33863365650177,0.2395382672548294,0.33977630734443665,0.17934565246105194,0.3407150208950043,0.1268029361963272,0.3097337484359741,0.3488098382949829,0.30050766468048096,0.26629552245140076,0.2976769804954529,0.21271681785583496,0.29691052436828613,0.16431456804275513,0.28258588910102844,0.38154667615890503,0.2657521963119507,0.3205241858959198,0.2561291456222534,0.2793646454811096,0.2489822506904602,0.2374459058046341
0.3437417447566986,0.5636212825775146,0.38880062103271484,0.5156611204147339,0.4187052845954895,0.4443722367286682,0.4374644458293915,0.3757111132144928,0.45577365159988403,0.3224930763244629,0.370329350233078,0.33947911858558655,0.3882993459701538,0.25292059779167175,0.39735355973243713,0.19753113389015198,0.4032880365848541,0.14867781102657318,0.33798226714134216,0.3340255618095398,0.3390427529811859,0.23967169225215912,0.34024375677108765,0.17972934246063232,0.3403345048427582,0.12782689929008484,0.30832386016845703,0.3497583866119385,0.2957402467727661,0.2666868269443512,0.2902262508869171,0.21238121390342712,0.2869017720222473,0.16334035992622375,0.28156712651252747,0.383047878742218,0.2631243169307709,0.32233062386512756,0.251960426568985,0.2814851999282837,0.24325555562973022,0.239715114235878
0.34315574169158936,0.5631651878356934,0.3887025713920593,0.5147190093994141,0.41937798261642456,0.44435200095176697,0.4382951855659485,0.3749305009841919,0.4568176567554474,0.3223270773887634,0.37105613946914673,0.3357260227203369,0.3878888487815857,0.24949036538600922,0.39587533473968506,0.19426295161247253,0.40139713883399963,0.14526088535785675,0.33913493156433105,0.33165860176086426,0.3378467559814453,0.24014563858509064,0.33803486824035645,0.18228654563426971,0.33872491121292114,0.13251647353172302,0.31034135818481445,0.34769099950790405,0.30216073989868164,0.2648656964302063,0.29963237047195435,0.2125314474105835,0.29918545484542847,0.16507072746753693,0.2834531366825104,0.38112515211105347,0.26919081807136536,0.32043495774269104,0.26155954599380493,0.27997007966041565,0.2564467191696167,0.23924101889133453
0.34384655952453613,0.5629677176475525,0.38834571838378906,0.5115835666656494,0.4186597466468811,0.4424434006214142,0.4391957223415375,0.3735300600528717,0.4560529291629791,0.3192896246910095,0.3711250424385071,0.3339925706386566,0.3813250660896301,0.2460523247718811,0.38611605763435364,0.19240863621234894,0.38951173424720764,0.14446792006492615,0.34114503860473633,0.332309365272522,0.34390345215797424,0.24007315933704376,0.3451644778251648,0.18208494782447815,0.34753912687301636,0.13553479313850403,0.31293243169784546,0.3492845892906189,0.31280407309532166,0.26267850399017334,0.3154836595058441,0.211980938911438,0.32010799646377563,0.16844359040260315,0.2846369445323944,0.38078999519348145,0.28172993659973145,0.3164730370044708,0.2837388515472412,0.27853837609291077,0.2888731062412262,0.24018652737140656
0.34399154782295227,0.5626075863838196,0.3883325755596161,0.5124901533126831,0.4185104966163635,0.4418227970600128,0.43871843814849854,0.3727149963378906,0.4561697840690613,0.318828284740448,0.3707158863544464,0.33211204409599304,0.3782077133655548,0.24399995803833008,0.38098374009132385,0.189092755317688,0.38268524408340454,0.14024430513381958,0.341114342212677,0.3317023813724518,0.34555667638778687,0.24152229726314545,0.3482590317726135,0.185139000415802,0.3516658842563629,0.13895179331302643,0.31301701068878174,0.3492211103439331,0.31391072273254395,0.2619320750236511,0.31692641973495483,0.21034303307533264,0.3219381868839264,0.16565772891044617,0.2846035361289978,0.3808801770210266,0.2818942070007324,0.31596389412879944,0.2847192585468292,0.27706360816955566,0.2905970811843872,0.23832398653030396
0.34529349207878113,0.5621240735054016,0.3897322714328766,0.5121564269065857,0.418803334236145,0.44189050793647766,0.43834638595581055,0.3732387125492096,0.45614975690841675,0.3191926181316376,0.36977651715278625,0.33320707082748413,0.3748634457588196,0.24335549771785736,0.3764409124851227,0.18770675361156464,0.37725457549095154,0.13874630630016327,0.34087511897087097,0.3331453800201416,0.3468010127544403,0.23900866508483887,0.3511068522930145,0.1806505024433136,0.35579103231430054,0.1326168030500412,0.31313228607177734,0.35119467973709106,0.31384360790252686,0.2624042332172394,0.31778857111930847,0.20992480218410492,0.3237980008125305,0.16486692428588867,0.2848646342754364,0.38254591822624207,0.28158333897590637,0.31754136085510254,0.28472548723220825,0.27840590476989746,0.29106923937797546,0.23970143496990204
0.34500351548194885,0.562563419342041,0.3891147971153259,0.5112099051475525,0.41886985301971436,0.44155585765838623,0.43862366676330566,0.3725927770137787,0.45627108216285706,0.31727179884910583,0.36962634325027466,0.33294230699539185,0.3733298182487488,0.24462595582008362,0.3746464252471924,0.1903361678123474,0.3754352331161499,0.14152824878692627,0.3408507704734802,0.33306482434272766,0.3462428152561188,0.24001657962799072,0.3504202365875244,0.18253935873508453,0.35535696148872375,0.13521751761436462,0.3131836950778961,0.35130739212036133,0.3143056333065033,0.26251888275146484,0.3179204761981964,0.20963893830776215,0.32382261753082275,0.16436120867729187,0.2848261892795563,0.38293033838272095,0.2816065549850464,0.3176473379135132,0.28460362553596497,0.2784259021282196,0.2905641496181488,0.2399168312549591
0.34437236189842224,0.5632238388061523,0.3882002532482147,0.5132451057434082,0.4178635776042938,0.4422277808189392,0.4381212592124939,0.3723152279853821,0.45614027976989746,0.3177739977836609,0.36923161149024963,0.33262398838996887,0.373158723115921,0.24446357786655426,0.37423157691955566,0.18959739804267883,0.37476846575737,0.14061667025089264,0.3403211832046509,0.3319900333881378,0.34560921788215637,0.23934228718280792,0.34997448325157166,0.18219929933547974,0.3550814688205719,0.1352740079164505,0.3127472996711731,0.3496333956718445,0.31334272027015686,0.26165062189102173,0.3168628215789795,0.210161030292511,0.3226492702960968,0.16554811596870422,0.2847093343734741,0.38091397285461426,0.28133755922317505,0.31610772013664246,0.28438863158226013,0.277399480342865,0.2905716896057129,0.23902460932731628
0.34410348534584045,0.5639127492904663,0.3874662220478058,0.51264488697052,0.4175563454627991,0.44133466482162476,0.4378282129764557,0.3722767233848572,0.4560146927833557,0.31826478242874146,0.3687717914581299,0.3328917622566223,0.37279295921325684,0.24486064910888672,0.3737001121044159,0.19038835167884827,0.3739924132823944,0.14222344756126404,0.3398931622505188,0.33169347047805786,0.34569233655929565,0.23851726949214935,0.35019078850746155,0.18146033585071564,0.35523346066474915,0.1348160207271576,0.31233498454093933,0.3488776385784149,0.31280067563056946,0.2610338032245636,0.3164648413658142,0.20933136343955994,0.32235538959503174,0.1651199907064438,0.28434377908706665,0.38019081950187683,0.28075188398361206,0.3157474994659424,0.2833606004714966,0.27741318941116333,0.28898316621780396,0.23986351490020752
0.34397265315055847,0.5620013475418091,0.3881485164165497,0.5117964148521423,0.4182681441307068,0.4418613016605377,0.4386601448059082,0.37224286794662476,0.45677900314331055,0.31908929347991943,0.3692772388458252,0.33274608850479126,0.373991459608078,0.24476099014282227,0.3748563826084137,0.1904238909482956,0.375044584274292,0.1417069286108017,0.3401539921760559,0.33217185735702515,0.345958948135376,0.23964297771453857,0.35030099749565125,0.18215548992156982,0.35526779294013977,0.13516046106815338,0.31228309869766235,0.3500536382198334,0.31260132789611816,0.26261213421821594,0.31591272354125977,0.21152561902999878,0.3214537799358368,0.167713463306427,0.2841727137565613,0.3816263675689697,0.28066831827163696,0.317176878452301,0.2830130457878113,0.2788316309452057,0.28864985704421997,0.2407151758670807
0.34487754106521606,0.5617949962615967,0.389129102230072,0.5108745694160461,0.418815016746521,0.4418545365333557,0.4381955862045288,0.3722873628139496,0.4563353359699249,0.31863951683044434,0.36938923597335815,0.333145409822464,0.37368133664131165,0.24432168900966644,0.37454962730407715,0.18964742124080658,0.374769389629364,0.14063122868537903,0.34050723910331726,0.3326444923877716,0.3458061218261719,0.23917779326438904,0.3501393496990204,0.18139341473579407,0.3551110625267029,0.13393230736255646,0.31276366114616394,0.3502110540866852,0.31242021918296814,0.26295775175094604,0.31568488478660583,0.2114514261484146,0.32115116715431213,0.16735219955444336,0.2845896780490875,0.38119736313819885,0.2806653082370758,0.31644150614738464,0.2827470898628235,0.2778744697570801,0.28801044821739197,0.2396405041217804
0.3434806168079376,0.5630145072937012,0.38821208477020264,0.5118898749351501,0.4188399314880371,0.44231125712394714,0.43870067596435547,0.3731953501701355,0.4575009346008301,0.3207131028175354,0.3709230124950409,0.334242582321167,0.38107502460479736,0.24799492955207825,0.3858295977115631,0.19540143013000488,0.38910794258117676,0.14797534048557281,0.3411228060722351,0.33212336897850037,0.34471964836120605,0.24067597091197968,0.34784451127052307,0.18447531759738922,0.3513558804988861,0.13774125277996063,0.3129919171333313,0.3487320840358734,0.3109411895275116,0.26328176259994507,0.31247687339782715,0.21155540645122528,0.31571388244628906,0.1666325330734253,0.28497061133384705,0.38095101714134216,0.2780958414077759,0.31686463952064514,0.27593106031417847,0.27676740288734436,0.27620014548301697,0.23667161166667938
0.342489629983902,0.5617692470550537,0.38754886388778687,0.5128052234649658,0.41739389300346375,0.4419853687286377,0.43733951449394226,0.37308749556541443,0.4576769173145294,0.3216015100479126,0.3698806166648865,0.3345658779144287,0.3818172216415405,0.24738767743110657,0.38771241903305054,0.19366632401943207,0.39178794622421265,0.1460120975971222,0.3392583727836609,0.3330186605453491,0.34125643968582153,0.24184104800224304,0.34339284896850586,0.18535296618938446,0.34618350863456726,0.13824665546417236,0.3107837438583374,0.3499523997306824,0.30768874287605286,0.2644360363483429,0.3091338276863098,0.2113998532295227,0.31243500113487244,0.1650109589099884,0.28291237354278564,0.3831074833869934,0.27387532591819763,0.31945669651031494,0.2701704204082489,0.2788797616958618,0.2688400447368622,0.23839311301708221
0.341671347618103,0.5625429749488831,0.38648608326911926,0.5133985280990601,0.41622331738471985,0.4425014853477478,0.43659546971321106,0.37356770038604736,0.4562802314758301,0.32070454955101013,0.36937424540519714,0.33513379096984863,0.38178104162216187,0.24662813544273376,0.3877065181732178,0.19119365513324738,0.3913409113883972,0.14280465245246887,0.3384763300418854,0.3334483802318573,0.33908531069755554,0.24280309677124023,0.34034520387649536,0.18712489306926727,0.34226852655410767,0.14122159779071808,0.3098912239074707,0.350394606590271,0.3056890666484833,0.265720397233963,0.3064819574356079,0.21244922280311584,0.30933067202568054,0.16559883952140808,0.2821061313152313,0.383502721786499,0.2714468538761139,0.3199063837528229,0.26693737506866455,0.2784895896911621,0.26519057154655457,0.23722238838672638
0.34151992201805115,0.5632440447807312,0.38663479685783386,0.515775203704834,0.41705939173698425,0.44496703147888184,0.43648606538772583,0.3767314553260803,0.4557941257953644,0.32425108551979065,0.36845123767852783,0.3360109329223633,0.38373467326164246,0.24852800369262695,0.3915340304374695,0.19358767569065094,0.39701032638549805,0.14509741961956024,0.33662527799606323,0.33226749300956726,0.3376525044441223,0.2404385358095169,0.3399297297000885,0.18257547914981842,0.3419687747955322,0.13265946507453918,0.3074042797088623,0.34829050302505493,0.2968733012676239,0.26568326354026794,0.29356107115745544,0.21253742277622223,0.2927570044994354,0.16453982889652252,0.280325323343277,0.38147884607315063,0.2623533606529236,0.3206869959831238,0.25217360258102417,0.27975061535835266,0.2449067085981369,0.23770253360271454
0.34168168902397156,0.5614905953407288,0.38667407631874084,0.5151812434196472,0.4160780906677246,0.44360971450805664,0.43544748425483704,0.37564918398857117,0.45401087403297424,0.3233965039253235,0.3682169020175934,0.3381272256374359,0.38361525535583496,0.2515791356563568,0.39142605662345886,0.1959218829870224,0.3967597186565399,0.1472514122724533,0.3360923230648041,0.3332502245903015,0.33753734827041626,0.24034039676189423,0.3399042785167694,0.1816188097000122,0.3420293927192688,0.13053935766220093,0.3065544366836548,0.349585622549057,0.29446864128112793,0.26806291937828064,0.29050856828689575,0.21419495344161987,0.2895101010799408,0.1653125286102295,0.27947673201560974,0.3836664855480194,0.2590171694755554,0.3251309096813202,0.24669381976127625,0.28477609157562256,0.23773911595344543,0.2429502308368683
0.34246113896369934,0.5621076226234436,0.38619303703308105,0.5147610306739807,0.4151264429092407,0.4421776533126831,0.4343000650405884,0.37360644340515137,0.45481568574905396,0.32226496934890747,0.36762064695358276,0.3355481028556824,0.3841290771961212,0.2494879513978958,0.39251410961151123,0.19358521699905396,0.39799952507019043,0.14507266879081726,0.33511120080947876,0.3309449851512909,0.3358270823955536,0.2393922209739685,0.3383930027484894,0.18188044428825378,0.34061557054519653,0.1311112940311432,0.3054105341434479,0.3477751314640045,0.2921476662158966,0.26711305975914,0.28707268834114075,0.21326525509357452,0.2850537598133087,0.1639055460691452,0.2785065174102783,0.3831751346588135,0.2564278841018677,0.3254997134208679,0.24309954047203064,0.286141961812973,0.23334479331970215,0.2452637255191803
0.3406389653682709,0.5615230798721313,0.38556593656539917,0.5155004262924194,0.41500362753868103,0.44195592403411865,0.43443378806114197,0.37280410528182983,0.4544035494327545,0.32246720790863037,0.3674042820930481,0.33695390820503235,0.3840789794921875,0.2506660223007202,0.3925460875034332,0.19511045515537262,0.39818450808525085,0.14679990708827972,0.33516353368759155,0.33234715461730957,0.3364543616771698,0.24132908880710602,0.338643878698349,0.18347369134426117,0.3402104377746582,0.1322532743215561,0.3055545687675476,0.3485710322856903,0.2931833565235138,0.26701071858406067,0.2888212502002716,0.2139895111322403,0.286953866481781,0.16544052958488464,0.2786117494106293,0.3825390338897705,0.25725290179252625,0.32364630699157715,0.24458420276641846,0.2841593623161316,0.2349652647972107,0.24327102303504944
0.34119412302970886,0.5613542795181274,0.38594135642051697,0.5131062269210815,0.4158032536506653,0.4419527053833008,0.4350348711013794,0.37521377205848694,0.45411059260368347,0.32341790199279785,0.36703798174858093,0.3358449637889862,0.38293391466140747,0.2490239143371582,0.39049139618873596,0.19370980560779572,0.3953284025192261,0.14462432265281677,0.33505016565322876,0.3324427306652069,0.33584079146385193,0.24153301119804382,0.3378203213214874,0.18382948637008667,0.3395954668521881,0.13339920341968536,0.3057168424129486,0.3493015766143799,0.29540738463401794,0.26830512285232544,0.29190710186958313,0.21532565355300903,0.2907629609107971,0.16723425686359406,0.2785111367702484,0.3833666443824768,0.25963687896728516,0.32451432943344116,0.24773672223091125,0.2842434346675873,0.23853462934494019,0.24306780099868774
0.34175917506217957,0.5621805787086487,0.3853525221347809,0.5135946869850159,0.4149693250656128,0.4432467520236969,0.43454501032829285,0.3754158020019531,0.4536561965942383,0.32245492935180664,0.36721503734588623,0.3367805480957031,0.3838956952095032,0.2501707971096039,0.39168286323547363,0.19467505812644958,0.3965771794319153,0.14527207612991333,0.3349972069263458,0.3322031795978546,0.33639806509017944,0.24131634831428528,0.33879441022872925,0.18432794511318207,0.3407307267189026,0.13387782871723175,0.3053644299507141,0.34895846247673035,0.29292458295822144,0.2682493031024933,0.2887275218963623,0.21560633182525635,0.2873610854148865,0.16719213128089905,0.2784085273742676,0.3839668035507202,0.25692251324653625,0.32615089416503906,0.24419346451759338,0.2866710424423218,0.23480358719825745,0.2463521957397461
0.3432689905166626,0.5617523789405823,0.3872218430042267,0.5140936374664307,0.41597825288772583,0.44288167357444763,0.4344541132450104,0.3741303086280823,0.45433101058006287,0.3218342065811157,0.36805737018585205,0.33705344796180725,0.38586941361427307,0.2505938410758972,0.3950347304344177,0.19433166086673737,0.4010978043079376,0.14570383727550507,0.3353794515132904,0.3317500650882721,0.3359300196170807,0.23941349983215332,0.33887380361557007,0.181748166680336,0.34128183126449585,0.13130632042884827,0.3056895136833191,0.34824830293655396,0.2914874255657196,0.26816192269325256,0.28649991750717163,0.21400611102581024,0.28454893827438354,0.16490507125854492,0.2790214419364929,0.38306769728660583,0.2565463185310364,0.3252062201499939,0.24318614602088928,0.28547540307044983,0.23333090543746948,0.2445525825023651
0.34146884083747864,0.5626251697540283,0.3861486613750458,0.5156316757202148,0.4158124327659607,0.4435005486011505,0.4350229501724243,0.37494441866874695,0.45380309224128723,0.32340124249458313,0.36766526103019714,0.33758774399757385,0.384430468082428,0.25033390522003174,0.39298945665359497,0.19467969238758087,0.3986779451370239,0.1461336612701416,0.33545389771461487,0.33325743675231934,0.3362724483013153,0.2407420426607132,0.33776748180389404,0.18214017152786255,0.33889326453208923,0.13092149794101715,0.30605366826057434,0.3492933511734009,0.29453763365745544,0.26816344261169434,0.2901826500892639,0.21543341875076294,0.2882787883281708,0.16774049401283264,0.279032826423645,0.38268327713012695,0.25867602229118347,0.3248111307621002,0.24616828560829163,0.2857329845428467,0.23664604127407074,0.2455090582370758
0.3413366675376892,0.5627180337905884,0.38680294156074524,0.5155196189880371,0.4164566397666931,0.4448528289794922,0.4357985258102417,0.37598296999931335,0.4545551538467407,0.3235194683074951,0.36892169713974,0.33633461594581604,0.3850588798522949,0.24961057305335999,0.39345473051071167,0.1944115310907364,0.39906731247901917,0.14582908153533936,0.3367093801498413,0.332212895154953,0.3377934992313385,0.2405870109796524,0.33927592635154724,0.18328189849853516,0.3404656648635864,0.1337972730398178,0.3071044087409973,0.34819385409355164,0.2971354126930237,0.267009973526001,0.2931978106498718,0.214011549949646,0.29156139492988586,0.16646713018417358,0.2793998718261719,0.38141247630119324,0.2620031535625458,0.32240724563598633,0.2510579824447632,0.2819715738296509,0.242792010307312,0.24057789146900177
0.34166809916496277,0.5622245073318481,0.3870970606803894,0.5130186080932617,0.4166707992553711,0.4429839551448822,0.43627381324768066,0.3735840916633606,0.4557168781757355,0.3209061622619629,0.36938372254371643,0.33640816807746887,0.3842443525791168,0.24881510436534882,0.39162567257881165,0.193344846367836,0.39637646079063416,0.14441990852355957,0.3383362293243408,0.3344433605670929,0.3398398458957672,0.2438061237335205,0.3410300016403198,0.18663963675498962,0.3425125479698181,0.13897396624088287,0.3095987141132355,0.3508036136627197,0.3069232106208801,0.2659997344017029,0.30800485610961914,0.2135809063911438,0.31050169467926025,0.16775283217430115,0.28141409158706665,0.3836022615432739,0.2727949619293213,0.32021623849868774,0.26915037631988525,0.2797187268733978,0.267400860786438,0.23997333645820618
0.34208399057388306,0.5608726143836975,0.38619035482406616,0.5116811394691467,0.41627418994903564,0.4430379271507263,0.435708612203598,0.37402063608169556,0.4535687565803528,0.31888025999069214,0.36763182282447815,0.3342580497264862,0.3758466839790344,0.24529443681240082,0.37939900159835815,0.19040822982788086,0.38157761096954346,0.14196616411209106,0.3380433917045593,0.33316001296043396,0.3412732481956482,0.24161159992218018,0.3438381552696228,0.1851245015859604,0.3470842242240906,0.13840967416763306,0.31001055240631104,0.3498104214668274,0.3096584975719452,0.2638111412525177,0.31193608045578003,0.21254347264766693,0.3158446252346039,0.16817647218704224,0.2819288372993469,0.38123226165771484,0.2787456512451172,0.31659844517707825,0.2798687815666199,0.27815407514572144,0.28305745124816895,0.24039481580257416
0.34183239936828613,0.5611733794212341,0.38694077730178833,0.5103503465652466,0.4165470600128174,0.44154980778694153,0.43614310026168823,0.372720867395401,0.45440593361854553,0.31743013858795166,0.36817318201065063,0.33178362250328064,0.3750718832015991,0.24248357117176056,0.37762337923049927,0.18726029992103577,0.37893444299697876,0.13912567496299744,0.33903127908706665,0.3319982886314392,0.3449503183364868,0.24036993086338043,0.34885427355766296,0.18384546041488647,0.3532099723815918,0.13782000541687012,0.31121590733528137,0.34951847791671753,0.31253212690353394,0.26202499866485596,0.31567856669425964,0.210769385099411,0.3207935094833374,0.16643838584423065,0.2830703854560852,0.3805438280105591,0.2810053825378418,0.315145343542099,0.28441011905670166,0.2761855125427246,0.2907712459564209,0.2375866323709488
0.34188205003738403,0.56297767162323,0.38642266392707825,0.5124260783195496,0.41660812497138977,0.44255128502845764,0.4370764493942261,0.3735131323337555,0.45544829964637756,0.31907498836517334,0.3692611753940582,0.3319563865661621,0.374584823846817,0.24331259727478027,0.3760678172111511,0.18862207233905792,0.37668418884277344,0.1400919109582901,0.34061920642852783,0.33179062604904175,0.34569472074508667,0.24062086641788483,0.348947674036026,0.18394091725349426,0.3527776896953583,0.13740524649620056,0.31294170022010803,0.3491320013999939,0.3145536482334137,0.26155737042427063,0.31776174902915955,0.21038341522216797,0.32276099920272827,0.16564644873142242,0.2842353880405426,0.37994882464408875,0.28287386894226074,0.31404033303260803,0.28683388233184814,0.2748468518257141,0.29363948106765747,0.23545289039611816
0.34145498275756836,0.5625836253166199,0.38638076186180115,0.5107507705688477,0.4168955385684967,0.4413905739784241,0.43748408555984497,0.37303426861763,0.4559624195098877,0.3195915222167969,0.36972230672836304,0.3305402994155884,0.37653475999832153,0.24249377846717834,0.37939468026161194,0.18830083310604095,0.3813897371292114,0.1402602642774582,0.3405752182006836,0.3305601179599762,0.3453037440776825,0.2396640181541443,0.3482356369495392,0.18294626474380493,0.3518741726875305,0.1364540159702301,0.312652587890625,0.34818002581596375,0.3136465549468994,0.26055359840393066,0.31662482023239136,0.20971372723579407,0.3216249942779541,0.1654403954744339,0.2838054299354553,0.37987807393074036,0.2819526195526123,0.3143799901008606,0.28547149896621704,0.2753021717071533,0.2919672429561615,0.2359776794910431
0.34094053506851196,0.5617004632949829,0.38603752851486206,0.5106626749038696,0.41677767038345337,0.4427281618118286,0.43696194887161255,0.37372085452079773,0.4547949731349945,0.31850799918174744,0.36922964453697205,0.33193063735961914,0.37822288274765015,0.24455159902572632,0.38211697340011597,0.19093431532382965,0.3844528794288635,0.14253270626068115,0.33959221839904785,0.33030617237091064,0.34367576241493225,0.23932717740535736,0.34529781341552734,0.18198534846305847,0.34773343801498413,0.13548517227172852,0.3114803731441498,0.3469005525112152,0.3129466474056244,0.2602730393409729,0.3155161142349243,0.20920106768608093,0.3197218179702759,0.1647978574037552,0.2830424904823303,0.37783390283584595,0.2817230224609375,0.3145691454410553,0.28503865003585815,0.27663522958755493,0.29096096754074097,0.23864109814167023
0.34074655175209045,0.5621377229690552,0.3857463002204895,0.5105962753295898,0.41663116216659546,0.4427054226398468,0.4369450807571411,0.3727853000164032,0.4551122784614563,0.31735488772392273,0.36954426765441895,0.3337530791759491,0.38453736901283264,0.24750161170959473,0.3918292820453644,0.1947004199028015,0.3965185880661011,0.14700432121753693,0.3392549455165863,0.331022173166275,0.34256988763809204,0.23790447413921356,0.3439773917198181,0.17833064496517181,0.34570667147636414,0.13075877726078033,0.3111956715583801,0.3474214971065521,0.3122105896472931,0.26157861948013306,0.31526580452919006,0.21197637915611267,0.3194460868835449,0.16855289041996002,0.2830831706523895,0.378129780292511,0.2819640338420868,0.31409910321235657,0.28529098629951477,0.27684682607650757,0.2911781966686249,0.23918277025222778
0.3412729501724243,0.5626798868179321,0.38515663146972656,0.5117999315261841,0.4163004755973816,0.442222535610199,0.43725794553756714,0.3724443316459656,0.45528730750083923,0.3196057677268982,0.3703072667121887,0.33472323417663574,0.38558608293533325,0.249135822057724,0.39300501346588135,0.1965242624282837,0.3981004059314728,0.1492641717195511,0.339933305978775,0.3314515948295593,0.34269028902053833,0.23860126733779907,0.3432132601737976,0.18105356395244598,0.3440571427345276,0.13541476428508759,0.3120005428791046,0.34739723801612854,0.31231018900871277,0.2609121799468994,0.3154374361038208,0.2109086662530899,0.3196839988231659,0.16780251264572144,0.28406357765197754,0.37787872552871704,0.2824990153312683,0.31431859731674194,0.2859247326850891,0.2768111228942871,0.2920966148376465,0.23916831612586975
0.3414466083049774,0.5650964379310608,0.3854430615901947,0.5129203796386719,0.4161650240421295,0.44174444675445557,0.4367561936378479,0.3721286356449127,0.4553349018096924,0.319804847240448,0.37070149183273315,0.33457234501838684,0.3863641321659088,0.24819663166999817,0.3942514657974243,0.19519385695457458,0.399802565574646,0.14761513471603394,0.3402650058269501,0.33129939436912537,0.3434077501296997,0.23915159702301025,0.3440220057964325,0.18159283697605133,0.34500691294670105,0.13549423217773438,0.31218221783638,0.34732261300086975,0.3132627010345459,0.2605415880680084,0.3163943588733673,0.210038423538208,0.3206523358821869,0.16608689725399017,0.2840665280818939,0.37820136547088623,0.2825547158718109,0.3151029348373413,0.286154568195343,0.277434378862381,0.2925349473953247,0.2394188791513443
0.34117579460144043,0.5646869540214539,0.38553565740585327,0.5118899941444397,0.41702428460121155,0.44191810488700867,0.43806248903274536,0.3720790445804596,0.4565976858139038,0.31955018639564514,0.3706938922405243,0.33474457263946533,0.38652685284614563,0.248544380068779,0.3943060040473938,0.19569802284240723,0.39969339966773987,0.1477532833814621,0.34022876620292664,0.33191731572151184,0.3436385691165924,0.24049395322799683,0.3446390926837921,0.18343693017959595,0.34599292278289795,0.13795310258865356,0.31220144033432007,0.34792640805244446,0.3129535913467407,0.2616106867790222,0.3159639537334442,0.2109292596578598,0.3201141655445099,0.16738811135292053,0.28407296538352966,0.3785654902458191,0.28279247879981995,0.3148047924041748,0.28608784079551697,0.2768028974533081,0.29206329584121704,0.23887215554714203
0.3412664234638214,0.5622636675834656,0.38565748929977417,0.5121613144874573,0.41623255610466003,0.4439327120780945,0.4362729489803314,0.373447060585022,0.45397132635116577,0.31799206137657166,0.37090757489204407,0.33690500259399414,0.3871055841445923,0.25160032510757446,0.3957574963569641,0.1983904391527176,0.40200328826904297,0.14955252408981323,0.3398348093032837,0.3320026397705078,0.3441182076931,0.23822176456451416,0.34743720293045044,0.1806160807609558,0.35014307498931885,0.13230760395526886,0.3109028935432434,0.3482914865016937,0.30607566237449646,0.26429587602615356,0.30555546283721924,0.21230292320251465,0.30662432312965393,0.16567440330982208,0.2830204665660858,0.38052764534950256,0.27914959192276,0.3171021342277527,0.27971920371055603,0.27917954325675964,0.2822165787220001,0.24089951813220978
0.3417017161846161,0.5621205568313599,0.3861719071865082,0.513611912727356,0.4163815379142761,0.44493791460990906,0.4360736906528473,0.3748517632484436,0.45298224687576294,0.3191196918487549,0.37006285786628723,0.3385120928287506,0.3872254192829132,0.25197726488113403,0.39655330777168274,0.19817398488521576,0.4033019542694092,0.14849033951759338,0.33875101804733276,0.33296793699264526,0.34375858306884766,0.24062283337116241,0.3485325574874878,0.18316826224327087,0.35213056206703186,0.13494794070720673,0.30965930223464966,0.3493615686893463,0.30129772424697876,0.26682358980178833,0.29877954721450806,0.21390698850154877,0.2983446419239044,0.16651590168476105,0.2826704680919647,0.38238033652305603,0.276987761259079,0.3188905417919159,0.27578967809677124,0.2803187370300293,0.2766665816307068,0.24212810397148132
0.34309595823287964,0.5626229047775269,0.3867919147014618,0.5143018960952759,0.4165804088115692,0.4449494183063507,0.43641984462738037,0.3754830062389374,0.4531503915786743,0.32055142521858215,0.37062370777130127,0.3393326699733734,0.3876733183860779,0.2522599995136261,0.3968504071235657,0.19782431423664093,0.40360942482948303,0.14784927666187286,0.3391946852207184,0.33372676372528076,0.34405699372291565,0.24038635194301605,0.3488729000091553,0.18217766284942627,0.35234811902046204,0.13265186548233032,0.3099098205566406,0.3504111170768738,0.3002089858055115,0.2666897773742676,0.2968887686729431,0.21328862011432648,0.2957996129989624,0.16528253257274628,0.2827850878238678,0.3842337131500244,0.2760056257247925,0.3201351761817932,0.2748226821422577,0.2815181612968445,0.2760067582130432,0.24309635162353516
0.3433241844177246,0.5625598430633545,0.38685086369514465,0.5126520395278931,0.4169764220714569,0.4446493983268738,0.436859667301178,0.37571394443511963,0.4540049731731415,0.3204767405986786,0.3707544803619385,0.33916038274765015,0.38760998845100403,0.2534935176372528,0.3966570496559143,0.19973018765449524,0.4033450484275818,0.15005247294902802,0.3400503993034363,0.33398136496543884,0.3453410267829895,0.24211376905441284,0.3497558832168579,0.18509168922901154,0.353067547082901,0.13576853275299072,0.31114909052848816,0.35031765699386597,0.303378164768219,0.26793164014816284,0.30111944675445557,0.2153238207101822,0.30108803510665894,0.1673961579799652,0.2835732698440552,0.38354918360710144,0.27785414457321167,0.3203614056110382,0.27681440114974976,0.2810845673084259,0.27799421548843384,0.24153968691825867
0.34284016489982605,0.561474084854126,0.3870116174221039,0.5132246017456055,0.41710785031318665,0.44536060094833374,0.4367087185382843,0.37567028403282166,0.453744113445282,0.3211952745914459,0.37099695205688477,0.33902689814567566,0.38737016916275024,0.25287914276123047,0.3962385356426239,0.19938834011554718,0.40290552377700806,0.15050603449344635,0.3397538959980011,0.33387476205825806,0.3444081246852875,0.24218451976776123,0.34868523478507996,0.18530748784542084,0.35192930698394775,0.13778609037399292,0.31058356165885925,0.35026657581329346,0.3020561635494232,0.2668437361717224,0.2997804582118988,0.21397404372692108,0.2997375726699829,0.16669192910194397,0.2835390567779541,0.38321903347969055,0.2772766947746277,0.3201170265674591,0.2764243483543396,0.2814500033855438,0.27813634276390076,0.24308329820632935
0.3414934575557709,0.5619276762008667,0.38551509380340576,0.5124125480651855,0.41607943177223206,0.4445864260196686,0.43578797578811646,0.3767257630825043,0.45462754368782043,0.32425209879875183,0.36983057856559753,0.3380037844181061,0.3855779469013214,0.25145870447158813,0.39356958866119385,0.19771414995193481,0.39933621883392334,0.14998184144496918,0.3400326073169708,0.3342885375022888,0.34590446949005127,0.2413855344057083,0.34986692667007446,0.18407441675662994,0.353720486164093,0.1365390568971634,0.3119566738605499,0.34966957569122314,0.3119654953479767,0.2639045715332031,0.31523576378822327,0.2121647745370865,0.31995728611946106,0.16686414182186127,0.2840922772884369,0.3815658390522003,0.2789992392063141,0.3196173906326294,0.27840396761894226,0.280828595161438,0.279914915561676,0.24236221611499786
0.33929678797721863,0.5602903962135315,0.38514968752861023,0.5132779479026794,0.41672003269195557,0.4449915289878845,0.43662428855895996,0.37669894099235535,0.45560118556022644,0.3256013095378876,0.36986565589904785,0.33832231163978577,0.38620734214782715,0.25221535563468933,0.39476197957992554,0.19857673346996307,0.40120619535446167,0.15095563232898712,0.33957546949386597,0.3343806266784668,0.34396427869796753,0.2427382618188858,0.34708935022354126,0.18470162153244019,0.35072287917137146,0.1362261176109314,0.3113275170326233,0.34896689653396606,0.31064391136169434,0.2643871307373047,0.31361350417137146,0.2122127264738083,0.3181273937225342,0.16664545238018036,0.2832186222076416,0.3803107738494873,0.2745131254196167,0.3193845748901367,0.2705986797809601,0.28036752343177795,0.2687491774559021,0.24161271750926971
0.3410123586654663,0.559049665927887,0.386095255613327,0.5134472846984863,0.4166429936885834,0.4457186758518219,0.4368652403354645,0.37717220187187195,0.4566795229911804,0.32462477684020996,0.3688845634460449,0.3401438891887665,0.38634470105171204,0.25329679250717163,0.3957047164440155,0.19840264320373535,0.4028835892677307,0.14952252805233002,0.3386250138282776,0.3361452519893646,0.3428768813610077,0.24380025267601013,0.34708964824676514,0.18570643663406372,0.35197603702545166,0.1371072381734848,0.31038588285446167,0.3506619334220886,0.30846306681632996,0.26746711134910583,0.31064385175704956,0.2160933017730713,0.31502193212509155,0.17159278690814972,0.2823302447795868,0.3821740448474884,0.271829754114151,0.321712464094162,0.2669307291507721,0.28192660212516785,0.2643032371997833,0.24291415512561798
0.3409721255302429,0.5603468418121338,0.38620615005493164,0.5145738124847412,0.4168260991573334,0.4469744563102722,0.4371952414512634,0.3791109025478363,0.45625725388526917,0.3260425627231598,0.3701653778553009,0.3396775722503662,0.38744863867759705,0.25293126702308655,0.3967340588569641,0.19844044744968414,0.4038179814815521,0.1504763662815094,0.3397301733493805,0.33544790744781494,0.3437756896018982,0.24302539229393005,0.34794095158576965,0.1848009079694748,0.3527841866016388,0.13675415515899658,0.31098905205726624,0.3499968647956848,0.30911022424697876,0.26563936471939087,0.31060630083084106,0.21397633850574493,0.3142402172088623,0.16929911077022552,0.2825171947479248,0.38163089752197266,0.2704973816871643,0.32217031717300415,0.26401427388191223,0.28231924772262573,0.2599588930606842,0.24267597496509552
0.3414953947067261,0.560588002204895,0.38706958293914795,0.5123927593231201,0.4183027446269989,0.4463529586791992,0.43767035007476807,0.3788110017776489,0.4571203589439392,0.32734325528144836,0.3704628050327301,0.3395809233188629,0.3873252272605896,0.2530646324157715,0.3960602283477783,0.19910643994808197,0.40269532799720764,0.1509689837694168,0.33995044231414795,0.3357653021812439,0.34373828768730164,0.242311030626297,0.34789028763771057,0.1830938309431076,0.3524576425552368,0.13330325484275818,0.311643123626709,0.351205438375473,0.30923715233802795,0.266396164894104,0.311636358499527,0.2139730006456375,0.31570690870285034,0.16806577146053314,0.28390711545944214,0.3833458423614502,0.27572357654571533,0.32153066992759705,0.27238088846206665,0.2820666432380676,0.2708073556423187,0.2427632063627243
0.34121665358543396,0.5625268816947937,0.3871345818042755,0.5161471366882324,0.418144166469574,0.44901636242866516,0.4378706216812134,0.3813894987106323,0.45774441957473755,0.33015015721321106,0.3709224760532379,0.33801040053367615,0.38712114095687866,0.2527162432670593,0.3955173194408417,0.19985362887382507,0.40183740854263306,0.15258905291557312,0.3401130139827728,0.33462879061698914,0.34388235211372375,0.24339747428894043,0.34735846519470215,0.18644030392169952,0.3510152995586395,0.13858774304389954,0.3117600977420807,0.35080015659332275,0.3095282316207886,0.2673678696155548,0.31190821528434753,0.21546201407909393,0.31583935022354126,0.1691330373287201,0.284227579832077,0.3839048147201538,0.275727242231369,0.32194268703460693,0.27193230390548706,0.2820582985877991,0.26993340253829956,0.24198688566684723
0.3413468897342682,0.560696005821228,0.3868737518787384,0.5143965482711792,0.4184710681438446,0.4476991593837738,0.4390755891799927,0.3821452558040619,0.4601963460445404,0.3362616300582886,0.3715060353279114,0.33699312806129456,0.3867650330066681,0.2511144280433655,0.3943473994731903,0.19778922200202942,0.39991724491119385,0.15075993537902832,0.34038034081459045,0.33446866273880005,0.34275591373443604,0.24325011670589447,0.34484556317329407,0.1863195300102234,0.347425252199173,0.13930638134479523,0.31192538142204285,0.3510577380657196,0.30894044041633606,0.26611241698265076,0.31012672185897827,0.214349165558815,0.31305593252182007,0.16881458461284637,0.28431323170661926,0.38472867012023926,0.27426451444625854,0.32367774844169617,0.26977843046188354,0.28436926007270813,0.2676151990890503,0.24491485953330994
0.3409489691257477,0.5630056858062744,0.3858807682991028,0.5161417126655579,0.4174123704433441,0.4481821060180664,0.43953055143356323,0.38317176699638367,0.4631378650665283,0.33854562044143677,0.37011656165122986,0.3358549177646637,0.3848860561847687,0.24829566478729248,0.39163267612457275,0.1936115324497223,0.3959346413612366,0.14585494995117188,0.33857691287994385,0.3336353600025177,0.33963435888290405,0.24015209078788757,0.34071409702301025,0.18251927196979523,0.3418431580066681,0.13564418256282806,0.3101491630077362,0.35106658935546875,0.30499356985092163,0.2664591372013092,0.3053602874279022,0.21399608254432678,0.3073752522468567,0.1680266559123993,0.283122718334198,0.38544565439224243,0.2713702321052551,0.32372939586639404,0.26573577523231506,0.2836185097694397,0.2624030113220215,0.24323846399784088
0.33994749188423157,0.5637236833572388,0.38586047291755676,0.5167329907417297,0.41760894656181335,0.4473251402378082,0.4399881660938263,0.3828597962856293,0.4657880365848541,0.3426322937011719,0.3703043758869171,0.3352299928665161,0.384456604719162,0.2486235499382019,0.39117369055747986,0.19405165314674377,0.395624577999115,0.14609678089618683,0.338798463344574,0.3328201472759247,0.3393952250480652,0.2397807091474533,0.34002557396888733,0.18206433951854706,0.3407333791255951,0.13459649682044983,0.309985876083374,0.34955793619155884,0.30421826243400574,0.26494261622428894,0.30338069796562195,0.2126237452030182,0.3042978048324585,0.16679713129997253,0.28230398893356323,0.38325920701026917,0.27022480964660645,0.32199880480766296,0.26424047350883484,0.2825204133987427,0.2606033384799957,0.24298246204853058
0.3397413194179535,0.5630886554718018,0.38585364818573,0.5158334374427795,0.4173494577407837,0.44549280405044556,0.4406050145626068,0.38085508346557617,0.46787866950035095,0.3439463675022125,0.36983731389045715,0.33482199907302856,0.3835206627845764,0.2477514147758484,0.3895779848098755,0.1922926902770996,0.3936811685562134,0.14422188699245453,0.33825474977493286,0.3327922224998474,0.33854910731315613,0.23870137333869934,0.3392393887042999,0.17990818619728088,0.3403858542442322,0.13160625100135803,0.30950868129730225,0.3501514196395874,0.30341431498527527,0.26537030935287476,0.303026020526886,0.21266308426856995,0.30462777614593506,0.16673992574214935,0.2819087505340576,0.38420769572257996,0.2696145474910736,0.32334405183792114,0.2637936472892761,0.28359079360961914,0.2606010138988495,0.24338947236537933
0.33943116664886475,0.5643520355224609,0.3851308524608612,0.5160630941390991,0.4162621796131134,0.44570469856262207,0.44000428915023804,0.38155728578567505,0.46710842847824097,0.3448944389820099,0.369186669588089,0.3335918188095093,0.38304707407951355,0.24640217423439026,0.38942041993141174,0.1915072202682495,0.39360547065734863,0.14357250928878784,0.33760297298431396,0.33221036195755005,0.33837682008743286,0.23859331011772156,0.3393615484237671,0.18043646216392517,0.3404463529586792,0.13279448449611664,0.30904752016067505,0.3499855101108551,0.3040534257888794,0.26508960127830505,0.3038599491119385,0.212021604180336,0.3052690029144287,0.1652715802192688,0.28170013427734375,0.3843834102153778,0.2704300880432129,0.32293233275413513,0.26519328355789185,0.283252477645874,0.26245057582855225,0.24286215007305145
0.33987629413604736,0.5648437142372131,0.3851715624332428,0.518622875213623,0.4157182574272156,0.44960838556289673,0.4361083507537842,0.3811081647872925,0.45563840866088867,0.3299158215522766,0.3690299987792969,0.3350123465061188,0.383452832698822,0.24677282571792603,0.39002710580825806,0.19163937866687775,0.39401599764823914,0.14311173558235168,0.33740878105163574,0.3325595259666443,0.3389485478401184,0.23796264827251434,0.3407408893108368,0.17920495569705963,0.3424062728881836,0.1310059279203415,0.3087632656097412,0.3502705693244934,0.3042244613170624,0.2653365731239319,0.3046857714653015,0.21241241693496704,0.30661505460739136,0.16549091041088104,0.28144145011901855,0.38486528396606445,0.2711472511291504,0.3226609528064728,0.26684892177581787,0.2826974093914032,0.2649424076080322,0.24227583408355713
0.33846184611320496,0.5633224844932556,0.3844383955001831,0.5158059597015381,0.41451191902160645,0.44669008255004883,0.42895081639289856,0.37611082196235657,0.43912625312805176,0.3172421455383301,0.3674716055393219,0.33620473742485046,0.38101711869239807,0.24765267968177795,0.38795655965805054,0.19147197902202606,0.3930361866950989,0.14214298129081726,0.33613839745521545,0.3336521089076996,0.3368373513221741,0.2395523190498352,0.3386995792388916,0.17938923835754395,0.34131738543510437,0.12965773046016693,0.3072182834148407,0.3510359227657318,0.3032039999961853,0.26368191838264465,0.30411380529403687,0.21004649996757507,0.30672720074653625,0.16181312501430511,0.27946576476097107,0.38576826453208923,0.2699345648288727,0.32320570945739746,0.26562559604644775,0.28333714604377747,0.26333650946617126,0.24289990961551666
0.34165048599243164,0.5647101402282715,0.38517826795578003,0.5133057236671448,0.41127926111221313,0.4434095025062561,0.41879457235336304,0.3727312982082367,0.41961708664894104,0.3126075863838196,0.3695298135280609,0.33547624945640564,0.3824922442436218,0.24762694537639618,0.38858088850975037,0.19137930870056152,0.3924235999584198,0.14099524915218353,0.3378738462924957,0.3330378234386444,0.33916476368904114,0.23839840292930603,0.3411625623703003,0.1778377890586853,0.34371137619018555,0.12631499767303467,0.30853644013404846,0.3510822653770447,0.30402153730392456,0.2654755711555481,0.3041919767856598,0.21204546093940735,0.3063287138938904,0.16488701105117798,0.28011855483055115,0.3874799609184265,0.27174562215805054,0.32480016350746155,0.26867642998695374,0.2843283414840698,0.267654687166214,0.24416914582252502
0.3422982394695282,0.5682345032691956,0.386534720659256,0.5147097110748291,0.4115747809410095,0.44229334592819214,0.41943150758743286,0.3692057132720947,0.42027246952056885,0.30778759717941284,0.36992326378822327,0.3370693325996399,0.38265877962112427,0.2493867129087448,0.3892132043838501,0.19379153847694397,0.39365532994270325,0.14310432970523834,0.3384912312030792,0.3343816101551056,0.34023499488830566,0.24130578339099884,0.34243911504745483,0.18148180842399597,0.3450239300727844,0.13014408946037292,0.30919668078422546,0.35179269313812256,0.3059771955013275,0.2643386423587799,0.30629658699035645,0.21066254377365112,0.30837002396583557,0.16342945396900177,0.280873566865921,0.38729462027549744,0.2736770510673523,0.3236388564109802,0.27126699686050415,0.28304243087768555,0.270572304725647,0.24384723603725433
0.3414970338344574,0.5671751499176025,0.3856660723686218,0.5161745548248291,0.412088006734848,0.4429433345794678,0.4208142161369324,0.37020596861839294,0.4243464469909668,0.310234934091568,0.3703283965587616,0.33580899238586426,0.38277682662010193,0.2481359988451004,0.3888293504714966,0.19248394668102264,0.3929287791252136,0.1426236629486084,0.338884174823761,0.33395659923553467,0.34051257371902466,0.23933906853199005,0.34255313873291016,0.17922770977020264,0.34500056505203247,0.12769734859466553,0.3098594844341278,0.3523423373699188,0.3063424527645111,0.265163779258728,0.306644082069397,0.2111363559961319,0.3085528612136841,0.1627749502658844,0.28190696239471436,0.38849154114723206,0.27518075704574585,0.32453781366348267,0.27275586128234863,0.284454882144928,0.27183425426483154,0.24478976428508759
0.34160956740379333,0.5668326616287231,0.3859081268310547,0.5165673494338989,0.4124862253665924,0.4436749219894409,0.4216872751712799,0.3716525435447693,0.4265461564064026,0.3129327595233917,0.37045255303382874,0.3368246257305145,0.38342994451522827,0.24853503704071045,0.38971832394599915,0.1926611363887787,0.3938288688659668,0.14246273040771484,0.3391818702220917,0.33476534485816956,0.34030261635780334,0.2406286746263504,0.34165310859680176,0.18144182860851288,0.34329456090927124,0.13045579195022583,0.3104352056980133,0.3524896502494812,0.3077560365200043,0.265002965927124,0.3087295591831207,0.2107173204421997,0.31090235710144043,0.16178041696548462,0.28236067295074463,0.38763025403022766,0.27582454681396484,0.323905348777771,0.2738655209541321,0.28382307291030884,0.27345767617225647,0.2442428469657898
0.3426027297973633,0.5674541592597961,0.3872568905353546,0.5197478532791138,0.4134305417537689,0.44659069180488586,0.4244639277458191,0.37283220887184143,0.43072372674942017,0.31235140562057495,0.37020552158355713,0.3353976309299469,0.3790971338748932,0.245438814163208,0.3832065463066101,0.1888761669397354,0.386194109916687,0.1387024223804474,0.3398383557796478,0.3328275680541992,0.3455161452293396,0.23738250136375427,0.3497667610645294,0.1774202436208725,0.35479697585105896,0.12713275849819183,0.3111552894115448,0.3501812815666199,0.31225040555000305,0.2600064277648926,0.3164122402667999,0.2061866968870163,0.322482705116272,0.16010184586048126,0.2823171615600586,0.38383233547210693,0.2798953652381897,0.3168500065803528,0.2821095883846283,0.27530157566070557,0.2865460515022278,0.23510605096817017
0.34161263704299927,0.5686045289039612,0.3875536024570465,0.5202803611755371,0.4159090518951416,0.4486173689365387,0.4290277659893036,0.37473535537719727,0.43873706459999084,0.31397485733032227,0.36926984786987305,0.33482229709625244,0.37559935450553894,0.24285611510276794,0.37740635871887207,0.18522706627845764,0.37794435024261475,0.13406693935394287,0.34036505222320557,0.33356475830078125,0.34734854102134705,0.236316978931427,0.35197147727012634,0.17488795518875122,0.3569099009037018,0.12387141585350037,0.3125571310520172,0.35110315680503845,0.3149946331977844,0.2597734332084656,0.31944265961647034,0.20546209812164307,0.32561594247817993,0.15972045063972473,0.2839222848415375,0.38309577107429504,0.28313207626342773,0.3147793412208557,0.28750401735305786,0.27247121930122375,0.2942673861980438,0.23189187049865723
0.34310030937194824,0.5694431066513062,0.3895341455936432,0.519192099571228,0.41611674427986145,0.4456852972507477,0.427977979183197,0.37157830595970154,0.4371280372142792,0.3106235861778259,0.37096622586250305,0.3329571783542633,0.3747273087501526,0.24050061404705048,0.3758699595928192,0.18431319296360016,0.3758601248264313,0.13483119010925293,0.34278783202171326,0.33317458629608154,0.34805166721343994,0.23625077307224274,0.35238274931907654,0.17571651935577393,0.3572996258735657,0.12690509855747223,0.3153056800365448,0.35086965560913086,0.3194352984428406,0.25886020064353943,0.3242853581905365,0.20392701029777527,0.33042392134666443,0.15789896249771118,0.2864808738231659,0.3821084797382355,0.2866772413253784,0.31166499853134155,0.2908802032470703,0.26822811365127563,0.29721370339393616,0.2263060063123703
0.34315380454063416,0.5708573460578918,0.38860467076301575,0.518365740776062,0.4137958884239197,0.4413778781890869,0.42784568667411804,0.36630427837371826,0.44216886162757874,0.3087262809276581,0.3708074390888214,0.33257126808166504,0.3752211332321167,0.24116861820220947,0.37661051750183105,0.1852777749300003,0.37677130103111267,0.13546977937221527,0.34247857332229614,0.3324607014656067,0.3482562303543091,0.2370004653930664,0.353291392326355,0.17833787202835083,0.358786404132843,0.13145585358142853,0.3150372803211212,0.34991294145584106,0.3184311091899872,0.25901225209236145,0.32306721806526184,0.20533977448940277,0.3289692997932434,0.16034740209579468,0.28625619411468506,0.3808267414569855,0.28639453649520874,0.31036853790283203,0.2905158996582031,0.26752686500549316,0.29660898447036743,0.22592978179454803
0.34295588731765747,0.571699857711792,0.3879743218421936,0.5197116136550903,0.4097942113876343,0.4384865164756775,0.4190506339073181,0.36034470796585083,0.4306463897228241,0.3008335828781128,0.3702244758605957,0.33399710059165955,0.37456798553466797,0.2440142035484314,0.37568172812461853,0.18765558302402496,0.3752668797969818,0.13740327954292297,0.3421953618526459,0.33220553398132324,0.3479691743850708,0.23544196784496307,0.35180675983428955,0.1751076579093933,0.3560558557510376,0.12455995380878448,0.315373033285141,0.3497280776500702,0.31918951869010925,0.25916942954063416,0.323852002620697,0.20564132928848267,0.3299766480922699,0.16031889617443085,0.2871723175048828,0.38215717673301697,0.28754204511642456,0.3121483325958252,0.29241639375686646,0.26874130964279175,0.2996228039264679,0.22648169100284576
0.34370583295822144,0.5699703693389893,0.3876514434814453,0.5195155143737793,0.4091279208660126,0.4401073455810547,0.41822612285614014,0.3621457517147064,0.4302910268306732,0.3023686110973358,0.3713953197002411,0.3352719843387604,0.37644267082214355,0.2446550577878952,0.3774021565914154,0.18826952576637268,0.37663424015045166,0.13836327195167542,0.3429329991340637,0.33304205536842346,0.34923720359802246,0.23412658274173737,0.35329896211624146,0.174123615026474,0.35752493143081665,0.12420500814914703,0.3158741593360901,0.34988340735435486,0.3200582265853882,0.2588367164134979,0.32517167925834656,0.20591624081134796,0.33170247077941895,0.16238385438919067,0.28781330585479736,0.38149595260620117,0.2885459065437317,0.31222298741340637,0.29320386052131653,0.2691771388053894,0.30008479952812195,0.22818298637866974
0.34476780891418457,0.5696354508399963,0.3889724314212799,0.5177474021911621,0.4100712537765503,0.43704602122306824,0.4195060431957245,0.3597290813922882,0.43050551414489746,0.3021382689476013,0.3720646798610687,0.3350912630558014,0.37649789452552795,0.24498488008975983,0.3772417902946472,0.18812014162540436,0.37626969814300537,0.13817891478538513,0.34387725591659546,0.33298587799072266,0.3498184382915497,0.23445077240467072,0.3539472222328186,0.17374828457832336,0.3584403991699219,0.12336882948875427,0.3168981671333313,0.3492632508277893,0.32092079520225525,0.2586216628551483,0.3260596990585327,0.2044183760881424,0.33269673585891724,0.15982283651828766,0.28842484951019287,0.3801106810569763,0.28873908519744873,0.31170785427093506,0.2930646240711212,0.2683957815170288,0.29959386587142944,0.22722972929477692
0.3449188768863678,0.5717915892601013,0.3883374035358429,0.5213895440101624,0.4097948968410492,0.44123268127441406,0.4201098084449768,0.36271533370018005,0.43207064270973206,0.3018281161785126,0.37237682938575745,0.3343268036842346,0.37677881121635437,0.24398262798786163,0.37781333923339844,0.18799585103988647,0.37753328680992126,0.13833589851856232,0.3439445495605469,0.3327246606349945,0.35050058364868164,0.23642346262931824,0.35561493039131165,0.1785154491662979,0.36135387420654297,0.13075892627239227,0.31655195355415344,0.35010743141174316,0.321064293384552,0.2594781517982483,0.3263624310493469,0.2055797129869461,0.3334091007709503,0.1605498045682907,0.2878933548927307,0.3822290003299713,0.2884344756603241,0.3126908838748932,0.29340484738349915,0.2693172097206116,0.3008045554161072,0.22753551602363586
0.34621351957321167,0.5707306265830994,0.38911575078964233,0.5192060470581055,0.4118025302886963,0.4407145082950592,0.4226766526699066,0.36490824818611145,0.43385493755340576,0.3049384653568268,0.3725617825984955,0.33466389775276184,0.3770742416381836,0.2446880340576172,0.3783298134803772,0.18836909532546997,0.37822240591049194,0.13885323703289032,0.34447556734085083,0.3334285020828247,0.35122889280319214,0.23597493767738342,0.35609492659568787,0.17690889537334442,0.36144065856933594,0.12790502607822418,0.31721001863479614,0.35061177611351013,0.3220444619655609,0.25921308994293213,0.32743415236473083,0.20440395176410675,0.3345825672149658,0.15863563120365143,0.288331001996994,0.3824968934059143,0.2887820899486542,0.31274518370628357,0.2937464714050293,0.26868492364883423,0.3011676073074341,0.2264905869960785
0.3441235423088074,0.570020318031311,0.38878336548805237,0.5197798013687134,0.41504260897636414,0.44251957535743713,0.43022531270980835,0.36744287610054016,0.445268839597702,0.31152012944221497,0.37318646907806396,0.33472973108291626,0.3819391429424286,0.2444634884595871,0.38598036766052246,0.1887587606906891,0.3886943459510803,0.13977834582328796,0.3437679708003998,0.3327806293964386,0.3498741686344147,0.23676559329032898,0.3544248938560486,0.17742124199867249,0.35942593216896057,0.12845154106616974,0.3159048855304718,0.3498804569244385,0.3175935447216034,0.2599584460258484,0.3215562403202057,0.20734825730323792,0.32716500759124756,0.162785142660141,0.2874751091003418,0.3819257915019989,0.28520214557647705,0.31392788887023926,0.28717750310897827,0.27070942521095276,0.29129788279533386,0.22832395136356354
0.3433871865272522,0.5672626495361328,0.38812342286109924,0.5192129015922546,0.41649162769317627,0.4469583034515381,0.4336162209510803,0.37522202730178833,0.44971853494644165,0.31830379366874695,0.374738872051239,0.3388092517852783,0.3884464502334595,0.2505200505256653,0.39487341046333313,0.19523052871227264,0.39931541681289673,0.14639845490455627,0.3447384536266327,0.3351987898349762,0.3501412272453308,0.2399747520685196,0.35421210527420044,0.1795101761817932,0.3582245111465454,0.12806518375873566,0.3158450722694397,0.3512880802154541,0.3155420422554016,0.2635158598423004,0.3189844489097595,0.21007052063941956,0.3240227699279785,0.16299930214881897,0.2864254117012024,0.3837862014770508,0.280798077583313,0.31828418374061584,0.28040722012519836,0.27625027298927307,0.2822522521018982,0.23430798947811127
0.3415687680244446,0.5668939352035522,0.3871506154537201,0.520071804523468,0.4166707396507263,0.44769486784935,0.43401721119880676,0.37590426206588745,0.4509297013282776,0.3198324739933014,0.37327614426612854,0.33756354451179504,0.3872445523738861,0.2483353465795517,0.3940139710903168,0.1925528645515442,0.39881646633148193,0.1429666131734848,0.3431245982646942,0.33401912450790405,0.34787991642951965,0.23851634562015533,0.35180214047431946,0.17885275185108185,0.35566577315330505,0.1284826248884201,0.31451427936553955,0.3504639267921448,0.3134290874004364,0.2626650333404541,0.31644198298454285,0.2092999666929245,0.3208230137825012,0.1619758903980255,0.2858131229877472,0.3836248815059662,0.27895933389663696,0.3182316720485687,0.27741241455078125,0.2769559621810913,0.2777602970600128,0.23565471172332764
0.34182459115982056,0.567630410194397,0.3874933123588562,0.521882176399231,0.41656219959259033,0.4493526816368103,0.43347835540771484,0.3781245946884155,0.45133712887763977,0.3238457143306732,0.3728439211845398,0.3397154211997986,0.38730135560035706,0.250576376914978,0.3944843113422394,0.19345878064632416,0.39960622787475586,0.1433478444814682,0.34233424067497253,0.3363945186138153,0.34550169110298157,0.24071669578552246,0.3488284647464752,0.18003369867801666,0.35216212272644043,0.12900006771087646,0.3138255476951599,0.35284578800201416,0.3108440935611725,0.2640766203403473,0.31247764825820923,0.208335742354393,0.31562307476997375,0.15885841846466064,0.28577324748039246,0.38621076941490173,0.27604350447654724,0.3203395903110504,0.27170440554618835,0.27750176191329956,0.2692934274673462,0.23448774218559265
0.3404339849948883,0.566928505897522,0.38579389452934265,0.5213592648506165,0.415140837430954,0.4481949806213379,0.4329116642475128,0.37701037526130676,0.45064932107925415,0.323080837726593,0.3708276152610779,0.33753010630607605,0.3856998682022095,0.2493545114994049,0.3927551209926605,0.19285279512405396,0.3974419832229614,0.14371488988399506,0.3393186926841736,0.33422619104385376,0.34029433131217957,0.24174076318740845,0.34227412939071655,0.18241991102695465,0.34458282589912415,0.13256263732910156,0.31028833985328674,0.3502962589263916,0.30528008937835693,0.2637489140033722,0.304859459400177,0.2093486189842224,0.3063104748725891,0.16060931980609894,0.2825714647769928,0.3837599754333496,0.2700687050819397,0.32098814845085144,0.26342490315437317,0.28008556365966797,0.2591921091079712,0.2385849505662918
0.34103357791900635,0.5661120414733887,0.3856850266456604,0.5182886123657227,0.4144585430622101,0.44457653164863586,0.4315957725048065,0.37370190024375916,0.4487372636795044,0.31976374983787537,0.36893215775489807,0.33543694019317627,0.3809742331504822,0.24625888466835022,0.38633954524993896,0.18996311724185944,0.38965994119644165,0.1406475305557251,0.3374101221561432,0.33379819989204407,0.3368489742279053,0.24020686745643616,0.3377854824066162,0.18212096393108368,0.33886653184890747,0.13321542739868164,0.3085935711860657,0.3521241247653961,0.3019530177116394,0.2653517723083496,0.30037665367126465,0.21140597760677338,0.3004537522792816,0.16247278451919556,0.2810947597026825,0.3873504102230072,0.2690707743167877,0.32333558797836304,0.26294049620628357,0.28203094005584717,0.258916437625885,0.23961757123470306
0.3377405107021332,0.5653707981109619,0.3825899362564087,0.5186090469360352,0.4114972949028015,0.4438183903694153,0.4285997748374939,0.3723921775817871,0.44587838649749756,0.31807881593704224,0.36457812786102295,0.33497944474220276,0.37707453966140747,0.24705815315246582,0.3827151656150818,0.19169171154499054,0.38614246249198914,0.14347399771213531,0.3326052129268646,0.3331274390220642,0.3315785229206085,0.2398664653301239,0.331590473651886,0.1816670298576355,0.3315364718437195,0.13268420100212097,0.3039146661758423,0.35142144560813904,0.2947767972946167,0.26628077030181885,0.2913791537284851,0.21260030567646027,0.28999078273773193,0.16396506130695343,0.27723172307014465,0.3866616189479828,0.2626033127307892,0.3251592218875885,0.25446227192878723,0.28506094217300415,0.24895697832107544,0.24383188784122467
0.3382326364517212,0.5663235783576965,0.38228797912597656,0.5183515548706055,0.41083472967147827,0.442521870136261,0.42788660526275635,0.3712312579154968,0.44615665078163147,0.31854575872421265,0.3631533682346344,0.33389008045196533,0.37573206424713135,0.2469484657049179,0.38177913427352905,0.1919369250535965,0.38578078150749207,0.14415255188941956,0.33051490783691406,0.33278825879096985,0.3278096616268158,0.23863878846168518,0.3267703056335449,0.180414080619812,0.3259437680244446,0.13136392831802368,0.3019183874130249,0.3518138825893402,0.2924363315105438,0.2663651704788208,0.2886085510253906,0.21271879971027374,0.2868674695491791,0.1641613245010376,0.27578118443489075,0.3880140483379364,0.26034653186798096,0.3271578252315521,0.2515665888786316,0.2871745824813843,0.24557583034038544,0.24548065662384033
0.33731645345687866,0.5660150051116943,0.38233986496925354,0.5186060070991516,0.410432904958725,0.44335702061653137,0.4274319112300873,0.37077444791793823,0.44563889503479004,0.3177768290042877,0.36344000697135925,0.33665379881858826,0.3755604922771454,0.24821949005126953,0.3809118866920471,0.19260644912719727,0.38442471623420715,0.1444675177335739,0.33160966634750366,0.33535411953926086,0.3297954201698303,0.24101375043392181,0.32923442125320435,0.18267035484313965,0.3292444050312042,0.13360510766506195,0.30295464396476746,0.3533684313297272,0.2955856919288635,0.2675943672657013,0.29399818181991577,0.21608226001262665,0.2940179109573364,0.16988015174865723,0.27578771114349365,0.388001024723053,0.26260703802108765,0.32576924562454224,0.2560123801231384,0.2865551710128784,0.251722514629364,0.24607516825199127
0.3365998864173889,0.567176342010498,0.3818611800670624,0.5188534259796143,0.4107401371002197,0.44310349225997925,0.4278688132762909,0.37058284878730774,0.4459682106971741,0.317137211561203,0.362777441740036,0.33793905377388,0.37461817264556885,0.24922384321689606,0.3802608251571655,0.19360806047916412,0.38392573595046997,0.14515088498592377,0.3310142457485199,0.33661264181137085,0.3290711045265198,0.24184848368167877,0.3286731243133545,0.18356435000896454,0.3286387622356415,0.13450603187084198,0.3025641143321991,0.3542916178703308,0.2945128083229065,0.2688060700893402,0.2923012673854828,0.2157200425863266,0.29179367423057556,0.16800956428050995,0.2754674553871155,0.3885452449321747,0.26188087463378906,0.3257615864276886,0.25501906871795654,0.28562289476394653,0.2503957152366638,0.24458707869052887
0.3378707468509674,0.5660889148712158,0.38211867213249207,0.5183111429214478,0.41080141067504883,0.443381130695343,0.42937421798706055,0.37428179383277893,0.44929802417755127,0.3228762149810791,0.36127713322639465,0.33463817834854126,0.37449559569358826,0.24713808298110962,0.38046959042549133,0.19034360349178314,0.38367027044296265,0.14081256091594696,0.3287259042263031,0.33179423213005066,0.3273298442363739,0.23791959881782532,0.3268660604953766,0.17842170596122742,0.3256988525390625,0.12681642174720764,0.2995740473270416,0.3505290150642395,0.2861170768737793,0.26582562923431396,0.2799654006958008,0.21137115359306335,0.27606821060180664,0.1609574258327484,0.27335789799690247,0.3877999186515808,0.2517165541648865,0.32897669076919556,0.23901957273483276,0.2903786301612854,0.2294759303331375,0.2497483789920807
0.33887407183647156,0.5666451454162598,0.3825545012950897,0.5189136266708374,0.4112648069858551,0.44394493103027344,0.4290577173233032,0.37590527534484863,0.45029211044311523,0.3274862468242645,0.3619633615016937,0.3353447914123535,0.3750015199184418,0.24636588990688324,0.38087883591651917,0.1882164627313614,0.3840291202068329,0.13692736625671387,0.3285031020641327,0.33212971687316895,0.32585063576698303,0.23633481562137604,0.3255428671836853,0.1755847930908203,0.3247406780719757,0.12243814766407013,0.29911330342292786,0.3513646423816681,0.2831231355667114,0.267831414937973,0.2757171094417572,0.21264174580574036,0.27103790640830994,0.16157817840576172,0.27339431643486023,0.3894813656806946,0.2502720057964325,0.33037978410720825,0.23628565669059753,0.2912098169326782,0.225416362285614,0.250100314617157
0.33627578616142273,0.5660343766212463,0.3815310299396515,0.518642008304596,0.4113386273384094,0.44513624906539917,0.4306274354457855,0.3758065700531006,0.45064008235931396,0.32453182339668274,0.362077534198761,0.33477574586868286,0.37391334772109985,0.24645383656024933,0.3793402314186096,0.19085389375686646,0.38276734948158264,0.14172795414924622,0.3303332030773163,0.3332478702068329,0.3283943831920624,0.2387864589691162,0.3268737494945526,0.17917732894420624,0.32542097568511963,0.1280646175146103,0.30158308148384094,0.35132449865341187,0.2957569360733032,0.26268038153648376,0.29375943541526794,0.20750319957733154,0.29299476742744446,0.15806378424167633,0.2738679051399231,0.3865690231323242,0.26050078868865967,0.32191672921180725,0.25339382886886597,0.28014421463012695,0.24837148189544678,0.2374901920557022
0.3378092646598816,0.5669991970062256,0.38263341784477234,0.5181751847267151,0.41154518723487854,0.4452233612537384,0.42990031838417053,0.3766033351421356,0.44928643107414246,0.32603955268859863,0.3653891384601593,0.33635884523391724,0.3780331611633301,0.24822063744068146,0.3836507499217987,0.19246406853199005,0.3868497908115387,0.14315997064113617,0.3336046636104584,0.3350757956504822,0.3331117331981659,0.2396048605442047,0.33308514952659607,0.18018807470798492,0.332789808511734,0.129179447889328,0.30503445863723755,0.35377463698387146,0.3000475764274597,0.2664775252342224,0.3002660870552063,0.2118043154478073,0.30156537890434265,0.16193386912345886,0.2770470976829529,0.38933512568473816,0.2672746777534485,0.32271018624305725,0.26456600427627563,0.28013595938682556,0.2644645869731903,0.2365039736032486
0.3386145830154419,0.5708140134811401,0.3839098811149597,0.5206926465034485,0.413244366645813,0.4473869800567627,0.43255874514579773,0.37670040130615234,0.4519628882408142,0.3230191171169281,0.3666110634803772,0.33345267176628113,0.3731524646282196,0.24249619245529175,0.3750652074813843,0.18566632270812988,0.3759036362171173,0.13552024960517883,0.3371983766555786,0.3332694470882416,0.3422608971595764,0.2404930293560028,0.34650567173957825,0.18236184120178223,0.3514050841331482,0.13421787321567535,0.3093479573726654,0.35091251134872437,0.31179681420326233,0.2613479197025299,0.3162195086479187,0.2070721685886383,0.3221223056316376,0.15987488627433777,0.2810029983520508,0.3825766444206238,0.2799697518348694,0.3133746385574341,0.2834842801094055,0.270341694355011,0.28946325182914734,0.2273114174604416
0.3399633467197418,0.5694963932037354,0.38490307331085205,0.5211306214332581,0.4138697385787964,0.4479735195636749,0.43461984395980835,0.37681350111961365,0.4545814096927643,0.32548773288726807,0.3675694465637207,0.33612337708473206,0.37148553133010864,0.24793310463428497,0.37255623936653137,0.19287066161632538,0.3726794719696045,0.14375312626361847,0.339053750038147,0.33397841453552246,0.3443116247653961,0.23959344625473022,0.34830573201179504,0.1807333379983902,0.3529587686061859,0.13079366087913513,0.3115554451942444,0.3500809371471405,0.3141593635082245,0.25992605090141296,0.3185066282749176,0.20568662881851196,0.32438382506370544,0.158756822347641,0.2828231751918793,0.38037168979644775,0.28196656703948975,0.3120709955692291,0.28556233644485474,0.2703753709793091,0.2913658022880554,0.2292792648077011
0.3411688804626465,0.5711857080459595,0.38561612367630005,0.5207396149635315,0.4134919047355652,0.4455103874206543,0.4319339096546173,0.37318581342697144,0.4505828619003296,0.32043659687042236,0.36864548921585083,0.3351995348930359,0.37114614248275757,0.2468172013759613,0.3718254566192627,0.191824272274971,0.37200695276260376,0.1427844613790512,0.33970025181770325,0.33394911885261536,0.3435458838939667,0.23867160081863403,0.3471181392669678,0.1784517765045166,0.3519638776779175,0.12801457941532135,0.31210142374038696,0.3509559631347656,0.3147338330745697,0.25974830985069275,0.31929993629455566,0.20503532886505127,0.3258207142353058,0.15795055031776428,0.2834455370903015,0.38183385133743286,0.282646507024765,0.3123019337654114,0.2869718670845032,0.2701725363731384,0.29403752088546753,0.22873245179653168
0.3406665623188019,0.5698777437210083,0.3856891393661499,0.5197423100471497,0.4108326733112335,0.4444677233695984,0.4237349331378937,0.36993083357810974,0.43613940477371216,0.31232768297195435,0.3683895468711853,0.3346109986305237,0.3712244927883148,0.24472521245479584,0.3718093931674957,0.18977369368076324,0.3716161847114563,0.14051958918571472,0.33992841839790344,0.33395740389823914,0.34427666664123535,0.23774108290672302,0.3483847975730896,0.17911696434020996,0.3535992503166199,0.13026820123195648,0.31247416138648987,0.3512525260448456,0.3153887391090393,0.2602442502975464,0.3199644982814789,0.20494505763053894,0.32611510157585144,0.15813112258911133,0.28354495763778687,0.3826877772808075,0.2836845815181732,0.31125980615615845,0.28764328360557556,0.26743096113204956,0.29352205991744995,0.2249872088432312
0.34037020802497864,0.5718281865119934,0.3849765360355377,0.518750786781311,0.4088350236415863,0.4441377818584442,0.4205511212348938,0.3692982494831085,0.4308038353919983,0.30795031785964966,0.36698925495147705,0.334592342376709,0.3712868392467499,0.24419716000556946,0.37192732095718384,0.18900549411773682,0.3709391951560974,0.13885276019573212,0.3386325240135193,0.33385390043258667,0.34390220046043396,0.2380485236644745,0.3474428653717041,0.17861096560955048,0.3515259027481079,0.12954860925674438,0.31115370988845825,0.35153934359550476,0.31436240673065186,0.2615513503551483,0.31883636116981506,0.20829659700393677,0.32486966252326965,0.16305534541606903,0.2827172577381134,0.3830997049808502,0.2830660343170166,0.31274980306625366,0.28727543354034424,0.2691833972930908,0.2939578592777252,0.22642773389816284
0.34086909890174866,0.5695636868476868,0.3842877745628357,0.5200716257095337,0.40715160965919495,0.443857342004776,0.4168005585670471,0.3675509989261627,0.4248885214328766,0.30659884214401245,0.3666490614414215,0.33711689710617065,0.3708782196044922,0.24718698859214783,0.3719307482242584,0.19212520122528076,0.3714384138584137,0.14283131062984467,0.3382321000099182,0.33448097109794617,0.3432402014732361,0.23613987863063812,0.3469947576522827,0.177035853266716,0.35119926929473877,0.12711195647716522,0.3111707866191864,0.3509990870952606,0.31465157866477966,0.2592926621437073,0.3193112909793854,0.20504777133464813,0.325236976146698,0.15934453904628754,0.2833665609359741,0.3823035657405853,0.2839500606060028,0.3116269111633301,0.2882500886917114,0.26803499460220337,0.2943532168865204,0.22627320885658264
0.3398374021053314,0.5735331773757935,0.3840348422527313,0.5205113291740417,0.40796971321105957,0.4449627101421356,0.4207005500793457,0.36851003766059875,0.4325695037841797,0.3087365925312042,0.36612823605537415,0.3365510404109955,0.37068021297454834,0.2481708824634552,0.37166279554367065,0.19534023106098175,0.3710123896598816,0.146126389503479,0.33804214000701904,0.3352315127849579,0.3435779809951782,0.23961955308914185,0.3469265103340149,0.1813308596611023,0.35065606236457825,0.1312870979309082,0.31085628271102905,0.3530130386352539,0.3151702284812927,0.2623617649078369,0.3196253776550293,0.20877999067306519,0.32529857754707336,0.16255545616149902,0.2825429141521454,0.38518422842025757,0.28325536847114563,0.31471240520477295,0.287975549697876,0.271559476852417,0.29497334361076355,0.22893404960632324
0.3399132192134857,0.5705512762069702,0.38555216789245605,0.5218223333358765,0.41367676854133606,0.44806548953056335,0.43044281005859375,0.37485721707344055,0.4480665326118469,0.3181953430175781,0.3683086335659027,0.3328470289707184,0.3714931011199951,0.2434399425983429,0.37193623185157776,0.1872965395450592,0.37163084745407104,0.13692790269851685,0.3389604389667511,0.33212587237358093,0.3435385227203369,0.2373466193675995,0.3472461402416229,0.17719241976737976,0.3519432842731476,0.12656943500041962,0.31106239557266235,0.35009539127349854,0.313519150018692,0.26038745045661926,0.31761807203292847,0.20604130625724792,0.3235635459423065,0.15936222672462463,0.2823989689350128,0.3822033703327179,0.2821510136127472,0.3125433921813965,0.28596967458724976,0.2701159715652466,0.29191261529922485,0.22820346057415009
0.34145867824554443,0.5684692859649658,0.38458022475242615,0.521889328956604,0.41442906856536865,0.45171862840652466,0.4357384145259857,0.38490962982177734,0.45616966485977173,0.3354173004627228,0.3696332573890686,0.3361757695674896,0.37520697712898254,0.24674943089485168,0.3772652745246887,0.19069528579711914,0.378836452960968,0.14140543341636658,0.339650422334671,0.334846168756485,0.33999913930892944,0.240813210606575,0.341612309217453,0.18247969448566437,0.34462282061576843,0.13427481055259705,0.311397522687912,0.35279861092567444,0.30792170763015747,0.26577770709991455,0.3098173141479492,0.21307779848575592,0.31406137347221375,0.16756872832775116,0.2829841375350952,0.3855648636817932,0.2775687575340271,0.3181511461734772,0.27796193957328796,0.2764986455440521,0.28136008977890015,0.23476774990558624
0.338260293006897,0.5686995983123779,0.38423478603363037,0.5229494571685791,0.4137097895145416,0.45280691981315613,0.43408551812171936,0.3847943842411041,0.45684561133384705,0.33757632970809937,0.36809438467025757,0.3376544117927551,0.3796748220920563,0.24800553917884827,0.3849638104438782,0.19120670855045319,0.3884681165218353,0.14163115620613098,0.3366513252258301,0.33546096086502075,0.3373841941356659,0.24080520868301392,0.338859498500824,0.1819981187582016,0.34100690484046936,0.13370472192764282,0.307904988527298,0.35321614146232605,0.3038419783115387,0.26622486114501953,0.30544033646583557,0.21240337193012238,0.30907347798347473,0.16573244333267212,0.28001680970191956,0.38749420642852783,0.27089446783065796,0.32117462158203125,0.2680438160896301,0.2788858711719513,0.26802223920822144,0.2368173897266388
0.33773431181907654,0.5694085955619812,0.38371241092681885,0.5235828757286072,0.41413751244544983,0.45325231552124023,0.43462106585502625,0.38519182801246643,0.4566153287887573,0.3361393213272095,0.3671797811985016,0.3388378918170929,0.3796136677265167,0.24910449981689453,0.38494178652763367,0.19190527498722076,0.3882031738758087,0.14189982414245605,0.33572161197662354,0.3366244435310364,0.3360200822353363,0.2398076206445694,0.33672869205474854,0.17994500696659088,0.33795198798179626,0.131056547164917,0.30718061327934265,0.35487303137779236,0.30387037992477417,0.266190767288208,0.30568671226501465,0.21195194125175476,0.30894073843955994,0.1647878736257553,0.2794009745121002,0.3900079131126404,0.27040988206863403,0.32415857911109924,0.26750946044921875,0.2825888693332672,0.2670425474643707,0.24109336733818054
0.33923324942588806,0.5686783790588379,0.3839169144630432,0.5206725001335144,0.4135473668575287,0.4516421854496002,0.43369749188423157,0.38536083698272705,0.4547785222530365,0.33540475368499756,0.3660529553890228,0.3369304835796356,0.37712258100509644,0.2475123107433319,0.38226956129074097,0.1921856552362442,0.38590162992477417,0.14324863255023956,0.3347831964492798,0.33617138862609863,0.334900438785553,0.24072743952274323,0.3361820876598358,0.18206898868083954,0.3382203280925751,0.13359291851520538,0.3064800798892975,0.3553221821784973,0.3027195930480957,0.2670203149318695,0.3044659495353699,0.21305972337722778,0.3080499768257141,0.16595245897769928,0.2788984179496765,0.3909286856651306,0.27007460594177246,0.3238948881626129,0.2680581212043762,0.28177911043167114,0.2687317430973053,0.2399701029062271
0.3370528221130371,0.5691677331924438,0.38263487815856934,0.5220998525619507,0.41310915350914,0.4536347985267639,0.43342435359954834,0.38549017906188965,0.4542675316333771,0.33518561720848083,0.3668642044067383,0.33727315068244934,0.3809984028339386,0.24813486635684967,0.38692736625671387,0.1921246349811554,0.3902652859687805,0.1425597369670868,0.3351956903934479,0.33482223749160767,0.33539286255836487,0.23990823328495026,0.33582961559295654,0.1814308911561966,0.3364875316619873,0.13403598964214325,0.30653226375579834,0.352508008480072,0.30284151434898376,0.26516085863113403,0.30443915724754333,0.21141108870506287,0.3073218762874603,0.1647959202528,0.2787092328071594,0.38668230175971985,0.27052515745162964,0.3208998441696167,0.2683425843715668,0.27974796295166016,0.2684829533100128,0.2390240579843521
0.33782052993774414,0.5693981647491455,0.38337427377700806,0.5234155654907227,0.4131549000740051,0.4545113444328308,0.43363094329833984,0.38663142919540405,0.4552541971206665,0.3374963700771332,0.3679943382740021,0.3381939232349396,0.38284391164779663,0.2498847395181656,0.38942277431488037,0.19407276809215546,0.3934333622455597,0.14486056566238403,0.33594629168510437,0.3351042568683624,0.33610913157463074,0.237592414021492,0.3368736803531647,0.17811048030853271,0.3373766243457794,0.12917059659957886,0.3071616291999817,0.3530465364456177,0.30210715532302856,0.26478272676467896,0.3032251000404358,0.21123982965946198,0.30565935373306274,0.16409306228160858,0.2793685793876648,0.38852033019065857,0.27036383748054504,0.32228630781173706,0.2690497636795044,0.28083521127700806,0.27041637897491455,0.23917259275913239
0.3403271734714508,0.5688836574554443,0.38411712646484375,0.5255172848701477,0.4128122329711914,0.45555827021598816,0.432678759098053,0.38806354999542236,0.4551994800567627,0.34197816252708435,0.3691079914569855,0.3413357734680176,0.38944947719573975,0.2553425133228302,0.3996903598308563,0.19920043647289276,0.40651845932006836,0.1495695263147354,0.3350929021835327,0.33442389965057373,0.33425986766815186,0.23775316774845123,0.3352200388908386,0.17643912136554718,0.33522987365722656,0.12196184694766998,0.30502045154571533,0.3514454662799835,0.29032158851623535,0.26614513993263245,0.28346410393714905,0.20878572762012482,0.2792147099971771,0.15489470958709717,0.27917763590812683,0.3882026970386505,0.25765112042427063,0.3276558518409729,0.24483048915863037,0.2867600917816162,0.23523741960525513,0.2439563125371933
0.3388088643550873,0.5686742663383484,0.3830105662345886,0.5239400863647461,0.41267308592796326,0.4553208649158478,0.4328218102455139,0.3889005780220032,0.45394062995910645,0.34217771887779236,0.36954930424690247,0.341291606426239,0.3891734480857849,0.2548721134662628,0.3987719416618347,0.19863948225975037,0.40561866760253906,0.14908215403556824,0.3359889090061188,0.3354460299015045,0.33530759811401367,0.2401936948299408,0.3364788293838501,0.17973914742469788,0.33780786395072937,0.12739655375480652,0.30602797865867615,0.35183021426200867,0.2961939573287964,0.26531630754470825,0.29300156235694885,0.21033641695976257,0.2921169698238373,0.16017083823680878,0.27932262420654297,0.3867800533771515,0.26232293248176575,0.32626545429229736,0.25286322832107544,0.2852635979652405,0.24634245038032532,0.2427128404378891
0.3386407196521759,0.5679023861885071,0.3831219971179962,0.5245612859725952,0.41362252831459045,0.45659127831459045,0.43381252884864807,0.3892224133014679,0.4551831781864166,0.3399563729763031,0.3700363039970398,0.34339189529418945,0.39110738039016724,0.25661396980285645,0.4010128974914551,0.2000649869441986,0.4077218770980835,0.15056975185871124,0.33674442768096924,0.33686789870262146,0.3368989825248718,0.23849044740200043,0.33838367462158203,0.1760893166065216,0.3392165005207062,0.12228299677371979,0.30705150961875916,0.3528721034526825,0.29709792137145996,0.2668895721435547,0.29428988695144653,0.21116642653942108,0.29355087876319885,0.1601543128490448,0.280141144990921,0.3874620795249939,0.26544198393821716,0.3253324329853058,0.2577648460865021,0.2837115228176117,0.2527298331260681,0.24124544858932495
0.3378572463989258,0.5713232755661011,0.3837096095085144,0.526371955871582,0.4140698313713074,0.45702916383743286,0.4338723123073578,0.3892527222633362,0.45511555671691895,0.3404659330844879,0.37060388922691345,0.3429272174835205,0.3868156671524048,0.2550317049026489,0.39531171321868896,0.1989021748304367,0.4021299481391907,0.14913439750671387,0.3393481969833374,0.3379003703594208,0.3434622883796692,0.2433319091796875,0.34680432081222534,0.18302375078201294,0.3506498634815216,0.13120833039283752,0.31039372086524963,0.35320720076560974,0.3108305037021637,0.2652103006839752,0.31471097469329834,0.21125996112823486,0.3201122283935547,0.16319327056407928,0.2815975248813629,0.3859783113002777,0.27685827016830444,0.3211420476436615,0.2776949405670166,0.2809576392173767,0.28101760149002075,0.24093222618103027
0.3402937054634094,0.5702763199806213,0.3854658603668213,0.523705005645752,0.4147266745567322,0.4525664150714874,0.4361669719219208,0.38429367542266846,0.4581587016582489,0.33478468656539917,0.37036871910095215,0.33442598581314087,0.3772517442703247,0.24516384303569794,0.3794415295124054,0.1879671812057495,0.38104256987571716,0.13797132670879364,0.3405064046382904,0.33295345306396484,0.3482925593852997,0.23907418549060822,0.35529839992523193,0.1808030605316162,0.36278074979782104,0.13322602212429047,0.3119629919528961,0.35091495513916016,0.3146619498729706,0.2596493661403656,0.3195124864578247,0.20597416162490845,0.32641786336898804,0.1601211428642273,0.28321373462677,0.3835219740867615,0.281955361366272,0.31639736890792847,0.28609004616737366,0.27508068084716797,0.29327452182769775,0.23416151106357574
0.3403601348400116,0.5695474743843079,0.38543716073036194,0.5214493870735168,0.4151608347892761,0.451431006193161,0.4359471797943115,0.38463661074638367,0.4565981328487396,0.3351585865020752,0.369485467672348,0.33414316177368164,0.3758681118488312,0.24484451115131378,0.3778004050254822,0.18908308446407318,0.3787028193473816,0.14005127549171448,0.34001386165618896,0.33292827010154724,0.3472045361995697,0.236615851521492,0.3521718680858612,0.17687134444713593,0.35735630989074707,0.12790219485759735,0.3119899034500122,0.3506980836391449,0.3138238489627838,0.2599931061267853,0.3181126117706299,0.20765306055545807,0.32429343461990356,0.16384312510490417,0.28336095809936523,0.3829849660396576,0.28190428018569946,0.3157922029495239,0.2861038148403168,0.27516254782676697,0.29322659969329834,0.23537801206111908
0.34049928188323975,0.5704013705253601,0.38408806920051575,0.52198326587677,0.41367536783218384,0.4528037905693054,0.43454644083976746,0.3853110074996948,0.454814612865448,0.3342058062553406,0.3691825866699219,0.3346261978149414,0.37409988045692444,0.24554665386676788,0.37574249505996704,0.18959957361221313,0.3768540322780609,0.13967229425907135,0.3399123251438141,0.3337509334087372,0.34591129422187805,0.23902146518230438,0.35057759284973145,0.17987093329429626,0.35604313015937805,0.1306522786617279,0.3120083212852478,0.3516199290752411,0.31467893719673157,0.26203662157058716,0.31930872797966003,0.20860272645950317,0.325873464345932,0.16301079094409943,0.28326305747032166,0.3837476372718811,0.2824924886226654,0.31609439849853516,0.2867060899734497,0.27513575553894043,0.29341912269592285,0.23461608588695526
0.33895930647850037,0.5695304274559021,0.383190780878067,0.5217641592025757,0.41263967752456665,0.45094379782676697,0.43276652693748474,0.3825589418411255,0.452236533164978,0.3309697210788727,0.36741194128990173,0.3349738121032715,0.37447553873062134,0.2445187270641327,0.37669602036476135,0.18816831707954407,0.3778521716594696,0.13861769437789917,0.33776864409446716,0.3340478241443634,0.3440561890602112,0.24080023169517517,0.348047137260437,0.18286201357841492,0.35237160325050354,0.13563747704029083,0.3097105026245117,0.35167229175567627,0.31126588582992554,0.26243525743484497,0.31477639079093933,0.2091532051563263,0.3201042413711548,0.16345731914043427,0.28108155727386475,0.38379740715026855,0.2785842716693878,0.31772059202194214,0.28139644861221313,0.27763375639915466,0.2871403396129608,0.23811568319797516
0.33783361315727234,0.5698319673538208,0.38309866189956665,0.5238884687423706,0.4123201370239258,0.45353251695632935,0.43209606409072876,0.3852063715457916,0.4528367221355438,0.3345162272453308,0.3693196773529053,0.3395926058292389,0.379660040140152,0.2530413269996643,0.3848245441913605,0.19875767827033997,0.38886910676956177,0.15044422447681427,0.33848363161087036,0.3362489342689514,0.3416726589202881,0.2436407208442688,0.34522491693496704,0.18668171763420105,0.34914204478263855,0.13881783187389374,0.30946052074432373,0.3532657325267792,0.3059636652469635,0.26565974950790405,0.30702102184295654,0.21204015612602234,0.310387521982193,0.1640343815088272,0.2809227705001831,0.38706478476524353,0.27356529235839844,0.32135117053985596,0.27272653579711914,0.280148983001709,0.2749783396720886,0.23861064016819
0.33721664547920227,0.5696842670440674,0.38259357213974,0.5234414935112,0.41243258118629456,0.4538609981536865,0.432253360748291,0.38530051708221436,0.45393407344818115,0.3364604413509369,0.3664707839488983,0.34081125259399414,0.380235880613327,0.2535908818244934,0.3868672251701355,0.1991768330335617,0.3913499712944031,0.1510353535413742,0.33490151166915894,0.3377237319946289,0.3355170488357544,0.24377945065498352,0.33698758482933044,0.18532149493694305,0.33831799030303955,0.13595986366271973,0.3061644732952118,0.35469263792037964,0.30009573698043823,0.2684051990509033,0.2992691993713379,0.2133784145116806,0.3002936542034149,0.16402862966060638,0.27863800525665283,0.3884386718273163,0.2673202157020569,0.3236517012119293,0.26239195466041565,0.2818562090396881,0.25998055934906006,0.23921415209770203
0.3369804620742798,0.5683964490890503,0.3822474479675293,0.5217891931533813,0.4129449427127838,0.45306167006492615,0.4324195683002472,0.38505303859710693,0.4530285894870758,0.3350047767162323,0.3656446635723114,0.33979761600494385,0.3799175024032593,0.25291335582733154,0.38656699657440186,0.19873462617397308,0.3910983204841614,0.1505991816520691,0.33363425731658936,0.3365597128868103,0.33406487107276917,0.24204306304454803,0.3352278172969818,0.18330948054790497,0.33637121319770813,0.1334594488143921,0.3048863112926483,0.35392436385154724,0.29769229888916016,0.2687022089958191,0.2960013449192047,0.21511173248291016,0.2961881160736084,0.16711199283599854,0.277842253446579,0.38806235790252686,0.26563096046447754,0.32514506578445435,0.2596976161003113,0.2841436266899109,0.25627660751342773,0.24232466518878937
0.33867430686950684,0.5683794021606445,0.38305938243865967,0.5235804319381714,0.4130740165710449,0.4537949562072754,0.4326470196247101,0.38612258434295654,0.4525347352027893,0.3359535336494446,0.3658688962459564,0.3381173312664032,0.37943607568740845,0.25106263160705566,0.38600683212280273,0.1965341418981552,0.3903951644897461,0.14810942113399506,0.333297997713089,0.3354327976703644,0.33265891671180725,0.2415616512298584,0.33298757672309875,0.18383699655532837,0.33323678374290466,0.13529318571090698,0.30435341596603394,0.353645920753479,0.29584312438964844,0.26816847920417786,0.29320913553237915,0.21430055797100067,0.29237788915634155,0.16624045372009277,0.27766716480255127,0.3889141082763672,0.26454848051071167,0.3252396285533905,0.2578881084918976,0.2838485836982727,0.2536434531211853,0.24198101460933685
0.3380424380302429,0.5705461502075195,0.3832132816314697,0.5241237878799438,0.41267237067222595,0.45423460006713867,0.43233898282051086,0.3860093057155609,0.45369264483451843,0.3360241651535034,0.367225706577301,0.3405225872993469,0.3799956440925598,0.2514883875846863,0.38544872403144836,0.19571486115455627,0.38897961378097534,0.14715762436389923,0.3359411954879761,0.3382780849933624,0.33602622151374817,0.24321380257606506,0.33688607811927795,0.18471886217594147,0.3383057415485382,0.136513814330101,0.3074590265750885,0.3561514914035797,0.3040095269680023,0.26848268508911133,0.3064507246017456,0.21501561999320984,0.3105975091457367,0.16806963086128235,0.2797720730304718,0.39046669006347656,0.2715914845466614,0.3254866600036621,0.2701931595802307,0.28436291217803955,0.2715808153152466,0.24317793548107147
0.3392595648765564,0.5724295377731323,0.3844697177410126,0.525794267654419,0.41340723633766174,0.4552157521247864,0.4347348213195801,0.38716453313827515,0.45653480291366577,0.33757972717285156,0.36838987469673157,0.3355579376220703,0.3752807378768921,0.24611738324165344,0.3773333728313446,0.19002306461334229,0.3779847323894501,0.14032308757305145,0.33878278732299805,0.33442866802215576,0.3454103469848633,0.24180297553539276,0.349238783121109,0.1838594675064087,0.353000283241272,0.13590218126773834,0.31069043278694153,0.3518083095550537,0.3131383955478668,0.26345300674438477,0.3169073760509491,0.2115098387002945,0.32207173109054565,0.16625206172466278,0.2820252478122711,0.38357600569725037,0.2814262807369232,0.31651556491851807,0.2855001986026764,0.2757837772369385,0.2923392951488495,0.2350204586982727
0.3396800756454468,0.5710378885269165,0.3850497901439667,0.5231133103370667,0.415067583322525,0.45340797305107117,0.4365309774875641,0.3856978118419647,0.45756417512893677,0.3367922306060791,0.36866524815559387,0.33681511878967285,0.3725927770137787,0.24705512821674347,0.3737776279449463,0.19139373302459717,0.3748129606246948,0.14246968924999237,0.33957844972610474,0.335976779460907,0.3441283702850342,0.2402658462524414,0.34797751903533936,0.1811508685350418,0.3531128168106079,0.1319807767868042,0.31205323338508606,0.35321253538131714,0.31441664695739746,0.26157182455062866,0.3192749321460724,0.20728622376918793,0.3262999951839447,0.16081146895885468,0.28361237049102783,0.3844110071659088,0.28252384066581726,0.31609830260276794,0.28710123896598816,0.2748373746871948,0.29456108808517456,0.23387400805950165
0.34010425209999084,0.5734929442405701,0.3852752447128296,0.5249993801116943,0.41472041606903076,0.4546009302139282,0.4361059367656708,0.38683444261550903,0.4571326971054077,0.33656105399131775,0.36875492334365845,0.33633196353912354,0.3728419244289398,0.24730296432971954,0.3740161657333374,0.1919960081577301,0.3746126592159271,0.14188934862613678,0.33971571922302246,0.33568447828292847,0.34525078535079956,0.24199144542217255,0.34955188632011414,0.18331465125083923,0.35459744930267334,0.1339430809020996,0.311964750289917,0.3534649908542633,0.3149855434894562,0.2640189230442047,0.31938624382019043,0.2101384997367859,0.32544732093811035,0.16316884756088257,0.28314948081970215,0.3851429522037506,0.28245609998703003,0.3162006437778473,0.2867622673511505,0.27414774894714355,0.2937571406364441,0.23180294036865234
0.3404025733470917,0.5699983239173889,0.3847701847553253,0.5233491063117981,0.41462111473083496,0.45364075899124146,0.43578481674194336,0.3854638338088989,0.457075834274292,0.33669596910476685,0.3696621060371399,0.33817675709724426,0.3771215081214905,0.24855393171310425,0.37979990243911743,0.19280600547790527,0.3812549114227295,0.1441788375377655,0.33917558193206787,0.3360891342163086,0.3406710624694824,0.241403266787529,0.3417212665081024,0.1826397031545639,0.34352198243141174,0.13466215133666992,0.3109121024608612,0.3531091809272766,0.30932846665382385,0.26372843980789185,0.31112244725227356,0.20947930216789246,0.314881294965744,0.16303254663944244,0.28270500898361206,0.3853379786014557,0.2787296175956726,0.3181132376194,0.2801205515861511,0.27630481123924255,0.28447917103767395,0.23527184128761292
0.3385375142097473,0.5691541433334351,0.383874773979187,0.5231269001960754,0.4140583872795105,0.4553205370903015,0.43476590514183044,0.3873608410358429,0.456312358379364,0.33812788128852844,0.3681241273880005,0.33948826789855957,0.3767155408859253,0.25066810846328735,0.37973448634147644,0.1965644359588623,0.38124945759773254,0.14933684468269348,0.3377843499183655,0.3374667465686798,0.3391116261482239,0.2434489130973816,0.33947426080703735,0.18622349202632904,0.3404794931411743,0.1396559625864029,0.30956020951271057,0.3538678288459778,0.3076445758342743,0.26515766978263855,0.30950191617012024,0.21322986483573914,0.31308647990226746,0.16876929998397827,0.2812475562095642,0.3853055238723755,0.27624446153640747,0.3188011944293976,0.27688536047935486,0.27855998277664185,0.2804488241672516,0.23915573954582214
0.340609073638916,0.5688031911849976,0.38491496443748474,0.5206697583198547,0.414959579706192,0.45137500762939453,0.4377961754798889,0.38662493228912354,0.4635220766067505,0.3443690538406372,0.367297500371933,0.3386867642402649,0.37525463104248047,0.2509315013885498,0.37834927439689636,0.19734610617160797,0.38011643290519714,0.14970779418945312,0.335764616727829,0.3377875089645386,0.33311694860458374,0.2449101209640503,0.33302584290504456,0.1877884864807129,0.3335750699043274,0.1395195871591568,0.307126522064209,0.35587623715400696,0.29987019300460815,0.27120524644851685,0.29964780807495117,0.2184532731771469,0.3014446198940277,0.1714916080236435,0.27976930141448975,0.38939347863197327,0.27022773027420044,0.3222379684448242,0.2673671543598175,0.28028351068496704,0.26740190386772156,0.2383546382188797
0.3408745229244232,0.5686862468719482,0.3856850266456604,0.520735502243042,0.4159286320209503,0.45146024227142334,0.4383985996246338,0.3871908187866211,0.463628888130188,0.3459942936897278,0.3664679527282715,0.33725377917289734,0.3753662705421448,0.24968744814395905,0.37878912687301636,0.19620224833488464,0.3806280195713043,0.14892709255218506,0.33509814739227295,0.33696213364601135,0.33204835653305054,0.24453726410865784,0.3312966525554657,0.18824422359466553,0.3315045237541199,0.14174918830394745,0.3069963753223419,0.3555716574192047,0.3006479740142822,0.27060091495513916,0.30148258805274963,0.21718911826610565,0.304416298866272,0.17042694985866547,0.2799839973449707,0.3897884786128998,0.2701890170574188,0.3232276439666748,0.26727429032325745,0.28107568621635437,0.2675783932209015,0.23944705724716187
0.33991819620132446,0.5690236687660217,0.38533028960227966,0.5202727913856506,0.41599103808403015,0.4508008062839508,0.4394417107105255,0.3870500922203064,0.46465423703193665,0.3467605710029602,0.3669990599155426,0.3365534245967865,0.3742387294769287,0.24671781063079834,0.37687379121780396,0.19165758788585663,0.37846556305885315,0.1433473527431488,0.3353005051612854,0.33658796548843384,0.3324372470378876,0.24200990796089172,0.33189162611961365,0.1832309365272522,0.3327121436595917,0.13535484671592712,0.30693668127059937,0.3554317057132721,0.30208542943000793,0.26863381266593933,0.30389004945755005,0.21587342023849487,0.3076571822166443,0.17132051289081573,0.27958977222442627,0.3896050453186035,0.2710394859313965,0.3230018615722656,0.2693405747413635,0.2813311815261841,0.2707599401473999,0.24111899733543396
0.3408260643482208,0.570605456829071,0.38556206226348877,0.5208509564399719,0.41624143719673157,0.4517022967338562,0.43947017192840576,0.38727331161499023,0.4635702967643738,0.34350913763046265,0.36769944429397583,0.3368132412433624,0.3752705752849579,0.2473858892917633,0.3780008554458618,0.19303256273269653,0.37957578897476196,0.1447620540857315,0.3365454375743866,0.3367443382740021,0.3345673680305481,0.24343714118003845,0.3348212242126465,0.18613265454769135,0.3363930583000183,0.13877756893634796,0.3080717921257019,0.35572177171707153,0.30307134985923767,0.2692388892173767,0.30458152294158936,0.216084286570549,0.30830368399620056,0.17016644775867462,0.28020691871643066,0.39024943113327026,0.271699458360672,0.32328280806541443,0.2698427438735962,0.2817757725715637,0.2711530923843384,0.24088995158672333
0.33976972103118896,0.5695655345916748,0.3844849765300751,0.5233813524246216,0.4150445759296417,0.45537737011909485,0.43500909209251404,0.3904544413089752,0.45443403720855713,0.34113073348999023,0.3677811026573181,0.33848193287849426,0.3756791055202484,0.24895179271697998,0.3787583112716675,0.1940149962902069,0.38061973452568054,0.14622879028320312,0.3369620442390442,0.33758705854415894,0.33642932772636414,0.24252565205097198,0.3368997275829315,0.18436439335346222,0.33831295371055603,0.13667762279510498,0.30879437923431396,0.3559976816177368,0.3050624430179596,0.2680107057094574,0.3067138195037842,0.21484896540641785,0.31050005555152893,0.16841788589954376,0.2808120548725128,0.3903908431529999,0.2729218900203705,0.3235388994216919,0.27216482162475586,0.2818604111671448,0.2748456299304962,0.24044685065746307
0.33892276883125305,0.5694672465324402,0.38429200649261475,0.5229212641716003,0.4103831946849823,0.4539130628108978,0.4189204275608063,0.38168758153915405,0.4178417921066284,0.31961020827293396,0.36699792742729187,0.34079089760780334,0.3767346441745758,0.2507687211036682,0.38047587871551514,0.1945868283510208,0.38216501474380493,0.14503788948059082,0.33605167269706726,0.33872705698013306,0.33696839213371277,0.2420962154865265,0.3374927043914795,0.1808335930109024,0.338506281375885,0.12966008484363556,0.30758535861968994,0.355924129486084,0.30502310395240784,0.26735028624534607,0.30617526173591614,0.21296530961990356,0.3086090087890625,0.1657683551311493,0.28004032373428345,0.38998156785964966,0.2761121988296509,0.322428435087204,0.27608516812324524,0.2806894779205322,0.277811735868454,0.2403307557106018
0.3402519226074219,0.5705801248550415,0.38561365008354187,0.5211321711540222,0.4111378490924835,0.45048806071281433,0.41826552152633667,0.3773539066314697,0.4157738983631134,0.3166694641113281,0.36837634444236755,0.34174826741218567,0.3779459297657013,0.2512865662574768,0.38177376985549927,0.19487087428569794,0.38379061222076416,0.14519639313220978,0.33699196577072144,0.3402489423751831,0.3367883265018463,0.24354146420955658,0.3368743658065796,0.18332228064537048,0.3378418982028961,0.13306812942028046,0.3082643747329712,0.3574165999889374,0.30555930733680725,0.2681739032268524,0.306867778301239,0.2137967050075531,0.3096967935562134,0.16660337150096893,0.2803703546524048,0.39133715629577637,0.2758256494998932,0.3236454129219055,0.2762954533100128,0.28155946731567383,0.27908599376678467,0.24100908637046814
0.3399049937725067,0.5707205533981323,0.38536423444747925,0.5216963291168213,0.410793662071228,0.44934141635894775,0.4194221496582031,0.37590500712394714,0.42308276891708374,0.31539326906204224,0.36757320165634155,0.3406029939651489,0.37699371576309204,0.2504609227180481,0.3809446692466736,0.19380435347557068,0.3832235336303711,0.14434635639190674,0.3365246653556824,0.33915975689888,0.33642977476119995,0.24234847724437714,0.3367680311203003,0.18188634514808655,0.3379952609539032,0.13161256909370422,0.30822259187698364,0.35672083497047424,0.3054365813732147,0.26681438088417053,0.30685216188430786,0.21259669959545135,0.30984818935394287,0.16527225077152252,0.2807263135910034,0.39077699184417725,0.2756494879722595,0.32279831171035767,0.27590689063072205,0.28058239817619324,0.2784852087497711,0.23951222002506256
0.3395020663738251,0.5708450078964233,0.38499289751052856,0.5224126577377319,0.41011008620262146,0.447273313999176,0.4199289083480835,0.37217816710472107,0.427302747964859,0.3129800260066986,0.36768144369125366,0.33924004435539246,0.37685129046440125,0.24868419766426086,0.38075268268585205,0.19210393726825714,0.3830143213272095,0.14297594130039215,0.33690690994262695,0.33796173334121704,0.336841344833374,0.24151334166526794,0.3369947671890259,0.1812729835510254,0.338063508272171,0.13155390322208405,0.30884018540382385,0.35550257563591003,0.3060028851032257,0.2663683593273163,0.30695730447769165,0.21328096091747284,0.30953168869018555,0.16688017547130585,0.2813693881034851,0.3889288604259491,0.27612748742103577,0.32149794697761536,0.2763338088989258,0.2802300751209259,0.27887362241744995,0.23975186049938202
0.34100356698036194,0.5710684657096863,0.3858858644962311,0.5217451453208923,0.4099600911140442,0.4435775876045227,0.41833192110061646,0.36747127771377563,0.42380857467651367,0.30729103088378906,0.36711931228637695,0.33891284465789795,0.37396344542503357,0.24798214435577393,0.37679436802864075,0.1923433095216751,0.37850067019462585,0.14462052285671234,0.33704450726509094,0.33805200457572937,0.3384655714035034,0.24145624041557312,0.3398251235485077,0.18126429617404938,0.3422214984893799,0.13255640864372253,0.3094143867492676,0.3555334210395813,0.308228999376297,0.2643505930900574,0.31091398000717163,0.2096572369337082,0.31525877118110657,0.16328690946102142,0.2822186350822449,0.38836097717285156,0.2783252000808716,0.3202766478061676,0.2788393795490265,0.2777223587036133,0.2813534140586853,0.2367522418498993
0.3424385190010071,0.5731899738311768,0.38782015442848206,0.5207549929618835,0.4128616452217102,0.4448997974395752,0.42328277230262756,0.37191328406333923,0.4300582706928253,0.3128774166107178,0.36771532893180847,0.3377454876899719,0.37018877267837524,0.24757923185825348,0.3706672787666321,0.19342684745788574,0.3702843189239502,0.1457650065422058,0.3392845094203949,0.3377862870693207,0.342129111289978,0.24045774340629578,0.3448522388935089,0.18053799867630005,0.34869810938835144,0.13038864731788635,0.31236833333969116,0.35517314076423645,0.3141019344329834,0.2634184956550598,0.3180690407752991,0.2076193392276764,0.3239053785800934,0.16059060394763947,0.28440356254577637,0.3862588703632355,0.2827267050743103,0.31402388215065,0.28567126393318176,0.26731833815574646,0.29142969846725464,0.22189034521579742
0.3417778015136719,0.5708739161491394,0.38663339614868164,0.5223397612571716,0.41408273577690125,0.4480428993701935,0.42677009105682373,0.3750249743461609,0.43952012062072754,0.31789201498031616,0.37067824602127075,0.34084123373031616,0.3824816346168518,0.2529282569885254,0.387753963470459,0.19730447232723236,0.39101549983024597,0.14816810190677643,0.3406146168708801,0.3390709161758423,0.3422507345676422,0.24566572904586792,0.34407946467399597,0.18632300198078156,0.34634023904800415,0.1359298676252365,0.3121095299720764,0.356208473443985,0.31006714701652527,0.2667856216430664,0.31186336278915405,0.21181339025497437,0.3151072561740875,0.16307955980300903,0.28298133611679077,0.3893367350101471,0.27242541313171387,0.3218552768230438,0.2681160569190979,0.2778891921043396,0.266432523727417,0.23369361460208893
0.34155017137527466,0.5702099204063416,0.3860900402069092,0.5234589576721191,0.4142352342605591,0.4491289258003235,0.4277327060699463,0.3763962388038635,0.44108134508132935,0.31849372386932373,0.3708168864250183,0.34085437655448914,0.3822776675224304,0.2526002526283264,0.38732683658599854,0.19664312899112701,0.39054763317108154,0.14733870327472687,0.3406268060207367,0.3386954963207245,0.3420908749103546,0.24657844007015228,0.34359630942344666,0.1886073797941208,0.34561848640441895,0.13963662087917328,0.31209611892700195,0.3558169901371002,0.3102788031101227,0.26785996556282043,0.31170395016670227,0.2135855108499527,0.3144686222076416,0.16540215909481049,0.2834315299987793,0.38971754908561707,0.27281275391578674,0.3240155577659607,0.26817139983177185,0.28101372718811035,0.26598232984542847,0.23814423382282257
0.3405562937259674,0.5700442790985107,0.38597020506858826,0.5244369506835938,0.4145282208919525,0.4509807229042053,0.4288916289806366,0.3786022663116455,0.44190096855163574,0.32062646746635437,0.3698139190673828,0.3419862985610962,0.38231170177459717,0.2531358003616333,0.3878236711025238,0.19678018987178802,0.3912391662597656,0.14793513715267181,0.33956262469291687,0.33868908882141113,0.341315895318985,0.24707193672657013,0.34334948658943176,0.1892300695180893,0.345922589302063,0.1414038985967636,0.3106260597705841,0.35396477580070496,0.30750325322151184,0.2652965188026428,0.30750903487205505,0.2105017751455307,0.30933305621147156,0.16276343166828156,0.28182920813560486,0.38611483573913574,0.26803889870643616,0.3221663534641266,0.26029881834983826,0.28026074171066284,0.25503891706466675,0.23896363377571106
0.3423527181148529,0.5698453187942505,0.386993408203125,0.5237377882003784,0.41589590907096863,0.4516352713108063,0.4302484095096588,0.3802665174007416,0.4433436095714569,0.32303813099861145,0.36939963698387146,0.34218263626098633,0.3826248049736023,0.2539440989494324,0.3889632821083069,0.19829542934894562,0.39308905601501465,0.14932620525360107,0.33880558609962463,0.33893021941185,0.34042057394981384,0.24576346576213837,0.34170931577682495,0.18625333905220032,0.3431187868118286,0.1357482671737671,0.3099837303161621,0.3545418679714203,0.3052138686180115,0.2652255594730377,0.30465811491012573,0.21023663878440857,0.3058561682701111,0.1620296835899353,0.2815735638141632,0.38711485266685486,0.26570603251457214,0.3235779404640198,0.2571588456630707,0.2819164991378784,0.25131356716156006,0.2400389164686203
0.3442266583442688,0.5712028741836548,0.3884894549846649,0.5240272283554077,0.41640710830688477,0.45075523853302,0.43074366450309753,0.379547655582428,0.4434734582901001,0.32094064354896545,0.36969906091690063,0.3409070074558258,0.3820664584636688,0.2537720203399658,0.38832733035087585,0.19828860461711884,0.3923563063144684,0.15050508081912994,0.33810579776763916,0.3377271890640259,0.33866387605667114,0.2464270442724228,0.3409267067909241,0.19028159976005554,0.3433118462562561,0.14363692700862885,0.3089446723461151,0.3547675907611847,0.2997746765613556,0.2669106423854828,0.2965155839920044,0.2112644463777542,0.2956754267215729,0.16272737085819244,0.281942218542099,0.3897850215435028,0.2618437707424164,0.3280167877674103,0.24965333938598633,0.2858770191669464,0.24034464359283447,0.24385468661785126
0.34363964200019836,0.5720701217651367,0.3881690204143524,0.5246685743331909,0.41655391454696655,0.4520706534385681,0.43152809143066406,0.3793494701385498,0.4454291760921478,0.32185402512550354,0.3696402609348297,0.3424644470214844,0.3821961581707001,0.25459837913513184,0.38810473680496216,0.1977064609527588,0.3916133642196655,0.14878417551517487,0.33701756596565247,0.3386509418487549,0.33617401123046875,0.2451147437095642,0.3375018537044525,0.1870303899049759,0.33885428309440613,0.13702400028705597,0.3075287342071533,0.3550760746002197,0.29436856508255005,0.26939016580581665,0.28871142864227295,0.21298973262310028,0.285911500453949,0.16378802061080933,0.28053876757621765,0.3891141712665558,0.2566854655742645,0.3288264274597168,0.2425355315208435,0.28728386759757996,0.2318696677684784,0.2453266680240631
0.3442816436290741,0.5715904831886292,0.3884647786617279,0.5235283970832825,0.41692227125167847,0.45180851221084595,0.4307531714439392,0.38092052936553955,0.44342684745788574,0.3229927718639374,0.3692370355129242,0.3406831622123718,0.3813517391681671,0.252657026052475,0.38708823919296265,0.19682978093624115,0.3906417489051819,0.14773155748844147,0.33761292695999146,0.3380949795246124,0.3361113369464874,0.24587969481945038,0.3363340198993683,0.1875348836183548,0.3368879556655884,0.13830333948135376,0.30893802642822266,0.3548958897590637,0.3002866208553314,0.26808345317840576,0.29662489891052246,0.21267297863960266,0.2951523959636688,0.16437356173992157,0.28210675716400146,0.388765811920166,0.2619759142398834,0.3270222544670105,0.25001657009124756,0.28513211011886597,0.2408067286014557,0.24325090646743774
0.3420303165912628,0.5696876645088196,0.386696994304657,0.5230346918106079,0.41611188650131226,0.4519163966178894,0.43065133690834045,0.3821452856063843,0.44322043657302856,0.32530131936073303,0.36964261531829834,0.34048014879226685,0.38200843334198,0.2529965341091156,0.38813725113868713,0.19723336398601532,0.39220136404037476,0.14744478464126587,0.338345468044281,0.33809542655944824,0.33728495240211487,0.2458847463130951,0.33720046281814575,0.18675383925437927,0.33734312653541565,0.1350344568490982,0.3096429705619812,0.35479283332824707,0.30402565002441406,0.26739639043807983,0.302490234375,0.21262609958648682,0.3023814558982849,0.16345016658306122,0.28172582387924194,0.3884691596031189,0.26685935258865356,0.323304146528244,0.2592923045158386,0.2807863652706146,0.2540241777896881,0.23818203806877136
0.34093812108039856,0.5724961161613464,0.386508971452713,0.5275511145591736,0.4161856770515442,0.4571976661682129,0.43101489543914795,0.3863142728805542,0.4455966353416443,0.3295806050300598,0.3698047399520874,0.3427589535713196,0.38373395800590515,0.2539721131324768,0.39026325941085815,0.19687500596046448,0.3945881724357605,0.1461654007434845,0.3378969132900238,0.33919551968574524,0.33796048164367676,0.2443011999130249,0.3384286165237427,0.18420818448066711,0.339078426361084,0.13305631279945374,0.3092403709888458,0.35651034116744995,0.30463242530822754,0.2672111690044403,0.304457426071167,0.21212387084960938,0.3056056797504425,0.16223858296871185,0.282029926776886,0.391749769449234,0.27095550298690796,0.3260832130908966,0.2665277123451233,0.28376948833465576,0.26425009965896606,0.24114187061786652
0.340925395488739,0.5709217190742493,0.38654854893684387,0.5251730680465698,0.4167063534259796,0.4567841589450836,0.432574063539505,0.3869566321372986,0.4478415250778198,0.33160507678985596,0.37133660912513733,0.3437942564487457,0.38687992095947266,0.25398141145706177,0.3939489424228668,0.19591844081878662,0.39807724952697754,0.1445423662662506,0.33915191888809204,0.339971661567688,0.3394363224506378,0.24219951033592224,0.33950841426849365,0.18023735284805298,0.339231014251709,0.1276208609342575,0.3101307153701782,0.3572842478752136,0.3036254346370697,0.2687380015850067,0.3020962178707123,0.21344231069087982,0.3020070791244507,0.16378316283226013,0.2824063003063202,0.3923247456550598,0.2707764506340027,0.32721656560897827,0.2655850648880005,0.2848331928253174,0.2625449001789093,0.24191325902938843
0.34157609939575195,0.5718790292739868,0.38699793815612793,0.526146650314331,0.4176912009716034,0.4569300413131714,0.4344673752784729,0.38918229937553406,0.450087308883667,0.3372517228126526,0.37195128202438354,0.3438851535320282,0.3881768584251404,0.25510546565055847,0.3963063955307007,0.1985614150762558,0.40209004282951355,0.1490766704082489,0.33970919251441956,0.3404918611049652,0.3402918577194214,0.2462766319513321,0.3418603241443634,0.18643516302108765,0.3436722159385681,0.13616468012332916,0.31064262986183167,0.3570864796638489,0.30519312620162964,0.26898956298828125,0.3046457767486572,0.21442072093486786,0.30585092306137085,0.16583067178726196,0.28301098942756653,0.39109301567077637,0.2717885375022888,0.3273003399372101,0.26684674620628357,0.2857908010482788,0.2642984986305237,0.2440146505832672
0.339891254901886,0.5730147361755371,0.38657060265541077,0.5289554595947266,0.4181101322174072,0.46127647161483765,0.4359099566936493,0.3942975103855133,0.45308220386505127,0.3427915573120117,0.3746960461139679,0.34530484676361084,0.39316123723983765,0.25733548402786255,0.40215998888015747,0.2002502828836441,0.4082977771759033,0.14962150156497955,0.34230226278305054,0.34031397104263306,0.34511619806289673,0.24603673815727234,0.3482688069343567,0.18693159520626068,0.35130834579467773,0.1372084617614746,0.3128509819507599,0.35588502883911133,0.31020447611808777,0.2676352262496948,0.3115660548210144,0.21316324174404144,0.3141052722930908,0.16443127393722534,0.2847357988357544,0.38911521434783936,0.2748468816280365,0.3254994750022888,0.27013927698135376,0.2842528522014618,0.26748308539390564,0.24305158853530884
0.34164050221443176,0.5727744102478027,0.38723981380462646,0.530535876750946,0.41879016160964966,0.4639838933944702,0.4371013641357422,0.3979434072971344,0.4558619260787964,0.34711843729019165,0.3760719895362854,0.3467105031013489,0.39634233713150024,0.2588328719139099,0.4062618315219879,0.2015768587589264,0.4130719304084778,0.15153543651103973,0.3427638113498688,0.34132999181747437,0.34405213594436646,0.24729780852794647,0.3472604751586914,0.1888183355331421,0.3499850928783417,0.1387479156255722,0.31312960386276245,0.3571246862411499,0.30588003993034363,0.2713170051574707,0.3041347563266754,0.21560221910476685,0.30434083938598633,0.1646956503391266,0.28598102927207947,0.39106133580207825,0.2711451053619385,0.3292163014411926,0.26304128766059875,0.287153959274292,0.2575218379497528,0.244029700756073
0.342827707529068,0.5746643543243408,0.3876563012599945,0.5332804322242737,0.41857588291168213,0.46586844325065613,0.43753862380981445,0.39828386902809143,0.4576179087162018,0.34661853313446045,0.37631046772003174,0.3478918671607971,0.3967081308364868,0.2617407739162445,0.40706631541252136,0.20500898361206055,0.41447514295578003,0.15483468770980835,0.3432004451751709,0.34131932258605957,0.34507957100868225,0.2454293668270111,0.34855958819389343,0.18459217250347137,0.35154733061790466,0.1321297287940979,0.31370824575424194,0.3569972515106201,0.3072742223739624,0.26962748169898987,0.3064032196998596,0.21324272453784943,0.3075401186943054,0.16166213154792786,0.2865954637527466,0.39120879769325256,0.2735062539577484,0.3277181088924408,0.26696908473968506,0.28529638051986694,0.2629360556602478,0.2418162226676941
0.34241124987602234,0.575559139251709,0.3877107501029968,0.5326430201530457,0.4188072085380554,0.46630263328552246,0.4374476671218872,0.39955127239227295,0.4568643867969513,0.3476046621799469,0.3771058917045593,0.3471399247646332,0.3969286382198334,0.25991615653038025,0.40637320280075073,0.20268744230270386,0.41277819871902466,0.15233203768730164,0.3440881073474884,0.3411945700645447,0.3456377685070038,0.24528184533119202,0.3482501208782196,0.18490326404571533,0.3504266142845154,0.13326488435268402,0.31435269117355347,0.35687726736068726,0.3092902600765228,0.2682098150253296,0.3092784583568573,0.21232731640338898,0.31089645624160767,0.16192451119422913,0.28655385971069336,0.39095771312713623,0.2736678421497345,0.32710081338882446,0.26742103695869446,0.2847735583782196,0.26362231373786926,0.24174664914608002
0.34223875403404236,0.5757054090499878,0.38848331570625305,0.5327274799346924,0.4194970726966858,0.4662504494190216,0.43822479248046875,0.3984775245189667,0.4572720229625702,0.3465783894062042,0.37701863050460815,0.3462578356266022,0.39323705434799194,0.25629162788391113,0.40139448642730713,0.19915390014648438,0.4072071313858032,0.14853432774543762,0.34554752707481384,0.3412909209728241,0.35047754645347595,0.24309417605400085,0.3536066710948944,0.1811610758304596,0.35637640953063965,0.1283741593360901,0.31641465425491333,0.35677316784858704,0.3161246180534363,0.26595792174339294,0.31862422823905945,0.2108369767665863,0.3222521245479584,0.1619119942188263,0.2876940667629242,0.3894917368888855,0.2828735113143921,0.3233608305454254,0.2828558087348938,0.28185924887657166,0.28467875719070435,0.2405908852815628
0.3442656695842743,0.5759826898574829,0.38912326097488403,0.5332204103469849,0.41976743936538696,0.4659515619277954,0.4373917877674103,0.3996613323688507,0.4559859037399292,0.3486689329147339,0.37895503640174866,0.34700503945350647,0.39692914485931396,0.2587139308452606,0.4056950509548187,0.2012805938720703,0.41173869371414185,0.1502375602722168,0.346763014793396,0.3411250412464142,0.3505156934261322,0.24515527486801147,0.354282408952713,0.1848987489938736,0.3577241003513336,0.13303032517433167,0.31707319617271423,0.3561686873435974,0.3132779896259308,0.26536014676094055,0.31389984488487244,0.20837479829788208,0.31610816717147827,0.15728969871997833,0.28821563720703125,0.389187753200531,0.2765223979949951,0.32105404138565063,0.2706286907196045,0.2753847539424896,0.26720425486564636,0.22959491610527039
0.34522420167922974,0.5771148800849915,0.38948822021484375,0.5347415208816528,0.4200148582458496,0.46703290939331055,0.43760183453559875,0.40020307898521423,0.4560190737247467,0.34772852063179016,0.37951987981796265,0.3476484417915344,0.39823096990585327,0.2602282166481018,0.4075135290622711,0.20331011712551117,0.41392332315444946,0.15273576974868774,0.3467578887939453,0.34018969535827637,0.35002401471138,0.24391792714595795,0.35402679443359375,0.18365895748138428,0.35746702551841736,0.13286711275577545,0.3164204955101013,0.355582058429718,0.3081415295600891,0.26379579305648804,0.30637243390083313,0.20535063743591309,0.30702924728393555,0.15354374051094055,0.28815028071403503,0.3906499743461609,0.26872819662094116,0.3266792297363281,0.25753676891326904,0.282216340303421,0.24975042045116425,0.23710818588733673
0.3439618647098541,0.5757962465286255,0.38869160413742065,0.5336930155754089,0.41922545433044434,0.4667477309703827,0.43685826659202576,0.3990147113800049,0.45510879158973694,0.3457320034503937,0.37848368287086487,0.34803831577301025,0.39755600690841675,0.2599419057369232,0.4066603183746338,0.20283907651901245,0.41251423954963684,0.15199202299118042,0.3448316752910614,0.340251624584198,0.34795084595680237,0.2431841343641281,0.35239723324775696,0.18219459056854248,0.35582074522972107,0.13006967306137085,0.314115971326828,0.3561711609363556,0.3030497133731842,0.267553448677063,0.29949960112571716,0.20939818024635315,0.2986261248588562,0.15706555545330048,0.2862907946109772,0.3915979862213135,0.2665458917617798,0.32915690541267395,0.2546084225177765,0.2852703332901001,0.24608542025089264,0.23995110392570496
0.34519892930984497,0.5766915082931519,0.3895502984523773,0.534630537033081,0.4190433621406555,0.4657386541366577,0.435788631439209,0.3979877829551697,0.45352914929389954,0.34598392248153687,0.37896084785461426,0.34694570302963257,0.39752820134162903,0.2591199278831482,0.40651682019233704,0.20229431986808777,0.41248005628585815,0.15224328637123108,0.34621310234069824,0.3398984670639038,0.34945085644721985,0.2422429472208023,0.352971613407135,0.18094441294670105,0.3557412922382355,0.12954029440879822,0.31613537669181824,0.3556385636329651,0.30755501985549927,0.2646319568157196,0.30509594082832336,0.20649021863937378,0.30497393012046814,0.15542148053646088,0.2882746756076813,0.39078718423843384,0.2693919539451599,0.3264744281768799,0.2587440013885498,0.2816270589828491,0.25164157152175903,0.23597459495067596
0.3451036512851715,0.5770407319068909,0.3884064853191376,0.5335708856582642,0.4177100360393524,0.4650718569755554,0.4336642622947693,0.39646050333976746,0.4507634937763214,0.34343835711479187,0.380789190530777,0.34748855233192444,0.39772355556488037,0.26005446910858154,0.40620797872543335,0.20308451354503632,0.4120943546295166,0.15274402499198914,0.3490011394023895,0.3409106135368347,0.35316288471221924,0.24276091158390045,0.35693907737731934,0.18008887767791748,0.3603040874004364,0.12623295187950134,0.3193245232105255,0.3560619056224823,0.31603947281837463,0.26474571228027344,0.31774798035621643,0.20681653916835785,0.3211314380168915,0.15538039803504944,0.29018256068229675,0.38926446437835693,0.2757088541984558,0.321603924036026,0.26808223128318787,0.2755601406097412,0.26315823197364807,0.2288179099559784
0.34416303038597107,0.5779353380203247,0.3896038830280304,0.5358321070671082,0.4197164475917816,0.4673103094100952,0.4362190365791321,0.3974936604499817,0.4542277455329895,0.345043808221817,0.3839838206768036,0.3498865067958832,0.4027189612388611,0.26315176486968994,0.41137075424194336,0.20574012398719788,0.41711652278900146,0.1544383466243744,0.35226526856422424,0.34193676710128784,0.358563631772995,0.2433844655752182,0.3631318509578705,0.1806047260761261,0.36667442321777344,0.12612730264663696,0.32267189025878906,0.35611191391944885,0.31973063945770264,0.26380109786987305,0.3208646774291992,0.20747078955173492,0.32355427742004395,0.15712663531303406,0.293353796005249,0.3879837691783905,0.28374922275543213,0.31774023175239563,0.2801509201526642,0.27032437920570374,0.27945011854171753,0.22244253754615784
0.3440384268760681,0.5773562788963318,0.38942381739616394,0.5368446707725525,0.42078450322151184,0.4702668786048889,0.4385710060596466,0.40297743678092957,0.45709994435310364,0.3512937128543854,0.38387784361839294,0.3511243462562561,0.4054565727710724,0.26423609256744385,0.4163198471069336,0.2064305990934372,0.42406895756721497,0.15474355220794678,0.3517982065677643,0.34310856461524963,0.35806804895401,0.24628356099128723,0.3627915680408478,0.18371495604515076,0.3666270673274994,0.12927982211112976,0.3219979703426361,0.3570326864719391,0.319955438375473,0.26648634672164917,0.32182776927948,0.20972564816474915,0.3249460458755493,0.15822596848011017,0.2929114103317261,0.3888733685016632,0.2830599248409271,0.32092562317848206,0.2785288691520691,0.2750812768936157,0.2764407992362976,0.22870200872421265
0.3428465723991394,0.5733031034469604,0.3888273537158966,0.5349469780921936,0.4213314354419708,0.4717530608177185,0.4406687319278717,0.405891478061676,0.45986872911453247,0.35368701815605164,0.38110896944999695,0.35081005096435547,0.4036259055137634,0.2633649408817291,0.4148367643356323,0.20626388490200043,0.42290037870407104,0.1555672287940979,0.3485986590385437,0.3421146273612976,0.3537368178367615,0.24419033527374268,0.3585468530654907,0.18269893527030945,0.36274680495262146,0.13057585060596466,0.3189610242843628,0.3554339110851288,0.3145560324192047,0.2668420672416687,0.31531035900115967,0.21108385920524597,0.31791719794273376,0.16149860620498657,0.291117399930954,0.38730117678642273,0.27834397554397583,0.3224479854106903,0.27146387100219727,0.2792481780052185,0.26695069670677185,0.23633694648742676
0.3443352282047272,0.5759696960449219,0.3883765637874603,0.5349643230438232,0.41849058866500854,0.4689050018787384,0.43925848603248596,0.40249040722846985,0.4603976011276245,0.3522725999355316,0.3798844814300537,0.3494429886341095,0.39961913228034973,0.2625366151332855,0.4094380736351013,0.20529738068580627,0.41618016362190247,0.15563711524009705,0.34621497988700867,0.34140047430992126,0.3485478460788727,0.24510398507118225,0.3525795638561249,0.1854492574930191,0.3560735285282135,0.13383693993091583,0.31560710072517395,0.3562900125980377,0.30590569972991943,0.2688204348087311,0.30395811796188354,0.21098150312900543,0.3044995963573456,0.15869459509849548,0.28793537616729736,0.39059358835220337,0.267965704202652,0.3290964961051941,0.25628983974456787,0.286155641078949,0.24794816970825195,0.24255046248435974
0.340290367603302,0.5756788849830627,0.3867185413837433,0.5337222218513489,0.4182150065898895,0.4670346677303314,0.4384317994117737,0.399273544549942,0.45940399169921875,0.3497670292854309,0.37701109051704407,0.3466833233833313,0.3940446972846985,0.258708655834198,0.4025369882583618,0.20368815958499908,0.4088292121887207,0.15547774732112885,0.34575366973876953,0.34122300148010254,0.35202556848526,0.24588263034820557,0.35555633902549744,0.18643444776535034,0.3592226207256317,0.1378687024116516,0.316836953163147,0.3558799624443054,0.3190092146396637,0.2663150131702423,0.3232104182243347,0.2122052013874054,0.3289353847503662,0.16541613638401031,0.28805011510849,0.38726580142974854,0.28602468967437744,0.3201756775379181,0.28883183002471924,0.27854788303375244,0.29441651701927185,0.23706509172916412
0.3400138318538666,0.5760701298713684,0.3867151439189911,0.5323992371559143,0.41771024465560913,0.463085412979126,0.4385037422180176,0.3956599235534668,0.45891624689102173,0.3472379446029663,0.37556418776512146,0.3432309627532959,0.38709455728530884,0.2545781135559082,0.3923209309577942,0.19802804291248322,0.39622974395751953,0.14880070090293884,0.34535932540893555,0.33858180046081543,0.35133811831474304,0.24398350715637207,0.35503995418548584,0.18438170850276947,0.3595582842826843,0.13492918014526367,0.31692540645599365,0.3536508083343506,0.3208942115306854,0.26258426904678345,0.3264685273170471,0.2084650844335556,0.3336595296859741,0.16187195479869843,0.2877464294433594,0.38438671827316284,0.28704264760017395,0.3166077136993408,0.2921585440635681,0.2740340530872345,0.3006865680217743,0.23204749822616577
0.3406946063041687,0.5752522945404053,0.38662391901016235,0.5321353673934937,0.41690003871917725,0.4638497531414032,0.4375797212123871,0.39564624428749084,0.4582039713859558,0.3442785441875458,0.37447357177734375,0.3409525156021118,0.3818172514438629,0.2513030767440796,0.38484296202659607,0.19509366154670715,0.3875488042831421,0.14656375348567963,0.34467655420303345,0.3381198048591614,0.35240650177001953,0.24268659949302673,0.3590918183326721,0.18390342593193054,0.36667516827583313,0.13662877678871155,0.3161262273788452,0.35429367423057556,0.31987303495407104,0.2615560293197632,0.32597601413726807,0.2087583690881729,0.3342391848564148,0.164588063955307,0.2870860695838928,0.38509678840637207,0.2869488000869751,0.31538817286491394,0.29195722937583923,0.273253858089447,0.30012407898902893,0.23204343020915985
0.3414357900619507,0.5761605501174927,0.3874010443687439,0.5312198400497437,0.41699060797691345,0.46128830313682556,0.4369347393512726,0.3936876952648163,0.45730769634246826,0.3430933356285095,0.37357619404792786,0.339261531829834,0.37906384468078613,0.25109928846359253,0.38110384345054626,0.19550655782222748,0.38284584879875183,0.14639665186405182,0.3444536626338959,0.3371460735797882,0.35230571031570435,0.2434293031692505,0.3590857982635498,0.1854311227798462,0.3666068911552429,0.13812153041362762,0.31641870737075806,0.35354283452033997,0.32003793120384216,0.26297855377197266,0.3256446123123169,0.21052470803260803,0.33351922035217285,0.16663801670074463,0.28745150566101074,0.3842911720275879,0.28706100583076477,0.31455716490745544,0.29189926385879517,0.27218157052993774,0.2999449372291565,0.23070120811462402
0.3423847258090973,0.5758125185966492,0.387918084859848,0.5307871103286743,0.4177708923816681,0.46124744415283203,0.43815943598747253,0.3932265043258667,0.45891574025154114,0.34328994154930115,0.37383416295051575,0.34151455760002136,0.3802187442779541,0.2514262795448303,0.38237062096595764,0.19561867415905,0.3839336633682251,0.14747412502765656,0.3438470959663391,0.33898547291755676,0.3493407964706421,0.24400551617145538,0.353789359331131,0.18613022565841675,0.35911205410957336,0.13928566873073578,0.3154975473880768,0.35544663667678833,0.31710150837898254,0.2633528709411621,0.3219392001628876,0.20909899473190308,0.3289830684661865,0.16314072906970978,0.2867591977119446,0.3869573473930359,0.2841112017631531,0.3168555200099945,0.2875823974609375,0.27338457107543945,0.2943663001060486,0.23059289157390594
0.34257134795188904,0.5743919610977173,0.387919545173645,0.5297443866729736,0.41716617345809937,0.45989760756492615,0.43742209672927856,0.39097732305526733,0.4581444561481476,0.33997684717178345,0.3723125755786896,0.33980509638786316,0.37745556235313416,0.2506495714187622,0.37895792722702026,0.19525375962257385,0.3798407316207886,0.14693787693977356,0.3426709771156311,0.33807113766670227,0.34874847531318665,0.24264711141586304,0.353695809841156,0.18448792397975922,0.35917797684669495,0.1375502347946167,0.31451615691185,0.3551832139492035,0.3155845105648041,0.26403582096099854,0.31977835297584534,0.21059294044971466,0.3261021673679352,0.16562588512897491,0.28588414192199707,0.386474072933197,0.2835446000099182,0.31672337651252747,0.28701677918434143,0.2740957736968994,0.2937607765197754,0.2320605218410492
0.34208840131759644,0.5742492079734802,0.38738101720809937,0.5284730195999146,0.4163089990615845,0.4575420618057251,0.43630027770996094,0.3884105086326599,0.4569911062717438,0.3384105861186981,0.371783584356308,0.3392132818698883,0.37633073329925537,0.2506638765335083,0.3774365484714508,0.19550438225269318,0.37785351276397705,0.1473780870437622,0.3422076106071472,0.3377804160118103,0.34777355194091797,0.24194179475307465,0.35201296210289,0.182231605052948,0.35689428448677063,0.13327422738075256,0.3140008747577667,0.3552277088165283,0.31456321477890015,0.26442617177963257,0.3186272084712982,0.21138723194599152,0.32493266463279724,0.16660653054714203,0.28502213954925537,0.3871150612831116,0.28255438804626465,0.3183650076389313,0.2857950031757355,0.27622443437576294,0.292197585105896,0.234577476978302
0.34061798453330994,0.5757799744606018,0.3843657970428467,0.5274122357368469,0.4140675663948059,0.4546898603439331,0.4344194829463959,0.38275015354156494,0.4538787007331848,0.3296193778514862,0.36829301714897156,0.33886614441871643,0.373601496219635,0.2506849467754364,0.3751322329044342,0.1965983510017395,0.37601596117019653,0.14944833517074585,0.33875253796577454,0.3380235731601715,0.3435773551464081,0.2473880648612976,0.34740757942199707,0.19367365539073944,0.35223156213760376,0.15041176974773407,0.3109164237976074,0.35464030504226685,0.31168612837791443,0.26771658658981323,0.3150750994682312,0.2157856673002243,0.3205271363258362,0.1721121221780777,0.2825399339199066,0.3855343461036682,0.27974581718444824,0.3180214762687683,0.2822720408439636,0.27738577127456665,0.28778141736984253,0.23755410313606262
