0.3353549838066101,0.43940240144729614,0.35613200068473816,0.352043479681015,0.388541042804718,0.2653366029262543,0.4071391820907593,0.19521453976631165,0.40702536702156067,0.13100531697273254,0.43859103322029114,0.26051637530326843,0.48348385095596313,0.3409251570701599,0.4681222438812256,0.3655391335487366,0.4513101577758789,0.36055949330329895,0.4451400339603424,0.3068386912345886,0.4819614887237549,0.3899424076080322,0.46215999126434326,0.4083525538444519,0.44422677159309387,0.4018893837928772,0.44539469480514526,0.3644385039806366,0.47272416949272156,0.4391360878944397,0.451394647359848,0.44851982593536377,0.43428969383239746,0.4348195791244507,0.44364771246910095,0.42604249715805054,0.45390331745147705,0.4807024896144867,0.4324326813220978,0.4848642945289612,0.4182068109512329,0.46884942054748535
0.3382413685321808,0.454421728849411,0.3565486669540405,0.36826828122138977,0.3894548714160919,0.284468412399292,0.40939825773239136,0.21615366637706757,0.41078442335128784,0.1543647050857544,0.4413447678089142,0.27765321731567383,0.48724764585494995,0.35825690627098083,0.4700906574726105,0.3796650171279907,0.45131102204322815,0.37098973989486694,0.4461614489555359,0.3244889974594116,0.4826716184616089,0.4087703227996826,0.4611559212207794,0.42305105924606323,0.44249898195266724,0.4112469255924225,0.4453132748603821,0.3818991482257843,0.47336211800575256,0.45699402689933777,0.45095106959342957,0.4635987877845764,0.4334903359413147,0.44718095660209656,0.4428277015686035,0.4427216053009033,0.4566187262535095,0.4975888133049011,0.4340347945690155,0.501563310623169,0.41899070143699646,0.48598307371139526
0.33860915899276733,0.4524318277835846,0.35541051626205444,0.36760348081588745,0.38776537775993347,0.28610217571258545,0.4081607460975647,0.21930289268493652,0.40972959995269775,0.1576543152332306,0.4393722712993622,0.2792888879776001,0.484158456325531,0.36398962140083313,0.4666188359260559,0.3866063356399536,0.4494306147098541,0.3794391453266144,0.44383835792541504,0.32182443141937256,0.48259830474853516,0.4128696620464325,0.45976656675338745,0.4293152689933777,0.44132038950920105,0.4218965470790863,0.44263455271720886,0.3757505416870117,0.4711288809776306,0.4591650366783142,0.4477517604827881,0.46684515476226807,0.43182411789894104,0.4523020386695862,0.44009771943092346,0.43503543734550476,0.4516306221485138,0.4986094832420349,0.42961397767066956,0.5036064386367798,0.41700223088264465,0.48771387338638306
0.33286139369010925,0.45357540249824524,0.35040876269340515,0.3703147768974304,0.3822617530822754,0.2901815176010132,0.4018554985523224,0.22377488017082214,0.40253230929374695,0.1621771901845932,0.4351268410682678,0.28350913524627686,0.48310309648513794,0.3661276698112488,0.4660930931568146,0.38908520340919495,0.4478954076766968,0.3825306296348572,0.4379376173019409,0.3305126130580902,0.4763416349887848,0.4187857210636139,0.4537861943244934,0.43311676383018494,0.4357251822948456,0.42256981134414673,0.43553802371025085,0.3877410888671875,0.4623068869113922,0.4662700295448303,0.4400081932544708,0.47087496519088745,0.42392536997795105,0.45455145835876465,0.4319852888584137,0.447467178106308,0.44499093294143677,0.5029462575912476,0.42410871386528015,0.5063459873199463,0.410774827003479,0.49117568135261536
0.3279602527618408,0.4610920548439026,0.34409594535827637,0.37774571776390076,0.3756181597709656,0.2966904044151306,0.39515212178230286,0.23078255355358124,0.39573442935943604,0.16846181452274323,0.4285665452480316,0.29368120431900024,0.47193893790245056,0.3789110779762268,0.4518097937107086,0.3968288004398346,0.43302208185195923,0.3851511776447296,0.4324455261230469,0.3403780460357666,0.46727994084358215,0.42646509408950806,0.4431234896183014,0.43708574771881104,0.4246438443660736,0.4257320165634155,0.43066346645355225,0.3965905010700226,0.45524197816848755,0.4730013310909271,0.4327957332134247,0.4762589633464813,0.41649094223976135,0.46028682589530945,0.4274553656578064,0.45476922392845154,0.4394305944442749,0.5087728500366211,0.41786307096481323,0.5107938647270203,0.40402624011039734,0.4947056770324707
0.3220784068107605,0.46504518389701843,0.33968472480773926,0.383079469203949,0.3714315891265869,0.3017868995666504,0.390686571598053,0.23498152196407318,0.3907923698425293,0.17179764807224274,0.4225699305534363,0.2955915927886963,0.4641425311565399,0.38061875104904175,0.44280219078063965,0.39921626448631287,0.42417117953300476,0.3878234624862671,0.4270075261592865,0.3395546078681946,0.46103376150131226,0.4271109700202942,0.4365116357803345,0.43985527753829956,0.41802316904067993,0.4300851821899414,0.4256815016269684,0.39431679248809814,0.45045289397239685,0.4741438925266266,0.4277716279029846,0.48008599877357483,0.41163259744644165,0.46543341875076294,0.42290425300598145,0.4519732594490051,0.43349912762641907,0.5112385749816895,0.41170695424079895,0.5138490796089172,0.3983171582221985,0.4971255362033844
0.31590884923934937,0.46213409304618835,0.3344559967517853,0.3774374723434448,0.36704063415527344,0.29725396633148193,0.38703182339668274,0.23107923567295074,0.3875918388366699,0.16833892464637756,0.4179564416408539,0.29578882455825806,0.4589202105998993,0.3787117004394531,0.43746039271354675,0.39585888385772705,0.4184792935848236,0.3839799165725708,0.42239823937416077,0.3434189260005951,0.45579954981803894,0.42645037174224854,0.4312075674533844,0.4375995099544525,0.4126620888710022,0.4271380305290222,0.4211956858634949,0.40092596411705017,0.44504889845848083,0.47433382272720337,0.42249345779418945,0.4793336093425751,0.406223863363266,0.46497848629951477,0.4182516634464264,0.4599011540412903,0.4293098747730255,0.5109517574310303,0.40752971172332764,0.512684166431427,0.3939511179924011,0.4971458911895752
0.31502220034599304,0.46231234073638916,0.3336491882801056,0.3753095865249634,0.36545437574386597,0.2950580418109894,0.38658323884010315,0.22874286770820618,0.3884783685207367,0.16588661074638367,0.4193391501903534,0.2941978871822357,0.45835283398628235,0.37582290172576904,0.4367789030075073,0.39476242661476135,0.41792333126068115,0.3845405578613281,0.4246211051940918,0.3431946635246277,0.45484524965286255,0.4247083067893982,0.4309466779232025,0.43744713068008423,0.4125813841819763,0.4292372167110443,0.4230671525001526,0.4026689827442169,0.44469887018203735,0.47263050079345703,0.42299768328666687,0.47895121574401855,0.4059252440929413,0.4674221873283386,0.4194101393222809,0.4626387059688568,0.4293290972709656,0.5096003413200378,0.4084205627441406,0.5120428800582886,0.39429938793182373,0.49877744913101196
0.31504231691360474,0.465890109539032,0.3333984613418579,0.3770168423652649,0.3657699227333069,0.2979179918766022,0.387607216835022,0.23218795657157898,0.38975274562835693,0.16940143704414368,0.4207644462585449,0.30007627606391907,0.4592811167240143,0.38141927123069763,0.43839800357818604,0.40315020084381104,0.4194629192352295,0.394599050283432,0.426949143409729,0.34797778725624084,0.45500636100769043,0.4295087456703186,0.43196749687194824,0.44448739290237427,0.4140014946460724,0.43694594502449036,0.4260580539703369,0.4065624177455902,0.4444926977157593,0.4765978157520294,0.4234270751476288,0.48432156443595886,0.40704792737960815,0.47260239720344543,0.42267993092536926,0.4656047821044922,0.43029165267944336,0.5136465430259705,0.4098060131072998,0.5167779326438904,0.3962002992630005,0.5030097365379333
0.31892162561416626,0.463123083114624,0.3367517590522766,0.37528860569000244,0.3682374060153961,0.29539692401885986,0.3892382085323334,0.22802460193634033,0.39152851700782776,0.16496959328651428,0.42336738109588623,0.2976077198982239,0.4625168442726135,0.37945351004600525,0.4413478672504425,0.3999283015727997,0.4224521517753601,0.39205020666122437,0.42952460050582886,0.34574437141418457,0.4588595926761627,0.4278770387172699,0.4343731999397278,0.4408684968948364,0.41556647419929504,0.4338042140007019,0.428595632314682,0.40416768193244934,0.44904637336730957,0.47558116912841797,0.4263182580471039,0.481539785861969,0.4093817472457886,0.4706883728504181,0.42558303475379944,0.46361953020095825,0.4323914349079132,0.5127224326133728,0.4108377993106842,0.5157485604286194,0.39744246006011963,0.5033013224601746
0.319273442029953,0.4589960277080536,0.33925336599349976,0.3724181354045868,0.37133678793907166,0.291791170835495,0.39152178168296814,0.2242576777935028,0.39295172691345215,0.15995921194553375,0.42539533972740173,0.2952865660190582,0.4634642004966736,0.37923216819763184,0.44222575426101685,0.39750996232032776,0.42296624183654785,0.38687920570373535,0.4305778443813324,0.34700578451156616,0.4602324962615967,0.4281237721443176,0.4362618327140808,0.43912193179130554,0.416799396276474,0.42941731214523315,0.4291251301765442,0.40751245617866516,0.4501262605190277,0.4757469892501831,0.42814725637435913,0.4800940752029419,0.4103667736053467,0.4673917889595032,0.42546597123146057,0.46721938252449036,0.43257880210876465,0.5111508369445801,0.4118911027908325,0.5134017467498779,0.3981422781944275,0.5008873343467712
0.3181801438331604,0.4532840847969055,0.33824682235717773,0.3659842014312744,0.3697601556777954,0.2856558859348297,0.3893277049064636,0.21839436888694763,0.39025023579597473,0.1546880602836609,0.42434367537498474,0.2928367257118225,0.46258020401000977,0.374581903219223,0.440868616104126,0.3912847638130188,0.4216964542865753,0.3796004354953766,0.4292985200881958,0.3461892008781433,0.45877790451049805,0.4237610101699829,0.43500086665153503,0.434248149394989,0.41585713624954224,0.4252925515174866,0.4274542033672333,0.4072422683238983,0.44814908504486084,0.4722054600715637,0.42683351039886475,0.47684431076049805,0.4096740484237671,0.46483394503593445,0.4232643246650696,0.46622705459594727,0.4316750764846802,0.5094142556190491,0.41119304299354553,0.5111173987388611,0.3975657820701599,0.49808269739151
0.31664028763771057,0.45809024572372437,0.3375968635082245,0.3725058436393738,0.3699207007884979,0.2921081781387329,0.3893752694129944,0.22483384609222412,0.39026743173599243,0.16136527061462402,0.4246000051498413,0.29681941866874695,0.4650775194168091,0.3786427080631256,0.44343864917755127,0.39576324820518494,0.4237402081489563,0.38429221510887146,0.4289981424808502,0.35053277015686035,0.45992928743362427,0.42956966161727905,0.43556347489356995,0.4395548403263092,0.4158843755722046,0.4285370707511902,0.42661502957344055,0.41241514682769775,0.44832366704940796,0.47760769724845886,0.4260469973087311,0.4817502498626709,0.408433198928833,0.4684591293334961,0.42174145579338074,0.4724271893501282,0.4312926232814789,0.5137611031532288,0.4103091061115265,0.5149503946304321,0.3963015675544739,0.5018386244773865
0.31326058506965637,0.46368706226348877,0.3343581259250641,0.3762512803077698,0.3664390742778778,0.29379332065582275,0.3858559727668762,0.2250242531299591,0.38715875148773193,0.16163408756256104,0.4191742539405823,0.2946387827396393,0.46241238713264465,0.3764210343360901,0.4400539696216583,0.39402735233306885,0.4197999835014343,0.382219135761261,0.4231051206588745,0.34763795137405396,0.4572694003582001,0.42901068925857544,0.4323989152908325,0.440050333738327,0.41279709339141846,0.4297502934932709,0.42083272337913513,0.4097902476787567,0.4462507665157318,0.4791873097419739,0.4233890175819397,0.4836985170841217,0.40550491213798523,0.47067639231681824,0.41698384284973145,0.4716297686100006,0.42868995666503906,0.5167431831359863,0.4076178967952728,0.5185328722000122,0.39395779371261597,0.5057320594787598
0.3122308850288391,0.45917871594429016,0.33091720938682556,0.3743467628955841,0.36389151215553284,0.2924920916557312,0.38420501351356506,0.22421859204769135,0.38500547409057617,0.16006146371364594,0.41413357853889465,0.29217252135276794,0.45969176292419434,0.37554654479026794,0.4379481375217438,0.39058738946914673,0.41816627979278564,0.3762402832508087,0.41722264885902405,0.34214136004447937,0.4546937346458435,0.4251118302345276,0.4301217198371887,0.43382182717323303,0.41075563430786133,0.42176780104637146,0.4150134027004242,0.4020642042160034,0.4433729946613312,0.47405505180358887,0.4209609627723694,0.4768422245979309,0.4038442075252533,0.4619504511356354,0.4116411507129669,0.4623350203037262,0.4271891117095947,0.5118498802185059,0.40582209825515747,0.5124019384384155,0.39186275005340576,0.49700942635536194
0.3118720054626465,0.458081990480423,0.3298843502998352,0.37501826882362366,0.36296752095222473,0.29295429587364197,0.38283106684684753,0.22287115454673767,0.38304024934768677,0.15769553184509277,0.411988228559494,0.2870631217956543,0.4592646360397339,0.3684629797935486,0.4370928704738617,0.383953332901001,0.4175203740596771,0.3693738281726837,0.41400110721588135,0.33482593297958374,0.4539039433002472,0.416949599981308,0.429378867149353,0.42626339197158813,0.4108036756515503,0.41370806097984314,0.41129836440086365,0.3943749964237213,0.4421447813510895,0.46649467945098877,0.41997209191322327,0.46974706649780273,0.40375861525535583,0.4539022743701935,0.40805867314338684,0.4561901092529297,0.4275706708431244,0.5068831443786621,0.4067228436470032,0.5079063177108765,0.39280441403388977,0.49174022674560547
0.3136753439903259,0.46528056263923645,0.33120185136795044,0.3811153173446655,0.36440327763557434,0.2981625199317932,0.3830595314502716,0.22768346965312958,0.3821181058883667,0.1624729186296463,0.41066354513168335,0.29025083780288696,0.4604273736476898,0.3699548542499542,0.438568115234375,0.38586747646331787,0.418429970741272,0.3721718490123749,0.41240692138671875,0.3361286520957947,0.45421215891838074,0.4180253744125366,0.42970195412635803,0.42788222432136536,0.41131532192230225,0.41552427411079407,0.40975555777549744,0.3939896821975708,0.4436672031879425,0.467818945646286,0.4211392104625702,0.4711584448814392,0.4048217833042145,0.45467624068260193,0.4069220721721649,0.45438429713249207,0.42952990531921387,0.5076465010643005,0.40805017948150635,0.5090848207473755,0.39342430233955383,0.49202513694763184
0.31622394919395447,0.4681192636489868,0.33282819390296936,0.38404935598373413,0.36588600277900696,0.29843977093696594,0.38381001353263855,0.22779279947280884,0.3819986581802368,0.1634576916694641,0.4112563729286194,0.2898731827735901,0.4620473384857178,0.3682955801486969,0.4400991201400757,0.3830644190311432,0.4200156629085541,0.3667393624782562,0.41248267889022827,0.335576593875885,0.45614752173423767,0.41658473014831543,0.4321270287036896,0.42552390694618225,0.41371652483940125,0.4111870229244232,0.40958407521247864,0.39314398169517517,0.4450663924217224,0.46574151515960693,0.4230397939682007,0.46915721893310547,0.40663406252861023,0.4519871473312378,0.40649551153182983,0.4533146619796753,0.42985132336616516,0.5054992437362671,0.40860801935195923,0.506811261177063,0.39375999569892883,0.48942163586616516
0.3171541690826416,0.4684055745601654,0.3338359296321869,0.3864258825778961,0.36664965748786926,0.3013969361782074,0.3837989270687103,0.23063723742961884,0.3814665973186493,0.1672259420156479,0.4100080728530884,0.2901385426521301,0.46210700273513794,0.3661686182022095,0.4410039186477661,0.3808196783065796,0.4207378327846527,0.36530598998069763,0.41159021854400635,0.3355765640735626,0.4559474289417267,0.4153943657875061,0.4327775239944458,0.4247566759586334,0.41492265462875366,0.41104641556739807,0.4091495871543884,0.3929585814476013,0.4457351863384247,0.4655790627002716,0.42427778244018555,0.4692135751247406,0.4082069396972656,0.4518442749977112,0.40630272030830383,0.4528801739215851,0.4305194914340973,0.5071939826011658,0.40986189246177673,0.5094918012619019,0.39519044756889343,0.492471843957901
0.32140451669692993,0.479021817445755,0.33779534697532654,0.3961133062839508,0.3705710768699646,0.3080989718437195,0.3872045576572418,0.2358434647321701,0.3837354779243469,0.17161916196346283,0.41211462020874023,0.29528552293777466,0.46477749943733215,0.3697071075439453,0.4436115324497223,0.3842201828956604,0.4234241843223572,0.3678836524486542,0.41354772448539734,0.34092220664024353,0.4594419598579407,0.4194633364677429,0.4357372522354126,0.4292725920677185,0.41720137000083923,0.4149074852466583,0.4114028215408325,0.3985462784767151,0.4509791433811188,0.46975377202033997,0.42883723974227905,0.4737151861190796,0.4115321636199951,0.45602157711982727,0.40896493196487427,0.45880475640296936,0.4359634518623352,0.5107854008674622,0.4150109887123108,0.5126283168792725,0.39913681149482727,0.4953518807888031
0.3295242190361023,0.4808598756790161,0.3458973467350006,0.399810254573822,0.3797343075275421,0.3104548454284668,0.3929005265235901,0.237070232629776,0.38763663172721863,0.1730344146490097,0.4148435890674591,0.2970973253250122,0.4685901701450348,0.37143567204475403,0.4481598138809204,0.3839537501335144,0.42870914936065674,0.363748162984848,0.4131135940551758,0.3403935134410858,0.4628213047981262,0.4183323085308075,0.4402579665184021,0.42711836099624634,0.4228845238685608,0.41026538610458374,0.4094858467578888,0.3952924907207489,0.4554256200790405,0.4662100076675415,0.4334213137626648,0.4709872901439667,0.41613534092903137,0.45288118720054626,0.4061688482761383,0.4533982574939728,0.4407742917537689,0.5071135759353638,0.4202420711517334,0.5097669363021851,0.40334227681159973,0.49282291531562805
0.3370952904224396,0.47536641359329224,0.35255739092826843,0.39719048142433167,0.38640114665031433,0.30699804425239563,0.39877328276634216,0.23505684733390808,0.3940080404281616,0.1719263643026352,0.4159315526485443,0.2951032817363739,0.47463259100914,0.3699434995651245,0.4557686150074005,0.3851747512817383,0.43681949377059937,0.3661631643772125,0.4120044410228729,0.3361304998397827,0.4670213758945465,0.41736656427383423,0.44530215859413147,0.4274558126926422,0.4282468557357788,0.4090619683265686,0.40691396594047546,0.3890689015388489,0.4590590000152588,0.46224045753479004,0.4376447796821594,0.46757516264915466,0.42058467864990234,0.4487127959728241,0.4032009243965149,0.4457564353942871,0.44255542755126953,0.5003544688224792,0.42370346188545227,0.5025708675384521,0.4071885049343109,0.4853535294532776
0.3489207923412323,0.46756038069725037,0.36226406693458557,0.3883899450302124,0.3950771391391754,0.2978042960166931,0.40700891613960266,0.22556953132152557,0.4003467559814453,0.16282841563224792,0.42596274614334106,0.2848068177700043,0.4842379689216614,0.35752344131469727,0.46501100063323975,0.3746320307254791,0.4454149305820465,0.35860005021095276,0.4237686097621918,0.32545167207717896,0.4760606288909912,0.4036506712436676,0.45406514406204224,0.41699638962745667,0.43729788064956665,0.40186724066734314,0.42069169878959656,0.3788014054298401,0.46961623430252075,0.45002493262290955,0.4477930963039398,0.4568629264831543,0.43095844984054565,0.4387977719306946,0.4189797639846802,0.43561890721321106,0.45397067070007324,0.48972174525260925,0.4349381923675537,0.49485087394714355,0.42020031809806824,0.47901609539985657
0.3545815050601959,0.47339460253715515,0.3656689524650574,0.39161574840545654,0.39735475182533264,0.29717564582824707,0.408405601978302,0.22387149930000305,0.40059757232666016,0.1621590107679367,0.42710137367248535,0.2788074016571045,0.4868946969509125,0.3476697504520416,0.468594491481781,0.3666718900203705,0.4490906298160553,0.35075557231903076,0.42520201206207275,0.32039836049079895,0.4809609651565552,0.3958456218242645,0.4593062698841095,0.4113176167011261,0.44204041361808777,0.39668717980384827,0.42262721061706543,0.37521734833717346,0.4759005010128021,0.4421529471874237,0.45446568727493286,0.4521560072898865,0.4368847608566284,0.4358496069908142,0.4216643273830414,0.43352803587913513,0.46167415380477905,0.4847727417945862,0.44271910190582275,0.4918833076953888,0.4264094829559326,0.47700005769729614
0.3556087911128998,0.47513875365257263,0.3664969801902771,0.39265361428260803,0.39768752455711365,0.29835045337677,0.40897396206855774,0.22454656660556793,0.4009436070919037,0.16306793689727783,0.4279860556125641,0.2808372974395752,0.48805496096611023,0.34626519680023193,0.46926239132881165,0.36562004685401917,0.4495088756084442,0.3512427508831024,0.4262390732765198,0.32160818576812744,0.4811914563179016,0.3958262801170349,0.459215372800827,0.41094034910202026,0.44224730134010315,0.39689940214157104,0.42385873198509216,0.37612539529800415,0.47637879848480225,0.44325339794158936,0.4550020694732666,0.4522791802883148,0.43773412704467773,0.4356723427772522,0.42359352111816406,0.43409964442253113,0.46271416544914246,0.4858280420303345,0.44378960132598877,0.4921835660934448,0.42790669202804565,0.4762725532054901
0.3523491621017456,0.47741588950157166,0.36379289627075195,0.3960590064525604,0.39467760920524597,0.3026779890060425,0.4058290123939514,0.22774934768676758,0.3975261151790619,0.16583777964115143,0.42527082562446594,0.28515782952308655,0.486214280128479,0.34907424449920654,0.4677480161190033,0.3690989315509796,0.4483322501182556,0.35494357347488403,0.4230020344257355,0.32547125220298767,0.47872394323349,0.39850714802742004,0.4564267694950104,0.41412675380706787,0.4396296441555023,0.40002304315567017,0.41991108655929565,0.37967032194137573,0.47243180871009827,0.4460086524486542,0.45077136158943176,0.4552992880344391,0.4341471195220947,0.4386488199234009,0.4189597964286804,0.43764594197273254,0.45796602964401245,0.4897523522377014,0.43926873803138733,0.49665403366088867,0.42428842186927795,0.4810187518596649
0.3491359055042267,0.47774749994277954,0.3616291880607605,0.39623919129371643,0.3926270008087158,0.304356187582016,0.40401172637939453,0.23060275614261627,0.39679834246635437,0.16826780140399933,0.42402371764183044,0.2874643802642822,0.4834722876548767,0.35222259163856506,0.46435171365737915,0.37050288915634155,0.4446462094783783,0.355526864528656,0.4222728908061981,0.32931697368621826,0.47605690360069275,0.4022772014141083,0.45380035042762756,0.4163700044155121,0.43729841709136963,0.40170085430145264,0.4195862114429474,0.3839057385921478,0.47016456723213196,0.44944220781326294,0.4482417106628418,0.4583866596221924,0.43165650963783264,0.44192028045654297,0.4189174175262451,0.44181448221206665,0.4557826519012451,0.49259138107299805,0.4361979365348816,0.49956730008125305,0.42093443870544434,0.4839106798171997
0.34743356704711914,0.47489359974861145,0.3592569828033447,0.39387762546539307,0.39044350385665894,0.30171406269073486,0.4019433557987213,0.22857655584812164,0.39486098289489746,0.1668543964624405,0.42092543840408325,0.28814882040023804,0.4793654680252075,0.35402774810791016,0.4613437354564667,0.36998939514160156,0.4421696960926056,0.3535340428352356,0.41998031735420227,0.32979896664619446,0.47379952669143677,0.4034023880958557,0.45227235555648804,0.41513749957084656,0.4346904158592224,0.3998337686061859,0.41798147559165955,0.3836619257926941,0.46798914670944214,0.4507354497909546,0.44638538360595703,0.4570404291152954,0.429100900888443,0.4395796060562134,0.4174574911594391,0.44118326902389526,0.45226168632507324,0.4942852854728699,0.4330030381679535,0.49943679571151733,0.4180006682872772,0.48297470808029175
0.3445226550102234,0.47106701135635376,0.3570377230644226,0.3916577696800232,0.3886549472808838,0.30072134733200073,0.4012717604637146,0.22806376218795776,0.3952355980873108,0.16548091173171997,0.42238321900367737,0.2884102463722229,0.4799700081348419,0.36104676127433777,0.4607613682746887,0.3775627315044403,0.44067999720573425,0.3619304597377777,0.4222203493118286,0.3299529552459717,0.47319063544273376,0.4078286588191986,0.4511454999446869,0.42050865292549133,0.43337398767471313,0.40692567825317383,0.42015498876571655,0.3838145434856415,0.4664174020290375,0.453934907913208,0.4447678327560425,0.4606253206729889,0.427815705537796,0.44383716583251953,0.4192952513694763,0.4411952495574951,0.4511827528476715,0.4955340623855591,0.4313936233520508,0.5010194778442383,0.4166664779186249,0.4855968952178955
0.34458085894584656,0.4703834056854248,0.3580889105796814,0.3897024989128113,0.3885883092880249,0.30331310629844666,0.40357375144958496,0.2323152869939804,0.3995932936668396,0.16988907754421234,0.42804718017578125,0.29051387310028076,0.48315438628196716,0.36332401633262634,0.4635144770145416,0.37927520275115967,0.4438819885253906,0.3636379837989807,0.4295896887779236,0.3327244520187378,0.47697189450263977,0.4106469750404358,0.45437273383140564,0.4212495982646942,0.4364798963069916,0.4075036942958832,0.4279463291168213,0.38705962896347046,0.4671689569950104,0.4581610858440399,0.44545820355415344,0.4638252258300781,0.42995330691337585,0.44674181938171387,0.42667290568351746,0.4447796940803528,0.4522947669029236,0.5018877983093262,0.43200618028640747,0.506358802318573,0.4185582995414734,0.4894872307777405
0.34809693694114685,0.4901135563850403,0.3617638349533081,0.4073048532009125,0.39182865619659424,0.3292597234249115,0.4162563681602478,0.26989471912384033,0.43201732635498047,0.22353509068489075,0.4233643412590027,0.3025093674659729,0.4827745258808136,0.3552858531475067,0.46891874074935913,0.3771197199821472,0.4498715400695801,0.37227457761764526,0.42500579357147217,0.34106960892677307,0.481082022190094,0.40110456943511963,0.46205049753189087,0.42044317722320557,0.4437108635902405,0.41413068771362305,0.42463451623916626,0.39261317253112793,0.4768078327178955,0.447366327047348,0.45656949281692505,0.4603103995323181,0.43774789571762085,0.4490981101989746,0.4241254925727844,0.4480246305465698,0.46384650468826294,0.4920366406440735,0.44461145997047424,0.5018713474273682,0.4265720844268799,0.48784565925598145
0.348723441362381,0.5028430223464966,0.35702550411224365,0.42073649168014526,0.381784588098526,0.336402028799057,0.40216225385665894,0.2728610634803772,0.4163717031478882,0.2261670082807541,0.4134133756160736,0.3063056468963623,0.4718211889266968,0.35764384269714355,0.45591995120048523,0.37916329503059387,0.43593302369117737,0.37223127484321594,0.41791611909866333,0.34405869245529175,0.47512897849082947,0.40009182691574097,0.45592090487480164,0.4199022054672241,0.4376589357852936,0.4135791063308716,0.4203020930290222,0.3940029442310333,0.47157394886016846,0.4466351270675659,0.45173048973083496,0.46227726340293884,0.4333702325820923,0.4516493082046509,0.42295899987220764,0.44870510697364807,0.4594501852989197,0.49267128109931946,0.44023165106773376,0.5042626857757568,0.4228852689266205,0.49018537998199463
0.3495951294898987,0.5076822638511658,0.3572978973388672,0.4253104031085968,0.3802551329135895,0.3405866026878357,0.40035200119018555,0.2762443423271179,0.41351261734962463,0.22843751311302185,0.41287901997566223,0.31248944997787476,0.46913257241249084,0.36232900619506836,0.4526144862174988,0.38602444529533386,0.4333149492740631,0.37935957312583923,0.419010192155838,0.35087183117866516,0.47363004088401794,0.40575090050697327,0.4541010558605194,0.42651525139808655,0.4357868432998657,0.420547753572464,0.4228758215904236,0.40055668354034424,0.47124794125556946,0.45209619402885437,0.450898677110672,0.46740883588790894,0.43223968148231506,0.45666149258613586,0.4267677068710327,0.4540458023548126,0.45894333720207214,0.498333215713501,0.4395141303539276,0.5100232362747192,0.4227164089679718,0.4960011839866638
0.3499513864517212,0.5085479617118835,0.3552669882774353,0.4286646842956543,0.37757036089897156,0.34113845229148865,0.39715656638145447,0.2765556573867798,0.4114322066307068,0.23041298985481262,0.41290128231048584,0.31446248292922974,0.46860238909721375,0.36786091327667236,0.4513099789619446,0.3882032632827759,0.43186724185943604,0.37801435589790344,0.41833165287971497,0.3533967137336731,0.4717032015323639,0.4104912281036377,0.45202237367630005,0.42821529507637024,0.4341261386871338,0.4196634888648987,0.42119431495666504,0.4033694267272949,0.4684513509273529,0.4566079378128052,0.4484478533267975,0.47029685974121094,0.4303436577320099,0.4583031237125397,0.4243851900100708,0.45751628279685974,0.4578254520893097,0.5017081499099731,0.43877267837524414,0.5128392577171326,0.4217674434185028,0.49922704696655273
0.3468492925167084,0.5084578990936279,0.3531911075115204,0.4281640946865082,0.3753315210342407,0.3413905203342438,0.3942161798477173,0.27564430236816406,0.4067414104938507,0.22714351117610931,0.40825703740119934,0.3133973181247711,0.4654238820075989,0.36756059527397156,0.44846218824386597,0.3909221589565277,0.42906418442726135,0.3818914592266083,0.41443052887916565,0.3521377444267273,0.46830400824546814,0.41097235679626465,0.44832155108451843,0.43150416016578674,0.43054383993148804,0.42382097244262695,0.4182172417640686,0.4025627672672272,0.46558451652526855,0.4583117365837097,0.44546592235565186,0.47368451952934265,0.42745667695999146,0.46128201484680176,0.4223006069660187,0.456759512424469,0.4536687731742859,0.505119264125824,0.43433064222335815,0.516411542892456,0.418032169342041,0.5007877945899963
0.3375868797302246,0.5007727146148682,0.3446643352508545,0.4192434847354889,0.36903882026672363,0.33135196566581726,0.38615113496780396,0.26418545842170715,0.38959425687789917,0.208549365401268,0.3988547921180725,0.3057821989059448,0.4569000005722046,0.36237671971321106,0.44084540009498596,0.38443008065223694,0.42097997665405273,0.37372875213623047,0.40278521180152893,0.34377771615982056,0.4595399796962738,0.40303581953048706,0.4405651390552521,0.4231101870536804,0.42227813601493835,0.4145738184452057,0.40505045652389526,0.39334413409233093,0.4564336836338043,0.44849443435668945,0.43745604157447815,0.46382007002830505,0.4190949499607086,0.45225292444229126,0.4083510637283325,0.44663748145103455,0.44525718688964844,0.49119192361831665,0.42720383405685425,0.5019741654396057,0.4101431667804718,0.48833557963371277
0.335305392742157,0.4843795895576477,0.34774672985076904,0.40510058403015137,0.3777367174625397,0.31566840410232544,0.39286261796951294,0.24482153356075287,0.38979411125183105,0.18501968681812286,0.4117773771286011,0.2984235882759094,0.46397003531455994,0.3651899993419647,0.4444630444049835,0.3808850049972534,0.42495736479759216,0.3640083372592926,0.4142414927482605,0.34020769596099854,0.46366655826568604,0.40856456756591797,0.4420778155326843,0.4211065173149109,0.42429161071777344,0.40936771035194397,0.4139869809150696,0.39271479845046997,0.4586734175682068,0.45545661449432373,0.43797925114631653,0.4628928601741791,0.42061647772789,0.44847968220710754,0.41408422589302063,0.4485189914703369,0.4465835988521576,0.49670732021331787,0.4268597364425659,0.5013439059257507,0.4103294014930725,0.4862862825393677
0.34184151887893677,0.46457338333129883,0.35484641790390015,0.37675464153289795,0.38156577944755554,0.2905290722846985,0.3973637521266937,0.22105242311954498,0.39641568064689636,0.1597086489200592,0.4350507855415344,0.28460395336151123,0.4856821596622467,0.35740765929222107,0.46628624200820923,0.3758813440799713,0.44648733735084534,0.3647533059120178,0.4404965341091156,0.33171460032463074,0.481694757938385,0.4052465260028839,0.45801687240600586,0.41673508286476135,0.4384399652481079,0.4048367440700531,0.4410940408706665,0.3893832564353943,0.47483834624290466,0.45086565613746643,0.4524501860141754,0.4575015604496002,0.43478158116340637,0.44453853368759155,0.4404143691062927,0.44940677285194397,0.4603941738605499,0.4901496469974518,0.43959736824035645,0.495225727558136,0.4251542389392853,0.4828450679779053
0.35329145193099976,0.45152607560157776,0.37505877017974854,0.3730127215385437,0.40115267038345337,0.296962708234787,0.4184166491031647,0.22980816662311554,0.42037448287010193,0.16855110228061676,0.4548646807670593,0.2942809760570526,0.49833500385284424,0.3674710988998413,0.48352348804473877,0.39185571670532227,0.46612784266471863,0.3871570825576782,0.45988672971725464,0.342939168214798,0.4967220425605774,0.4185124337673187,0.4762308597564697,0.4339959919452667,0.4566185772418976,0.4229927062988281,0.4596281051635742,0.3996482193470001,0.4888010621070862,0.4648471772670746,0.46861669421195984,0.4713931381702423,0.45004716515541077,0.4560072422027588,0.4572385847568512,0.45742449164390564,0.47248536348342896,0.5009803175926208,0.4525674879550934,0.5027437210083008,0.43711426854133606,0.48646280169487
0.34212273359298706,0.4304218590259552,0.3678711950778961,0.35504069924354553,0.3974401652812958,0.28468722105026245,0.4159758985042572,0.22416579723358154,0.4188917577266693,0.1667468398809433,0.44893598556518555,0.2926887273788452,0.4862308204174042,0.3674313426017761,0.47193142771720886,0.39225900173187256,0.4557397961616516,0.38763904571533203,0.45277872681617737,0.34146419167518616,0.4823033809661865,0.41607171297073364,0.4623454213142395,0.42999696731567383,0.44423574209213257,0.4178471565246582,0.45049431920051575,0.3976742923259735,0.47399479150772095,0.46136248111724854,0.45408496260643005,0.4657261073589325,0.43600064516067505,0.4496857523918152,0.44533082842826843,0.4535638988018036,0.45701998472213745,0.4940307140350342,0.43751102685928345,0.49431025981903076,0.4226926267147064,0.4789755642414093
0.334835946559906,0.4320911169052124,0.3601279556751251,0.3612680435180664,0.3919264078140259,0.2929614782333374,0.4116182327270508,0.2334083616733551,0.41429248452186584,0.17466329038143158,0.44294968247413635,0.30306923389434814,0.4786890745162964,0.38343989849090576,0.45786944031715393,0.4000125527381897,0.43961817026138306,0.38777419924736023,0.44449666142463684,0.35140177607536316,0.47391560673713684,0.42928022146224976,0.45035502314567566,0.43844813108444214,0.4323311448097229,0.4236670434474945,0.4406024217605591,0.40781205892562866,0.46320879459381104,0.4732798933982849,0.4414874017238617,0.47535407543182373,0.42458879947662354,0.45796093344688416,0.43434229493141174,0.4634230434894562,0.44756320118904114,0.5041660070419312,0.42694780230522156,0.5027828216552734,0.4130537807941437,0.4867929220199585
0.32357826828956604,0.4340769052505493,0.3491361141204834,0.3648579716682434,0.38202929496765137,0.2979738712310791,0.4023767411708832,0.23874276876449585,0.4041084349155426,0.18103067576885223,0.4299237132072449,0.30643442273139954,0.46835970878601074,0.38818877935409546,0.4469122588634491,0.40276390314102173,0.42833787202835083,0.38836339116096497,0.4301624596118927,0.3542318046092987,0.46068766713142395,0.4334618151187897,0.43715694546699524,0.4404796361923218,0.4196905791759491,0.4245242476463318,0.4252977669239044,0.4104952812194824,0.44939762353897095,0.47728604078292847,0.42799440026283264,0.47723230719566345,0.4116089344024658,0.45943453907966614,0.4187086522579193,0.4660258889198303,0.4335995614528656,0.5078315734863281,0.4133005142211914,0.5054044723510742,0.3997800350189209,0.48922786116600037
0.31910786032676697,0.4293888807296753,0.34392398595809937,0.3610621690750122,0.37701666355133057,0.2923300266265869,0.39626964926719666,0.23209083080291748,0.3977587819099426,0.1736346334218979,0.42404496669769287,0.2956092953681946,0.46163225173950195,0.3812907040119171,0.43943706154823303,0.3923143148422241,0.4216617941856384,0.3742523491382599,0.42332205176353455,0.34214526414871216,0.45571547746658325,0.42574119567871094,0.43215498328208923,0.4307270050048828,0.41505831480026245,0.41380664706230164,0.4177348017692566,0.3975740969181061,0.44425395131111145,0.4687451124191284,0.4227243661880493,0.4687943160533905,0.40704813599586487,0.45066970586776733,0.4110855758190155,0.4546087384223938,0.4279015362262726,0.5014020204544067,0.4077933728694916,0.49858859181404114,0.3947560787200928,0.4804039001464844
0.3164617419242859,0.4301305115222931,0.33984583616256714,0.3620629906654358,0.37216871976852417,0.29360267519950867,0.3915402293205261,0.23311501741409302,0.3938107490539551,0.174952432513237,0.4194183349609375,0.2951996922492981,0.459079772233963,0.3752646744251251,0.437126487493515,0.3872966468334198,0.418780654668808,0.37245094776153564,0.42038780450820923,0.34080666303634644,0.45361626148223877,0.4208402931690216,0.4302825927734375,0.42623043060302734,0.4132458567619324,0.4121445417404175,0.4163190722465515,0.395786851644516,0.44177567958831787,0.46530047059059143,0.42027348279953003,0.46572166681289673,0.40484386682510376,0.44949811697006226,0.4109598696231842,0.45242035388946533,0.42537564039230347,0.4992496371269226,0.404621958732605,0.4973104000091553,0.39172735810279846,0.480893075466156
0.3133259415626526,0.44799596071243286,0.3375948369503021,0.37530452013015747,0.36981797218322754,0.3072211742401123,0.3894160985946655,0.24531254172325134,0.3910055458545685,0.185646653175354,0.4180104732513428,0.3136584162712097,0.4563458263874054,0.3893234133720398,0.4341176748275757,0.403581440448761,0.41663235425949097,0.39036425948143005,0.41985124349594116,0.36150169372558594,0.45169341564178467,0.4344516098499298,0.4280034005641937,0.44158780574798584,0.4110090732574463,0.42952626943588257,0.41625893115997314,0.4182872474193573,0.4409593641757965,0.48009076714515686,0.4194090664386749,0.48048195242881775,0.4026944637298584,0.46596336364746094,0.4111875295639038,0.4740983843803406,0.4248565137386322,0.5129055380821228,0.40407028794288635,0.5110437870025635,0.3904479742050171,0.49698227643966675
0.3070203363895416,0.45805397629737854,0.3338615894317627,0.38273096084594727,0.36636194586753845,0.3157981038093567,0.3865050673484802,0.2544565200805664,0.3879845142364502,0.19466078281402588,0.42038580775260925,0.33170318603515625,0.4542562663555145,0.4082915484905243,0.43169325590133667,0.4207712411880493,0.4138859510421753,0.405431866645813,0.420460045337677,0.3823370337486267,0.4470900595188141,0.4536505341529846,0.4229329824447632,0.45866858959198,0.4053066074848175,0.44343048334121704,0.4147229492664337,0.4399276375770569,0.4382992386817932,0.49900785088539124,0.41667160391807556,0.4978795349597931,0.398454487323761,0.4814527630805969,0.4070104658603668,0.49531781673431396,0.42222851514816284,0.5295016169548035,0.40194621682167053,0.5260461568832397,0.38707324862480164,0.5113637447357178
0.3045084476470947,0.45147469639778137,0.3308088481426239,0.37291714549064636,0.3639901578426361,0.3037969470024109,0.38337957859039307,0.24060149490833282,0.384084552526474,0.17924964427947998,0.4203979969024658,0.31922924518585205,0.4530317783355713,0.3995145857334137,0.43004733324050903,0.4127127528190613,0.4117262661457062,0.39675572514533997,0.42175453901290894,0.3687419891357422,0.44669342041015625,0.4424903392791748,0.4228549301624298,0.44955942034721375,0.40533503890037537,0.4351349174976349,0.4164520800113678,0.42689332365989685,0.43725764751434326,0.48672401905059814,0.41581541299819946,0.4867021143436432,0.39779093861579895,0.4701736569404602,0.40929120779037476,0.48349452018737793,0.42103609442710876,0.5181623697280884,0.40017956495285034,0.515082597732544,0.3849690854549408,0.5004296898841858
0.30955955386161804,0.4513286054134369,0.3342660069465637,0.37249210476875305,0.36485329270362854,0.3042752146720886,0.38433194160461426,0.2417982816696167,0.38527312874794006,0.18116800487041473,0.42154285311698914,0.3139939606189728,0.45636990666389465,0.3952060341835022,0.432964026927948,0.41081881523132324,0.4145292639732361,0.3970804810523987,0.42409732937812805,0.3628426790237427,0.4514687955379486,0.4412725269794464,0.4266054928302765,0.4488072991371155,0.40852537751197815,0.43492111563682556,0.42000657320022583,0.42090892791748047,0.4406924247741699,0.4865894913673401,0.4183918535709381,0.487837016582489,0.40060245990753174,0.47208958864212036,0.41428038477897644,0.47798219323158264,0.42404013872146606,0.5187587141990662,0.4028610289096832,0.5165726542472839,0.38845720887184143,0.5011770725250244
0.3138653039932251,0.4561672508716583,0.3382757306098938,0.37748831510543823,0.36927059292793274,0.3088213801383972,0.38865166902542114,0.2458319067955017,0.38901543617248535,0.18437589704990387,0.4241063892841339,0.31657764315605164,0.459810346364975,0.397062212228775,0.4370644986629486,0.4129144251346588,0.41861221194267273,0.3998039960861206,0.4263620972633362,0.3640005588531494,0.45498064160346985,0.44182002544403076,0.43078210949897766,0.45045050978660583,0.4128974378108978,0.43796029686927795,0.4224156439304352,0.42142051458358765,0.444814532995224,0.4881815016269684,0.4225594401359558,0.49005869030952454,0.4050162434577942,0.4751232862472534,0.417115718126297,0.47841590642929077,0.42922335863113403,0.5218879580497742,0.4079093933105469,0.5204598307609558,0.3938400447368622,0.5056948065757751
0.3132883608341217,0.453886479139328,0.33749648928642273,0.377002477645874,0.3681904077529907,0.3074316084384918,0.3867994248867035,0.2443375140428543,0.3876321613788605,0.1832839995622635,0.42232632637023926,0.31311625242233276,0.4587315320968628,0.394056111574173,0.4357716739177704,0.4102814197540283,0.4175654351711273,0.397369384765625,0.4244216978549957,0.3588930368423462,0.45442476868629456,0.439348965883255,0.42945197224617004,0.44837677478790283,0.41124752163887024,0.4359821677207947,0.4201938807964325,0.41560879349708557,0.4434804320335388,0.4844110608100891,0.42046666145324707,0.4866681694984436,0.40316054224967957,0.4716355502605438,0.4141838848590851,0.47324931621551514,0.42744606733322144,0.5181910395622253,0.4060894548892975,0.5168678760528564,0.3923586308956146,0.5017314553260803
0.3116912245750427,0.4490741789340973,0.3358856439590454,0.3733094036579132,0.36746472120285034,0.30325615406036377,0.3868109881877899,0.24073216319084167,0.3875611424446106,0.1800752580165863,0.4203992187976837,0.30677276849746704,0.45897388458251953,0.38795217871665955,0.43650197982788086,0.40536361932754517,0.4180779755115509,0.3924919068813324,0.4226684868335724,0.3507326543331146,0.45404380559921265,0.4332241415977478,0.4294302761554718,0.4429358243942261,0.411483496427536,0.42939186096191406,0.4191396236419678,0.406238317489624,0.4431054890155792,0.478501558303833,0.4204223155975342,0.4813637435436249,0.4038008749485016,0.4649505913257599,0.41407859325408936,0.46397262811660767,0.4270608127117157,0.5133510828018188,0.4056619703769684,0.5120242834091187,0.3922002911567688,0.49475884437561035
0.3106067180633545,0.44955161213874817,0.33423033356666565,0.37222349643707275,0.3653428554534912,0.3008514940738678,0.3850940763950348,0.23739562928676605,0.38625383377075195,0.17753702402114868,0.41871774196624756,0.3044029474258423,0.4579955041408539,0.38461172580718994,0.43590861558914185,0.40377292037010193,0.4175150394439697,0.39284974336624146,0.42145466804504395,0.3493122458457947,0.453311026096344,0.43183445930480957,0.4294348657131195,0.4428721070289612,0.41178175806999207,0.4300987124443054,0.41843393445014954,0.40515363216400146,0.4423058032989502,0.47703394293785095,0.42016535997390747,0.4811396598815918,0.4036214351654053,0.46543383598327637,0.41344937682151794,0.46216243505477905,0.4266767203807831,0.5101069211959839,0.40586310625076294,0.5100089907646179,0.39227697253227234,0.493701696395874
0.3089917302131653,0.44812047481536865,0.33321037888526917,0.3720273971557617,0.36490240693092346,0.30056992173194885,0.38450342416763306,0.23691397905349731,0.38549724221229553,0.17626017332077026,0.41769322752952576,0.3036155700683594,0.4549683928489685,0.3835574686527252,0.4326368570327759,0.4010823965072632,0.41459354758262634,0.3893774747848511,0.42040732502937317,0.3476914167404175,0.4518854320049286,0.4290032386779785,0.4281129837036133,0.44018760323524475,0.4104559123516083,0.4288475811481476,0.41712450981140137,0.4033975601196289,0.44150474667549133,0.4746468663215637,0.4194740951061249,0.47932660579681396,0.4027158319950104,0.46497082710266113,0.4118395745754242,0.4607672095298767,0.4261934161186218,0.5087276101112366,0.40539297461509705,0.5086360573768616,0.39157775044441223,0.49278825521469116
0.3087918162345886,0.4494728446006775,0.3330976963043213,0.3734346628189087,0.3641071617603302,0.3015390634536743,0.3836789131164551,0.23715296387672424,0.3848264217376709,0.17633648216724396,0.416566401720047,0.301693856716156,0.4544939398765564,0.3848860561847687,0.4324018955230713,0.4023681879043579,0.414210706949234,0.3897666037082672,0.4197394549846649,0.3452257513999939,0.4515116214752197,0.42922571301460266,0.42767807841300964,0.4403722584247589,0.4100247919559479,0.42879989743232727,0.41681379079818726,0.4005914330482483,0.441456139087677,0.473904550075531,0.4188946783542633,0.4787341356277466,0.4020545184612274,0.4640589654445648,0.4119720458984375,0.45812398195266724,0.42531001567840576,0.5081737041473389,0.4041043519973755,0.5088987350463867,0.39045971632003784,0.4932158887386322
0.30985379219055176,0.4470783770084381,0.3339282274246216,0.3720228672027588,0.36484742164611816,0.2995423376560211,0.38349854946136475,0.23584188520908356,0.3839571177959442,0.17571046948432922,0.4136011600494385,0.29768896102905273,0.45440930128097534,0.3816635012626648,0.4329697787761688,0.39775383472442627,0.41471970081329346,0.3840622305870056,0.41642072796821594,0.340595006942749,0.4522624909877777,0.425619512796402,0.42816734313964844,0.43573322892189026,0.41008567810058594,0.4227480888366699,0.4140992760658264,0.39459601044654846,0.4423106610774994,0.46927571296691895,0.4191078841686249,0.4742291271686554,0.4027155637741089,0.4580082297325134,0.4100431799888611,0.4520907998085022,0.4254547655582428,0.5037856101989746,0.40400221943855286,0.5050501227378845,0.3906831741333008,0.4878140687942505
0.31070080399513245,0.4428911805152893,0.33444681763648987,0.3686425983905792,0.3649143874645233,0.2968941330909729,0.38171178102493286,0.23305286467075348,0.3804773688316345,0.17252640426158905,0.40860068798065186,0.2876044809818268,0.4527627229690552,0.37211063504219055,0.43161681294441223,0.3856602609157562,0.4136526882648468,0.36888712644577026,0.4102456569671631,0.3286331295967102,0.4486616551876068,0.41657668352127075,0.4253176748752594,0.42409348487854004,0.40831783413887024,0.40897777676582336,0.4073987901210785,0.3814944922924042,0.4396798610687256,0.460796058177948,0.41713738441467285,0.46414947509765625,0.40166404843330383,0.44615882635116577,0.40359342098236084,0.43938547372817993,0.4210209548473358,0.49666398763656616,0.39987510442733765,0.4968453049659729,0.38697054982185364,0.47767168283462524
0.30944934487342834,0.4470006227493286,0.3319569230079651,0.3722420930862427,0.3635067641735077,0.29787933826446533,0.37863603234291077,0.23054809868335724,0.3749600350856781,0.16903580725193024,0.4031454622745514,0.28624194860458374,0.4519059658050537,0.367843359708786,0.430892676115036,0.3823389708995819,0.41329464316368103,0.3645058274269104,0.4045446515083313,0.32614800333976746,0.4461396038532257,0.411348432302475,0.42287954688072205,0.4199797213077545,0.4071195125579834,0.4048202633857727,0.4019405245780945,0.3792268633842468,0.43654924631118774,0.45606234669685364,0.4138619601726532,0.4599209129810333,0.3993118405342102,0.4422757029533386,0.3991229236125946,0.43749916553497314,0.4186638593673706,0.49556583166122437,0.3971222937107086,0.49677574634552,0.38437315821647644,0.47870969772338867
0.3124251961708069,0.46205562353134155,0.33272072672843933,0.3888821005821228,0.3636554181575775,0.310673326253891,0.3786185681819916,0.24296456575393677,0.3748120665550232,0.1836068034172058,0.4023638367652893,0.29906371235847473,0.4542728066444397,0.3715769946575165,0.43480977416038513,0.387565940618515,0.41713228821754456,0.37197646498680115,0.4031534492969513,0.34115922451019287,0.44762420654296875,0.4183272123336792,0.4251568913459778,0.4281323552131653,0.4087556302547455,0.41261962056159973,0.40064898133277893,0.3947489857673645,0.4379807710647583,0.4654505252838135,0.4165222942829132,0.4689546227455139,0.4013184607028961,0.4502549469470978,0.397934228181839,0.45165324211120605,0.4217596650123596,0.504836916923523,0.4016568958759308,0.507040798664093,0.3879142701625824,0.49019744992256165
0.31189191341400146,0.465958833694458,0.3327893614768982,0.3918021023273468,0.36595338582992554,0.31434884667396545,0.38270485401153564,0.24555626511573792,0.37981393933296204,0.18350179493427277,0.4038172960281372,0.306905061006546,0.45578527450561523,0.3786433935165405,0.43564340472221375,0.39495280385017395,0.41726061701774597,0.3807065486907959,0.4031643569469452,0.3481007218360901,0.44825634360313416,0.42663827538490295,0.4258125424385071,0.43552473187446594,0.4097791016101837,0.4184539020061493,0.39969146251678467,0.4013812839984894,0.43846362829208374,0.4737135171890259,0.41692492365837097,0.476357102394104,0.4017050266265869,0.4560094475746155,0.39635521173477173,0.4578627049922943,0.4230960011482239,0.5121607184410095,0.4023631513118744,0.512965977191925,0.3879474103450775,0.4934665560722351
0.3113313615322113,0.46221262216567993,0.3307279050350189,0.3900071382522583,0.36360353231430054,0.31257227063179016,0.3800780177116394,0.2442227452993393,0.37766924500465393,0.18205228447914124,0.39789992570877075,0.300019770860672,0.45126408338546753,0.37464821338653564,0.43198829889297485,0.3900018632411957,0.41416940093040466,0.3725096583366394,0.39471492171287537,0.3400821387767792,0.44377243518829346,0.4202803075313568,0.42205533385276794,0.4302544891834259,0.40613335371017456,0.41236481070518494,0.3904111087322235,0.3920329511165619,0.43483486771583557,0.4674444794654846,0.41331708431243896,0.4710627496242523,0.3979469835758209,0.45063644647598267,0.38731178641319275,0.4475867748260498,0.4178757071495056,0.5057845115661621,0.3980584740638733,0.5074202418327332,0.38406533002853394,0.4883124530315399
0.31048908829689026,0.4652690887451172,0.32940033078193665,0.39118126034736633,0.36302649974823,0.31153804063796997,0.37872934341430664,0.24225805699825287,0.375262975692749,0.17992548644542694,0.3957132399082184,0.30042725801467896,0.4504399597644806,0.37596917152404785,0.43145519495010376,0.3910198211669922,0.41340962052345276,0.37133845686912537,0.39203962683677673,0.34016406536102295,0.4427499771118164,0.41988328099250793,0.42138928174972534,0.4297366142272949,0.40496760606765747,0.41099539399147034,0.38715875148773193,0.3922603726387024,0.43366196751594543,0.4661104083061218,0.4122420847415924,0.4703671634197235,0.3964287042617798,0.45040377974510193,0.3836994767189026,0.4484844207763672,0.4164193570613861,0.5050868391990662,0.3972628712654114,0.5068007707595825,0.3830839693546295,0.48827046155929565
0.30925676226615906,0.4730371832847595,0.3278079330921173,0.3958664834499359,0.36140167713165283,0.31108713150024414,0.3751012682914734,0.23819375038146973,0.3698771595954895,0.17490345239639282,0.3891529142856598,0.30053770542144775,0.4477640986442566,0.3699438273906708,0.43022218346595764,0.3883437216281891,0.4120377004146576,0.3716692328453064,0.38507184386253357,0.340702623128891,0.4400773346424103,0.4163675010204315,0.41937056183815,0.42887693643569946,0.402590274810791,0.41180023550987244,0.38029244542121887,0.39404723048210144,0.43223223090171814,0.4630712568759918,0.4113655984401703,0.4693770408630371,0.39485758543014526,0.4518459737300873,0.3772770166397095,0.4509497582912445,0.4158356189727783,0.5037363767623901,0.3981882929801941,0.5067362785339355,0.3835359513759613,0.4911448657512665
0.3063371181488037,0.4800754189491272,0.3257097601890564,0.40224072337150574,0.35848209261894226,0.31333914399147034,0.37086376547813416,0.23867928981781006,0.3652869462966919,0.17481458187103271,0.3841344118118286,0.3002026379108429,0.44487136602401733,0.36746376752853394,0.4274558126926422,0.38689878582954407,0.4080809950828552,0.3706892132759094,0.3802269995212555,0.3415710926055908,0.43756768107414246,0.4137507975101471,0.41712868213653564,0.428286075592041,0.39970964193344116,0.4114445745944977,0.37591490149497986,0.3959755301475525,0.4307454228401184,0.46065109968185425,0.41015705466270447,0.4695121645927429,0.39268651604652405,0.4525817632675171,0.37357741594314575,0.4538024961948395,0.41394007205963135,0.5033801794052124,0.39601996541023254,0.5075669288635254,0.38020867109298706,0.49200254678726196
0.3058328330516815,0.4837450683116913,0.3247434198856354,0.4061976671218872,0.35813820362091064,0.31691426038742065,0.37146663665771484,0.24290964007377625,0.3655150234699249,0.18014709651470184,0.38220706582069397,0.3022502362728119,0.44478970766067505,0.36736786365509033,0.4278078079223633,0.38766539096832275,0.4079391062259674,0.37318944931030273,0.3777588903903961,0.34201231598854065,0.4370986521244049,0.41419973969459534,0.4167368710041046,0.4298008978366852,0.39935046434402466,0.4140586853027344,0.37330761551856995,0.3954029381275177,0.43030649423599243,0.4607694745063782,0.40989449620246887,0.47002413868904114,0.3924972414970398,0.4528336226940155,0.3712765872478485,0.4524216949939728,0.4141676425933838,0.5031973123550415,0.39650458097457886,0.5074071288108826,0.38033464550971985,0.4909544885158539
0.3037903904914856,0.47945305705070496,0.3236006498336792,0.40208137035369873,0.357891708612442,0.31242048740386963,0.3724606931209564,0.23757463693618774,0.3682067096233368,0.17511585354804993,0.38090917468070984,0.2931594252586365,0.44350358843803406,0.3564624488353729,0.4265564978122711,0.3779390752315521,0.4069160223007202,0.3648207187652588,0.3761502504348755,0.33188876509666443,0.4364427328109741,0.40638047456741333,0.41568633913993835,0.422495037317276,0.39902740716934204,0.40643855929374695,0.37186944484710693,0.38465479016304016,0.430134117603302,0.4519818425178528,0.40936166048049927,0.4615441560745239,0.3924245238304138,0.44358527660369873,0.3701031506061554,0.44179531931877136,0.41424617171287537,0.4945443272590637,0.39576372504234314,0.49957770109176636,0.37909796833992004,0.48210006952285767
0.3053520917892456,0.47975340485572815,0.32521671056747437,0.4024107754230499,0.3609639108181,0.3139486312866211,0.37675797939300537,0.23991844058036804,0.3732275068759918,0.17705349624156952,0.38433951139450073,0.293914258480072,0.4465315341949463,0.3591724634170532,0.42817041277885437,0.38022106885910034,0.40816530585289,0.3657117187976837,0.37880218029022217,0.3322729468345642,0.4381244480609894,0.4080427587032318,0.4169235825538635,0.4225822687149048,0.40026262402534485,0.4058835208415985,0.37363308668136597,0.3849114179611206,0.43098947405815125,0.4535979628562927,0.41025301814079285,0.4621547758579254,0.39374056458473206,0.4435754120349884,0.3714640438556671,0.4418407380580902,0.41582462191581726,0.4955168068408966,0.39727506041526794,0.49910643696784973,0.3805774450302124,0.48017504811286926
0.3048071563243866,0.4747469425201416,0.3246595561504364,0.3980505168437958,0.35953640937805176,0.31093019247055054,0.3767913579940796,0.23822414875030518,0.37679171562194824,0.17731639742851257,0.3821876049041748,0.28934723138809204,0.44485601782798767,0.35182133316993713,0.42632806301116943,0.37425607442855835,0.40594303607940674,0.3610372543334961,0.3777123689651489,0.3268929123878479,0.4379318356513977,0.4006343483924866,0.41676104068756104,0.41626229882240295,0.3999480903148651,0.4003584384918213,0.3735642731189728,0.3784770369529724,0.429984986782074,0.4477601945400238,0.40883249044418335,0.456870973110199,0.3923282027244568,0.4387647807598114,0.37238994240760803,0.4349055588245392,0.4154027998447418,0.4897150993347168,0.39624786376953125,0.4944142997264862,0.37967053055763245,0.476287305355072
0.30523785948753357,0.4720917046070099,0.3228442668914795,0.3920080065727234,0.3550545573234558,0.30579400062561035,0.3718583285808563,0.2354072779417038,0.37298521399497986,0.1755276471376419,0.3793494999408722,0.28547143936157227,0.441747784614563,0.346980482339859,0.4240673780441284,0.36703169345855713,0.40389007329940796,0.35310178995132446,0.3762677013874054,0.32403793931007385,0.4355836510658264,0.394668310880661,0.41523277759552,0.4086343050003052,0.39839696884155273,0.39371174573898315,0.3730849325656891,0.375735878944397,0.4288114309310913,0.44267013669013977,0.4086591899394989,0.45097795128822327,0.39180728793144226,0.4335952699184418,0.37268608808517456,0.4321095943450928,0.4157823622226715,0.48585793375968933,0.397147536277771,0.48997312784194946,0.379682719707489,0.4721088111400604
0.3052191734313965,0.4778117537498474,0.32078540325164795,0.39666125178337097,0.3514910340309143,0.3104752004146576,0.3685387969017029,0.24053457379341125,0.3712262511253357,0.18088538944721222,0.37658655643463135,0.28835195302963257,0.43979310989379883,0.34607556462287903,0.42248672246932983,0.36703890562057495,0.40228989720344543,0.35483619570732117,0.37393316626548767,0.326881468296051,0.4343574643135071,0.3943631052970886,0.41410955786705017,0.40904882550239563,0.39746153354644775,0.39514416456222534,0.3716658353805542,0.378366619348526,0.42820650339126587,0.44262248277664185,0.4077208638191223,0.45124271512031555,0.3909221887588501,0.4348231554031372,0.3723876476287842,0.4342295229434967,0.4150947630405426,0.48618772625923157,0.3960394263267517,0.49039244651794434,0.37905067205429077,0.4725750982761383
0.3038927912712097,0.48056966066360474,0.3204825818538666,0.40012824535369873,0.3507443070411682,0.31241321563720703,0.36698397994041443,0.24052776396274567,0.3699529767036438,0.17964525520801544,0.3735171854496002,0.28956711292266846,0.43864428997039795,0.3459799885749817,0.42270728945732117,0.3708224296569824,0.4023898243904114,0.3622992932796478,0.3706043064594269,0.3281751871109009,0.4317687749862671,0.3959457278251648,0.4126600921154022,0.4139149785041809,0.3957618176937103,0.401242196559906,0.36841505765914917,0.3800661861896515,0.4253332316875458,0.4447060227394104,0.4055284857749939,0.45546913146972656,0.38874495029449463,0.4390590786933899,0.36941206455230713,0.43582966923713684,0.4128410816192627,0.4885372519493103,0.3941495418548584,0.49456000328063965,0.37703344225883484,0.4772856533527374
0.3015110194683075,0.47983869910240173,0.32119837403297424,0.4027562439441681,0.3578612208366394,0.3177196979522705,0.3782126307487488,0.24740785360336304,0.3827826678752899,0.1862734705209732,0.3763369023799896,0.292814165353775,0.43919023871421814,0.3545336127281189,0.4204893708229065,0.3757425546646118,0.40029871463775635,0.36247408390045166,0.3703131377696991,0.3331509828567505,0.43326881527900696,0.40716633200645447,0.41067662835121155,0.4193081259727478,0.39415690302848816,0.4032055735588074,0.3652302324771881,0.38534432649612427,0.42673322558403015,0.4515916109085083,0.4042324423789978,0.45739418268203735,0.3879591226577759,0.4396193325519562,0.36333271861076355,0.44166749715805054,0.4100506603717804,0.4935894012451172,0.39106884598731995,0.49485206604003906,0.3747994303703308,0.47619205713272095
0.3025612235069275,0.4871683120727539,0.3245598077774048,0.4090680181980133,0.36253657937049866,0.32622507214546204,0.3843798041343689,0.2566274404525757,0.39030131697654724,0.1962069571018219,0.38437172770500183,0.3062131702899933,0.44557106494903564,0.37131720781326294,0.4270511865615845,0.3911829888820648,0.40724024176597595,0.37667787075042725,0.3790287971496582,0.34639739990234375,0.43927818536758423,0.4203564524650574,0.4181331992149353,0.4334307909011841,0.4021539092063904,0.4168902337551117,0.3741304576396942,0.3989396393299103,0.4321051239967346,0.46645429730415344,0.41097089648246765,0.47341209650039673,0.3945672810077667,0.45530611276626587,0.3717460632324219,0.4558018743991852,0.41690653562545776,0.5084320306777954,0.39826396107673645,0.5114790201187134,0.381668359041214,0.493563711643219
0.3161032199859619,0.48557519912719727,0.33644551038742065,0.40711072087287903,0.37356865406036377,0.32344093918800354,0.39320266246795654,0.25502145290374756,0.3974970281124115,0.19380386173725128,0.40299108624458313,0.3138706684112549,0.4592100977897644,0.38467854261398315,0.4398863911628723,0.3982754051685333,0.42046570777893066,0.3807957172393799,0.3985300064086914,0.3590233325958252,0.45366960763931274,0.4309943914413452,0.43176504969596863,0.43965843319892883,0.4138442873954773,0.4233042001724243,0.3937222361564636,0.4144650399684906,0.44666892290115356,0.47956326603889465,0.4245605766773224,0.482898473739624,0.4062369167804718,0.46494176983833313,0.39084863662719727,0.47365957498550415,0.4318419098854065,0.5207998156547546,0.4113767743110657,0.5216599702835083,0.39294758439064026,0.5041855573654175
0.3236289322376251,0.47331905364990234,0.34376877546310425,0.3967791497707367,0.38153207302093506,0.31213071942329407,0.4007219672203064,0.24256528913974762,0.4029606282711029,0.18105383217334747,0.4103666841983795,0.30274105072021484,0.46602416038513184,0.37486526370048523,0.44680431485176086,0.38807910680770874,0.42787447571754456,0.36890333890914917,0.405879944562912,0.34694594144821167,0.46030184626579285,0.4212217330932617,0.4386632442474365,0.43010079860687256,0.4212570786476135,0.4119527041912079,0.40093106031417847,0.40184149146080017,0.45240482687950134,0.46930617094039917,0.4306749403476715,0.47327667474746704,0.4128879904747009,0.45427846908569336,0.3978257179260254,0.4606330096721649,0.4372611939907074,0.5098402500152588,0.4169941842556,0.5111765265464783,0.3992999792098999,0.4931453466415405
0.3260459005832672,0.47202083468437195,0.34580233693122864,0.39424243569374084,0.3817373812198639,0.3083643913269043,0.40078407526016235,0.23754338920116425,0.40292277932167053,0.17578664422035217,0.4075186848640442,0.2917022109031677,0.4658748507499695,0.359881192445755,0.4474141597747803,0.3760903775691986,0.427758127450943,0.3587559461593628,0.4036439061164856,0.3338678479194641,0.46069884300231934,0.40612560510635376,0.43964293599128723,0.41812267899513245,0.422002375125885,0.40118587017059326,0.3996279835700989,0.3879290521144867,0.45316600799560547,0.4540923237800598,0.4318729043006897,0.4607929587364197,0.4142661392688751,0.4425470530986786,0.397580087184906,0.44610297679901123,0.4390702247619629,0.49597829580307007,0.419511079788208,0.498798668384552,0.40224313735961914,0.480949342250824
0.32842451333999634,0.47401803731918335,0.3461046516895294,0.39360836148262024,0.37995782494544983,0.30303436517715454,0.3978302776813507,0.2299141138792038,0.3997146189212799,0.16783113777637482,0.40041184425354004,0.28262507915496826,0.46256378293037415,0.3434208631515503,0.444156676530838,0.361954927444458,0.4240570664405823,0.34773388504981995,0.39555594325065613,0.32549408078193665,0.4574490785598755,0.39348700642585754,0.43595555424690247,0.4050857722759247,0.41859734058380127,0.3891664147377014,0.3918670117855072,0.3800441324710846,0.45166122913360596,0.44222790002822876,0.42980074882507324,0.4482625722885132,0.4122851490974426,0.4311414361000061,0.391579270362854,0.4382244944572449,0.4370170831680298,0.48546820878982544,0.41795653104782104,0.4877293109893799,0.40096384286880493,0.47082459926605225
0.32727134227752686,0.4858827292919159,0.3442666232585907,0.4049035906791687,0.3728012442588806,0.30669984221458435,0.38458073139190674,0.22860078513622284,0.3839268982410431,0.16462302207946777,0.3807174265384674,0.2825278639793396,0.44897252321243286,0.330026239156723,0.4305564761161804,0.35447975993156433,0.40749022364616394,0.34483930468559265,0.3753751516342163,0.3308984041213989,0.44661426544189453,0.385758638381958,0.4248712956905365,0.40148669481277466,0.4051884710788727,0.39038872718811035,0.3736087381839752,0.38943028450012207,0.4426383972167969,0.43558943271636963,0.4207484722137451,0.4461492598056793,0.40120136737823486,0.43442627787590027,0.3760939836502075,0.44840264320373535,0.4310480058193207,0.47977185249328613,0.4133986532688141,0.4854259788990021,0.39414742588996887,0.47400736808776855
0.32431963086128235,0.5208410620689392,0.34852078557014465,0.43304407596588135,0.37462010979652405,0.3281148672103882,0.38343676924705505,0.24720928072929382,0.378307044506073,0.18141041696071625,0.3667478561401367,0.29705408215522766,0.4367588758468628,0.33785396814346313,0.4214242994785309,0.3677576780319214,0.39930346608161926,0.36234045028686523,0.3585895001888275,0.34850481152534485,0.4360281229019165,0.39352813363075256,0.4141155183315277,0.4112606346607208,0.39250054955482483,0.4021066427230835,0.3559494912624359,0.4074084460735321,0.42976468801498413,0.44414713978767395,0.40638086199760437,0.4573080539703369,0.38680383563041687,0.44677722454071045,0.35823550820350647,0.46484023332595825,0.4186473786830902,0.4906842112541199,0.4010888934135437,0.4979054033756256,0.380877286195755,0.48743969202041626
0.31644222140312195,0.5349776744842529,0.34420835971832275,0.443809449672699,0.3655779957771301,0.3376213312149048,0.371643990278244,0.2561064660549164,0.36727526783943176,0.1863425076007843,0.35049688816070557,0.30144885182380676,0.42323634028434753,0.3362978994846344,0.4080086350440979,0.37002667784690857,0.3863798677921295,0.36478540301322937,0.3402861952781677,0.3541026711463928,0.4225088953971863,0.39387714862823486,0.3995649218559265,0.41204333305358887,0.3776741921901703,0.4043341875076294,0.33626410365104675,0.4135734736919403,0.4145168364048004,0.44728296995162964,0.3907167315483093,0.46218979358673096,0.37160325050354004,0.45340925455093384,0.3379463255405426,0.47050175070762634,0.4013814628124237,0.49352288246154785,0.3844570815563202,0.5008562207221985,0.36395421624183655,0.49137556552886963
0.31362682580947876,0.536923885345459,0.342151939868927,0.43959033489227295,0.36069896817207336,0.3318529725074768,0.36329197883605957,0.25095635652542114,0.35859358310699463,0.1806676834821701,0.3416827619075775,0.29798227548599243,0.4157576560974121,0.33424702286720276,0.4004502594470978,0.3682667016983032,0.3783778250217438,0.3615522086620331,0.32991665601730347,0.3529118299484253,0.41267096996307373,0.3911321759223938,0.39083272218704224,0.4093656837940216,0.36991941928863525,0.4027174413204193,0.3249901533126831,0.41395992040634155,0.40419119596481323,0.446871817111969,0.38134732842445374,0.4628922641277313,0.36257728934288025,0.4552459418773651,0.32727208733558655,0.47126543521881104,0.3922683596611023,0.49415382742881775,0.3762376308441162,0.5016316771507263,0.35557469725608826,0.492545485496521
0.3145717978477478,0.5408779382705688,0.3407571315765381,0.4428550601005554,0.35956594347953796,0.3356000781059265,0.3631542921066284,0.25359174609184265,0.35943225026130676,0.18306304514408112,0.34176868200302124,0.3004046082496643,0.41541606187820435,0.33263134956359863,0.4004625380039215,0.3666607141494751,0.37913188338279724,0.36085718870162964,0.33029496669769287,0.3543492555618286,0.41349896788597107,0.388356477022171,0.39070025086402893,0.408174991607666,0.3701685965061188,0.4039810597896576,0.32552894949913025,0.4146883189678192,0.4047405421733856,0.4451449513435364,0.38101112842559814,0.46229955554008484,0.3630061447620392,0.45567554235458374,0.32772958278656006,0.47180619835853577,0.39282891154289246,0.49265891313552856,0.3759705424308777,0.500340461730957,0.35532206296920776,0.4911576807498932
0.3139793872833252,0.5459277033805847,0.3401211202144623,0.4448714852333069,0.358023077249527,0.3358795642852783,0.36221882700920105,0.2532135844230652,0.35909217596054077,0.18180108070373535,0.3389749228954315,0.30082544684410095,0.4133365750312805,0.3318135440349579,0.398743212223053,0.3664998412132263,0.3773863613605499,0.3610518276691437,0.3284800052642822,0.35490745306015015,0.4117029011249542,0.38838645815849304,0.38889798521995544,0.4085620641708374,0.36837679147720337,0.404958575963974,0.3243507742881775,0.41515350341796875,0.40394657850265503,0.44469135999679565,0.3803621232509613,0.4624422490596771,0.362566202878952,0.45589306950569153,0.32720431685447693,0.4722127318382263,0.39300161600112915,0.49194395542144775,0.3755052387714386,0.5007303357124329,0.3543555736541748,0.49224787950515747
0.3140887916088104,0.5480353236198425,0.3413776755332947,0.4463065266609192,0.35895442962646484,0.33730772137641907,0.36311620473861694,0.2531825304031372,0.3595621585845947,0.1795637607574463,0.34075847268104553,0.2981652319431305,0.4132073223590851,0.32719045877456665,0.3988499045372009,0.36335137486457825,0.3782619833946228,0.3603532612323761,0.33011189103126526,0.3495173156261444,0.4130457639694214,0.38325610756874084,0.390767902135849,0.4050304889678955,0.3709340989589691,0.4002974033355713,0.3257511854171753,0.40961354970932007,0.40549156069755554,0.43847954273223877,0.382303386926651,0.45835578441619873,0.3651482164859772,0.45200926065444946,0.32830020785331726,0.4682147204875946,0.3946152925491333,0.48819661140441895,0.37723207473754883,0.4985903203487396,0.3564631938934326,0.4899960458278656
0.3151742219924927,0.5457592010498047,0.34302574396133423,0.4439893364906311,0.3595445454120636,0.33391737937927246,0.3621988892555237,0.25048157572746277,0.3587168753147125,0.17786945402622223,0.3377944827079773,0.29239320755004883,0.4103063941001892,0.32284289598464966,0.3969857394695282,0.35902953147888184,0.37700292468070984,0.3551427125930786,0.32708248496055603,0.3441369831562042,0.40954720973968506,0.37862786650657654,0.38843315839767456,0.4009316563606262,0.36942803859710693,0.3970635235309601,0.3233577609062195,0.40509042143821716,0.40223997831344604,0.4339085817337036,0.3806438744068146,0.4544607996940613,0.3642788529396057,0.4485168159008026,0.326869398355484,0.4645807445049286,0.39266636967658997,0.482627809047699,0.3763793706893921,0.49344301223754883,0.3554864227771759,0.4850098490715027
0.31396427750587463,0.5491389632225037,0.34295520186424255,0.44612178206443787,0.3592606484889984,0.33557966351509094,0.3620148301124573,0.251554012298584,0.3603948950767517,0.17746219038963318,0.3367922306060791,0.29430103302001953,0.41113653779029846,0.3245275318622589,0.3978636562824249,0.35991597175598145,0.37721043825149536,0.35570886731147766,0.3259717524051666,0.34516504406929016,0.4099186956882477,0.3792327344417572,0.3887162208557129,0.4013286530971527,0.3689456582069397,0.39794227480888367,0.32182273268699646,0.4055405557155609,0.40150249004364014,0.4350588917732239,0.37974807620048523,0.4558252692222595,0.36267462372779846,0.44904664158821106,0.3251308798789978,0.4644828140735626,0.39119401574134827,0.4843735098838806,0.3740506172180176,0.4959394335746765,0.3520044982433319,0.4868134558200836
0.3207012414932251,0.5549159049987793,0.351093053817749,0.45417195558547974,0.36420294642448425,0.34365954995155334,0.36348024010658264,0.26270440220832825,0.36044901609420776,0.19029052555561066,0.33460694551467896,0.29405882954597473,0.4076985716819763,0.3267415761947632,0.3966216444969177,0.3617478311061859,0.37758007645606995,0.3562560975551605,0.3224470615386963,0.3421941101551056,0.4062589704990387,0.37893304228782654,0.3870318531990051,0.4025992751121521,0.36825665831565857,0.39875054359436035,0.3184598386287689,0.4008910655975342,0.3984678387641907,0.4335658848285675,0.3791656196117401,0.4569537341594696,0.36270859837532043,0.44938597083091736,0.3223729729652405,0.459099143743515,0.3893465995788574,0.481411874294281,0.3747479021549225,0.4958992600440979,0.35384684801101685,0.48646432161331177
0.32218486070632935,0.5530990362167358,0.3517545461654663,0.45415353775024414,0.3629589378833771,0.3442945182323456,0.3611724376678467,0.2644849121570587,0.357406884431839,0.19129493832588196,0.33175984025001526,0.2953493893146515,0.40567082166671753,0.336169958114624,0.3949396014213562,0.3720064163208008,0.37427565455436707,0.36614254117012024,0.31767573952674866,0.3428819477558136,0.40085864067077637,0.38434508442878723,0.38331764936447144,0.40840891003608704,0.36389729380607605,0.4056719243526459,0.31195127964019775,0.4017946720123291,0.3907927870750427,0.4397391974925995,0.3736892342567444,0.46203771233558655,0.3561992347240448,0.4537680149078369,0.31446847319602966,0.4610980153083801,0.38148394227027893,0.4877529740333557,0.3693918287754059,0.5021454691886902,0.34873878955841064,0.4955960512161255
0.32298222184181213,0.5515845417976379,0.35424163937568665,0.4533965587615967,0.3684079945087433,0.3451716899871826,0.36800307035446167,0.2651498317718506,0.3647004961967468,0.19076327979564667,0.33614152669906616,0.29687976837158203,0.41178256273269653,0.3403262495994568,0.3998889923095703,0.375705361366272,0.37794554233551025,0.3669232726097107,0.3221738934516907,0.3452413082122803,0.4070228636264801,0.389051228761673,0.3877786099910736,0.4118042290210724,0.36699825525283813,0.4069298207759857,0.3160927891731262,0.40417224168777466,0.39609989523887634,0.442837655544281,0.3774580657482147,0.464783251285553,0.3595688045024872,0.4560573995113373,0.3181469440460205,0.4628768265247345,0.3852539658546448,0.48901253938674927,0.37132301926612854,0.5032328963279724,0.34981033205986023,0.49657514691352844
0.3254428505897522,0.5530533790588379,0.3576304316520691,0.45068874955177307,0.3705267906188965,0.3406525254249573,0.36889591813087463,0.26026153564453125,0.3656015992164612,0.18621139228343964,0.33719325065612793,0.28909361362457275,0.4117085337638855,0.3314692974090576,0.39953017234802246,0.366404265165329,0.3778207302093506,0.357094943523407,0.322953462600708,0.33696430921554565,0.4080484211444855,0.3808411657810211,0.3885692358016968,0.40602371096611023,0.3683880567550659,0.4001202881336212,0.31760889291763306,0.396271675825119,0.39874354004859924,0.4349278509616852,0.3796353042125702,0.45954349637031555,0.36180806159973145,0.4507704973220825,0.3203282356262207,0.45641717314720154,0.3881945013999939,0.4813121557235718,0.37381628155708313,0.49586331844329834,0.35167452692985535,0.4868216812610626
0.3215979337692261,0.5569834113121033,0.35449013113975525,0.45551568269729614,0.36996474862098694,0.34426847100257874,0.3702166974544525,0.26087191700935364,0.3687266707420349,0.18585322797298431,0.34217676520347595,0.2920326888561249,0.41621869802474976,0.33089789748191833,0.4026867151260376,0.3648134171962738,0.3813536763191223,0.3553948402404785,0.3294842839241028,0.33890971541404724,0.41443225741386414,0.38129180669784546,0.39359161257743835,0.40474453568458557,0.3737606406211853,0.39885035157203674,0.32467642426490784,0.3975527286529541,0.4057132303714752,0.43495646119117737,0.385101318359375,0.45814740657806396,0.3680952787399292,0.4497654438018799,0.3273877799510956,0.45712020993232727,0.3943830132484436,0.4826585650444031,0.3794490694999695,0.49699464440345764,0.3587089478969574,0.48736944794654846
0.3124052584171295,0.5263530015945435,0.34138721227645874,0.4298769235610962,0.3672046363353729,0.323802649974823,0.37452027201652527,0.24159646034240723,0.36891424655914307,0.17295733094215393,0.3566618263721466,0.2768532335758209,0.42803487181663513,0.3193378150463104,0.4112948477268219,0.35453590750694275,0.3895392417907715,0.34793418645858765,0.3465980291366577,0.32665884494781494,0.42615991830825806,0.3785001337528229,0.40203630924224854,0.4002379775047302,0.38100382685661316,0.39042702317237854,0.3418276011943817,0.3878815770149231,0.41737818717956543,0.4322456419467926,0.39334341883659363,0.449177086353302,0.37526825070381165,0.43827512860298157,0.34140780568122864,0.4485546052455902,0.40525588393211365,0.47742223739624023,0.38904353976249695,0.4864368438720703,0.3701722323894501,0.47612279653549194
0.30539506673812866,0.5147663950920105,0.3270946145057678,0.4256536364555359,0.3595236837863922,0.32457435131073,0.3751448392868042,0.2419358491897583,0.3755505084991455,0.1724921613931656,0.366985023021698,0.2822621166706085,0.4361063241958618,0.3347415328025818,0.41785600781440735,0.3601321578025818,0.3951764702796936,0.34910064935684204,0.3600403070449829,0.32881975173950195,0.4364689588546753,0.3893253803253174,0.4112996757030487,0.40469300746917725,0.39029255509376526,0.3911718428134918,0.3562341332435608,0.38682809472084045,0.4293769896030426,0.43911314010620117,0.4037751853466034,0.44840091466903687,0.3841649293899536,0.43478265404701233,0.3559948801994324,0.4464593529701233,0.4139103293418884,0.48368915915489197,0.39387834072113037,0.48882120847702026,0.3738269507884979,0.475528359413147
0.30727723240852356,0.4913150668144226,0.3254184424877167,0.405987948179245,0.3616533577442169,0.311839759349823,0.3803406357765198,0.23446235060691833,0.38034117221832275,0.16963078081607819,0.38264936208724976,0.2832871377468109,0.44738882780075073,0.34273961186408997,0.426500529050827,0.3644185960292816,0.40444302558898926,0.35107505321502686,0.3782326281070709,0.3281554579734802,0.4431591033935547,0.40029457211494446,0.41868290305137634,0.4133290648460388,0.40060901641845703,0.39804384112358093,0.3745896816253662,0.3855157792568207,0.43798118829727173,0.4489338994026184,0.4136616885662079,0.45559895038604736,0.3957289457321167,0.4389466941356659,0.3741244673728943,0.446505069732666,0.42315876483917236,0.49339646100997925,0.4024738073348999,0.4962843656539917,0.38453084230422974,0.4794370234012604
0.3088744580745697,0.4731068015098572,0.3264055848121643,0.3901430666446686,0.3583744466304779,0.2992475926876068,0.3758120834827423,0.22373059391975403,0.37732556462287903,0.16072651743888855,0.39250195026397705,0.288786917924881,0.4507855772972107,0.3513862192630768,0.4304119348526001,0.3677320182323456,0.4100843369960785,0.3519654870033264,0.39322787523269653,0.3347570300102234,0.44731149077415466,0.40139222145080566,0.42469727993011475,0.41236355900764465,0.40589067339897156,0.3980685770511627,0.39257746934890747,0.3912644386291504,0.4401589632034302,0.45209383964538574,0.4178773760795593,0.4577926993370056,0.39959225058555603,0.44135209918022156,0.39311161637306213,0.4516368508338928,0.4273228347301483,0.4960598945617676,0.4053887724876404,0.4995388686656952,0.3879716694355011,0.4832572042942047
0.30711641907691956,0.476823627948761,0.32352837920188904,0.3931940793991089,0.3561897873878479,0.3017274737358093,0.374146968126297,0.22653432190418243,0.37562429904937744,0.16305458545684814,0.39219173789024353,0.29152828454971313,0.4494025409221649,0.3566740155220032,0.428938627243042,0.37314724922180176,0.4086664617061615,0.35759055614471436,0.3935362994670868,0.33815109729766846,0.44502362608909607,0.406210720539093,0.4220125675201416,0.4181302785873413,0.4036464989185333,0.404649555683136,0.3930734694004059,0.39520078897476196,0.4384692907333374,0.45704683661460876,0.41563528776168823,0.4637492895126343,0.3978003263473511,0.44793686270713806,0.39329996705055237,0.4554562568664551,0.42441287636756897,0.5009399056434631,0.4024617075920105,0.5052438378334045,0.3862687647342682,0.4896644055843353
0.30510157346725464,0.47600221633911133,0.32270920276641846,0.39294472336769104,0.35407596826553345,0.30689099431037903,0.37394440174102783,0.23561784625053406,0.3777356445789337,0.17331448197364807,0.3953293561935425,0.30320996046066284,0.4491484463214874,0.36908191442489624,0.42975345253944397,0.3845941126346588,0.4092322587966919,0.3717527389526367,0.3982096314430237,0.3535219728946686,0.4449700117111206,0.41887351870536804,0.4228955805301666,0.4291483461856842,0.4035000801086426,0.4169008731842041,0.3975767195224762,0.4130677282810211,0.43700289726257324,0.46895840764045715,0.41563040018081665,0.47363945841789246,0.3973805904388428,0.4591781497001648,0.3962113559246063,0.47397541999816895,0.4232986569404602,0.5123769044876099,0.40259942412376404,0.5145189762115479,0.3863767981529236,0.5000224113464355
0.30377450585365295,0.4756297171115875,0.3214016258716583,0.39202582836151123,0.3528314232826233,0.3052079677581787,0.3722124993801117,0.23367004096508026,0.3728806972503662,0.16959217190742493,0.3968673050403595,0.3043777346611023,0.4486890137195587,0.3733547627925873,0.4275645911693573,0.3872202932834625,0.4070001542568207,0.37325146794319153,0.3997282385826111,0.35585081577301025,0.44393807649612427,0.42253848910331726,0.42065203189849854,0.4311612844467163,0.40131664276123047,0.41906940937042236,0.39866623282432556,0.4164803624153137,0.4356527328491211,0.47335749864578247,0.413942813873291,0.4758387506008148,0.3955616354942322,0.46130698919296265,0.3967810273170471,0.4780612587928772,0.4197898805141449,0.5146700739860535,0.3995755612850189,0.515355110168457,0.384366512298584,0.5014282464981079
0.3022972047328949,0.4690712094306946,0.3205622434616089,0.38703489303588867,0.35266751050949097,0.3052296042442322,0.37235623598098755,0.23543059825897217,0.3735516369342804,0.17164717614650726,0.3979119658470154,0.3048463463783264,0.44744205474853516,0.3780736029148102,0.4255533814430237,0.3911920487880707,0.4060305655002594,0.3771986663341522,0.40023019909858704,0.35459232330322266,0.44126996397972107,0.42647048830986023,0.4181499779224396,0.43363428115844727,0.40023404359817505,0.4215933382511139,0.3984226584434509,0.41442176699638367,0.4315202236175537,0.476021945476532,0.410372257232666,0.4766261875629425,0.393769234418869,0.46102437376976013,0.39595550298690796,0.47503161430358887,0.4158417880535126,0.5160882472991943,0.3963557779788971,0.5159302353858948,0.38277825713157654,0.501156210899353
0.2992726266384125,0.4726555049419403,0.3187021017074585,0.39081600308418274,0.35112902522087097,0.30752429366111755,0.37146392464637756,0.23730303347110748,0.3736806809902191,0.17350639402866364,0.39638057351112366,0.3094160556793213,0.4449995160102844,0.3832663297653198,0.4232650697231293,0.3972969651222229,0.403470516204834,0.3827044665813446,0.39808857440948486,0.359194815158844,0.4394126236438751,0.4321801960468292,0.41558149456977844,0.43966740369796753,0.3970823884010315,0.42599207162857056,0.39555585384368896,0.41909706592559814,0.43039438128471375,0.4813233017921448,0.4082256853580475,0.4823172688484192,0.3907942771911621,0.4660769999027252,0.39231035113334656,0.48026394844055176,0.4133712351322174,0.5206345319747925,0.39281195402145386,0.5207419991493225,0.3789111077785492,0.5061794519424438
0.2952624559402466,0.4716772437095642,0.31462159752845764,0.3910244405269623,0.34710586071014404,0.3070739209651947,0.36684751510620117,0.23662419617176056,0.36832675337791443,0.17325955629348755,0.39179253578186035,0.3058789074420929,0.4429602324962616,0.3811818063259125,0.42136386036872864,0.39509305357933044,0.4013058841228485,0.37991368770599365,0.3933311998844147,0.3541909158229828,0.4358409643173218,0.4301677644252777,0.41197988390922546,0.43782415986061096,0.39354395866394043,0.4242417812347412,0.3906201720237732,0.41306841373443604,0.4243011772632599,0.4797637164592743,0.40256163477897644,0.47998663783073425,0.38577979803085327,0.46250423789024353,0.38745665550231934,0.4736928641796112,0.40714287757873535,0.5182079672813416,0.38755664229393005,0.5177801251411438,0.37453487515449524,0.5022770762443542
0.29349201917648315,0.4732460081577301,0.313204824924469,0.39279401302337646,0.34704792499542236,0.30754801630973816,0.36630144715309143,0.2368765026330948,0.366610586643219,0.17384904623031616,0.39019960165023804,0.3053373098373413,0.44088485836982727,0.37972402572631836,0.4199327230453491,0.3940092623233795,0.3999668061733246,0.37956881523132324,0.3919695019721985,0.353402316570282,0.4341445565223694,0.4283406138420105,0.4108460545539856,0.43744730949401855,0.39277002215385437,0.424807071685791,0.38945379853248596,0.4126202464103699,0.4242129623889923,0.47856196761131287,0.40258339047431946,0.4802892804145813,0.38554492592811584,0.46324339509010315,0.3862603008747101,0.47333523631095886,0.40664249658584595,0.5187095999717712,0.38691246509552,0.5193279981613159,0.3732905387878418,0.5037760138511658
0.2937943935394287,0.4692823886871338,0.3134724795818329,0.3895534574985504,0.3460620045661926,0.30689993500709534,0.36601459980010986,0.23707802593708038,0.3670726716518402,0.17402270436286926,0.39030563831329346,0.30331507325172424,0.44095635414123535,0.37943291664123535,0.42007941007614136,0.3930147588253021,0.3998853266239166,0.37747976183891296,0.39163389801979065,0.35224035382270813,0.4344647526741028,0.4280429780483246,0.4110531806945801,0.4364922046661377,0.3925183117389679,0.42283013463020325,0.3888355493545532,0.4115118682384491,0.4241773784160614,0.4784194827079773,0.40265417098999023,0.4797302484512329,0.3854621648788452,0.4619843363761902,0.38539919257164,0.4722370207309723,0.4050261080265045,0.5185924768447876,0.3853839635848999,0.5191488862037659,0.3720580041408539,0.5029098987579346
0.29296213388442993,0.464364230632782,0.3136914372444153,0.38624340295791626,0.346786230802536,0.3034602105617523,0.3653287887573242,0.23361234366893768,0.3653409481048584,0.1710052490234375,0.38906046748161316,0.30161890387535095,0.44011539220809937,0.3760501742362976,0.4188532829284668,0.3895617127418518,0.3991849422454834,0.37421008944511414,0.3896084725856781,0.3491671681404114,0.433145135641098,0.42503443360328674,0.40995869040489197,0.4320632815361023,0.39175352454185486,0.41741323471069336,0.38629674911499023,0.4071181118488312,0.4214680790901184,0.4744974672794342,0.40041059255599976,0.4749705493450165,0.3840888738632202,0.45699286460876465,0.3824255168437958,0.46677470207214355,0.40297332406044006,0.5137038230895996,0.38359367847442627,0.5130615830421448,0.37060803174972534,0.4964773654937744
0.29235631227493286,0.46497365832328796,0.31315070390701294,0.38703519105911255,0.3473052382469177,0.3021193742752075,0.36495327949523926,0.23143714666366577,0.36402627825737,0.16889706254005432,0.38762933015823364,0.29994305968284607,0.4389452338218689,0.3725651800632477,0.41829758882522583,0.38574695587158203,0.3982354402542114,0.3710804879665375,0.38830867409706116,0.34630560874938965,0.4322813153266907,0.4219597578048706,0.409897118806839,0.42884522676467896,0.3915664851665497,0.4148974120616913,0.3857360780239105,0.40343260765075684,0.42138436436653137,0.4715418517589569,0.4005871117115021,0.4721035361289978,0.38410893082618713,0.4543886184692383,0.3830314576625824,0.46262532472610474,0.40534013509750366,0.5110130906105042,0.38582876324653625,0.5106804370880127,0.3722411096096039,0.49419423937797546
0.293573796749115,0.46015095710754395,0.31409943103790283,0.38204526901245117,0.3480483591556549,0.2968827486038208,0.3650098443031311,0.22608844935894012,0.3638004660606384,0.1639106720685959,0.3875869810581207,0.2953537702560425,0.4389497637748718,0.3703961968421936,0.4187069535255432,0.38178789615631104,0.399637371301651,0.3646408021450043,0.38669630885124207,0.34067633748054504,0.43165820837020874,0.41864603757858276,0.40896037220954895,0.42448610067367554,0.3908814489841461,0.4087361693382263,0.38278812170028687,0.3964654207229614,0.42099207639694214,0.4673735797405243,0.39963051676750183,0.46726641058921814,0.38312289118766785,0.448217511177063,0.3790547251701355,0.455095499753952,0.4044108986854553,0.5055819749832153,0.3844470977783203,0.5040718913078308,0.3701253831386566,0.4859165549278259
0.29276925325393677,0.45970115065574646,0.31230735778808594,0.3809983432292938,0.3468942940235138,0.29781848192214966,0.36426112055778503,0.22719085216522217,0.3632325530052185,0.1646701693534851,0.3843737244606018,0.2933025658130646,0.43762078881263733,0.36578238010406494,0.4177636504173279,0.3794674873352051,0.398615300655365,0.3626035451889038,0.38406991958618164,0.3379213511943817,0.4306906759738922,0.41303807497024536,0.4084102511405945,0.42098137736320496,0.3909023106098175,0.405069500207901,0.3810585141181946,0.3935813307762146,0.42048096656799316,0.4615989327430725,0.39912018179893494,0.4638078212738037,0.3831305503845215,0.44511350989341736,0.37800365686416626,0.4519508481025696,0.403961181640625,0.5016075372695923,0.38372886180877686,0.502007007598877,0.3695371150970459,0.48490461707115173
0.2932840585708618,0.46413177251815796,0.31229594349861145,0.38543298840522766,0.34631919860839844,0.30218416452407837,0.365058958530426,0.23270101845264435,0.36571061611175537,0.17071570456027985,0.3867855370044708,0.29760825634002686,0.4391917288303375,0.37095019221305847,0.4193378686904907,0.38473430275917053,0.4002082645893097,0.36845454573631287,0.3862966001033783,0.3432844281196594,0.4321885108947754,0.41861310601234436,0.4093135595321655,0.4266340732574463,0.3912363648414612,0.4112725257873535,0.38271281123161316,0.39965254068374634,0.42138445377349854,0.4677684009075165,0.399748295545578,0.469629168510437,0.38325369358062744,0.45129895210266113,0.3791157603263855,0.45866572856903076,0.40459099411964417,0.5077861547470093,0.3843701481819153,0.5076839327812195,0.3700752556324005,0.49013787508010864
0.2924541234970093,0.4677814841270447,0.31210023164749146,0.38901084661483765,0.3463103175163269,0.30592775344848633,0.3651255667209625,0.23583543300628662,0.36509475111961365,0.1726052612066269,0.38592293858528137,0.30192798376083374,0.4383212625980377,0.37564989924430847,0.4188108444213867,0.38942113518714905,0.3993249535560608,0.37265244126319885,0.3853283226490021,0.3479612469673157,0.4313651919364929,0.42328080534935,0.40888655185699463,0.43157312273979187,0.3904019892215729,0.41558578610420227,0.3814679980278015,0.4049511253833771,0.420932799577713,0.4723112881183624,0.3993164896965027,0.47440871596336365,0.3821682929992676,0.45553573966026306,0.37740358710289,0.4640864431858063,0.40322399139404297,0.5129719376564026,0.3830112814903259,0.5123800039291382,0.3681403696537018,0.4941328465938568
0.2922077178955078,0.46909207105636597,0.3102070987224579,0.3909780979156494,0.34357935190200806,0.30695974826812744,0.36151862144470215,0.2364128977060318,0.3614839017391205,0.17303752899169922,0.3843984305858612,0.2998177409172058,0.43711352348327637,0.3746594488620758,0.41659244894981384,0.389175683259964,0.3977580666542053,0.3727302849292755,0.3837665915489197,0.345645934343338,0.43011072278022766,0.42179709672927856,0.4070173501968384,0.4307020902633667,0.3890821933746338,0.4153517186641693,0.38061079382896423,0.4024226665496826,0.4192946255207062,0.4716240167617798,0.39709243178367615,0.4736798107624054,0.38043758273124695,0.45478713512420654,0.3777075409889221,0.4617305397987366,0.40305885672569275,0.5106879472732544,0.38225996494293213,0.5114043354988098,0.3677474856376648,0.49424755573272705
0.29044049978256226,0.4719379246234894,0.3081284761428833,0.3936261236667633,0.34187647700309753,0.3096553683280945,0.35992175340652466,0.23981091380119324,0.3602883815765381,0.17654551565647125,0.38254913687705994,0.3026719093322754,0.4351375102996826,0.37762215733528137,0.41567739844322205,0.39156481623649597,0.3968535363674164,0.3739817440509796,0.38106244802474976,0.34856247901916504,0.42854994535446167,0.4250171482563019,0.4055013358592987,0.4328773617744446,0.38701561093330383,0.4152834117412567,0.3769289553165436,0.4052983224391937,0.41818705201148987,0.47316083312034607,0.39591091871261597,0.4749104380607605,0.37867388129234314,0.4551386833190918,0.37302422523498535,0.46450483798980713,0.4016825258731842,0.5120187401771545,0.3813566267490387,0.5114091038703918,0.3660025894641876,0.4933336675167084
0.290194034576416,0.47388792037963867,0.30775806307792664,0.39536216855049133,0.3415226638317108,0.31031936407089233,0.3580405116081238,0.23883163928985596,0.3561978340148926,0.1748797446489334,0.37943488359451294,0.3000167906284332,0.43371108174324036,0.3736571967601776,0.4137430191040039,0.38844993710517883,0.3946607708930969,0.37022870779037476,0.37772008776664734,0.3449041247367859,0.4255809783935547,0.4223429560661316,0.4024339020252228,0.43135616183280945,0.38506263494491577,0.4137338399887085,0.3739157021045685,0.4013173580169678,0.4163348972797394,0.4704906940460205,0.3937253952026367,0.47310787439346313,0.37693893909454346,0.4532698690891266,0.37083715200424194,0.460119366645813,0.40063372254371643,0.5103515386581421,0.37989428639411926,0.5106126666069031,0.36455774307250977,0.4926043152809143
0.29011261463165283,0.4738357365131378,0.30782556533813477,0.3961062431335449,0.34166592359542847,0.31119757890701294,0.35836371779441833,0.2396729439496994,0.3573218286037445,0.17624011635780334,0.3800505995750427,0.3013451397418976,0.43378129601478577,0.3753851354122162,0.41407808661460876,0.3897048234939575,0.3953283727169037,0.37131598591804504,0.3778962194919586,0.34534308314323425,0.4262210726737976,0.4232044816017151,0.40337711572647095,0.4314501881599426,0.38581886887550354,0.4132329225540161,0.3737224340438843,0.4012221395969391,0.41623133420944214,0.4711715579032898,0.39377301931381226,0.47309207916259766,0.37682923674583435,0.45255088806152344,0.3703177571296692,0.4600675702095032,0.4004766047000885,0.5102496147155762,0.3798454701900482,0.5099077820777893,0.3643707036972046,0.49148795008659363
0.2890465259552002,0.47791680693626404,0.30479273200035095,0.3992104232311249,0.3377964496612549,0.31399720907211304,0.3543185889720917,0.24195896089076996,0.3525572419166565,0.1775216907262802,0.37438929080963135,0.30102723836898804,0.430736243724823,0.3729344606399536,0.41080939769744873,0.38942158222198486,0.39135023951530457,0.3727392256259918,0.3723911643028259,0.3443755805492401,0.4228403568267822,0.4209427535533905,0.39982712268829346,0.43136051297187805,0.38235926628112793,0.41445136070251465,0.36878085136413574,0.4000367522239685,0.41428953409194946,0.4688616394996643,0.3914908170700073,0.4732072055339813,0.37478238344192505,0.4541597366333008,0.36654457449913025,0.458608478307724,0.39912086725234985,0.5089543461799622,0.3783314824104309,0.5107575058937073,0.3629912734031677,0.4931616187095642
0.28737685084342957,0.4814653694629669,0.30466988682746887,0.40302062034606934,0.33787158131599426,0.31399020552635193,0.3511061668395996,0.24140606820583344,0.34666311740875244,0.17920084297657013,0.3670493960380554,0.29855626821517944,0.42599189281463623,0.3669723868370056,0.40715742111206055,0.38337641954421997,0.38837575912475586,0.3648895025253296,0.3634648323059082,0.3391682505607605,0.4187653362751007,0.4141249656677246,0.3970887064933777,0.4260595738887787,0.3805493414402008,0.4086146354675293,0.359253853559494,0.39286115765571594,0.41128021478652954,0.46153315901756287,0.3896775245666504,0.4682152271270752,0.37315380573272705,0.44964730739593506,0.3571501076221466,0.45042672753334045,0.3956686854362488,0.5033910274505615,0.3765067160129547,0.5076707005500793,0.3612832725048065,0.4903947412967682
0.28830599784851074,0.4828318953514099,0.3041020333766937,0.40451347827911377,0.3371536135673523,0.31399816274642944,0.34963729977607727,0.2409341186285019,0.3441949188709259,0.17919638752937317,0.36515042185783386,0.2981206178665161,0.42503631114959717,0.36340266466140747,0.4054727852344513,0.379916250705719,0.3861868977546692,0.36162272095680237,0.36217060685157776,0.33871743083000183,0.41831129789352417,0.410054475069046,0.39638084173202515,0.42204537987709045,0.3798086941242218,0.40626493096351624,0.35866525769233704,0.3922154903411865,0.41094455122947693,0.4575797915458679,0.3893226683139801,0.46422243118286133,0.37261831760406494,0.4469778835773468,0.3575771450996399,0.44964972138404846,0.39593032002449036,0.49955523014068604,0.37661662697792053,0.5037034749984741,0.3611760437488556,0.487234890460968
0.2870595157146454,0.4831725060939789,0.3034232258796692,0.4039553105831146,0.3366106152534485,0.31279700994491577,0.3493514955043793,0.23905520141124725,0.343678742647171,0.17709317803382874,0.3637847304344177,0.29692286252975464,0.4246143698692322,0.36192724108695984,0.4054342806339264,0.37978145480155945,0.38612547516822815,0.3623374104499817,0.3608892560005188,0.3368719816207886,0.4177750051021576,0.4088970124721527,0.3961571753025055,0.42180994153022766,0.3796103000640869,0.4060114920139313,0.3574981391429901,0.390353262424469,0.41070467233657837,0.45683395862579346,0.38930389285087585,0.46448269486427307,0.372754842042923,0.44746464490890503,0.35662177205085754,0.4482865333557129,0.39560312032699585,0.4997015595436096,0.37658217549324036,0.5045989751815796,0.36162269115448,0.4882332384586334
0.28590917587280273,0.4850706458091736,0.3016032576560974,0.4059377610683441,0.3351866900920868,0.3147446811199188,0.3488073945045471,0.2411467730998993,0.3430991768836975,0.17953510582447052,0.3610786199569702,0.2957195043563843,0.4225921034812927,0.35950225591659546,0.403131902217865,0.3791957199573517,0.38373810052871704,0.363059401512146,0.35748445987701416,0.3355635404586792,0.4154535233974457,0.40867188572883606,0.3930746912956238,0.4234483242034912,0.3768865764141083,0.40836775302886963,0.35356026887893677,0.389326274394989,0.40863534808158875,0.45622262358665466,0.3874550759792328,0.4646177291870117,0.3712846040725708,0.44735002517700195,0.35268279910087585,0.4474700689315796,0.3947053849697113,0.49956539273262024,0.3761745095252991,0.5038319826126099,0.36070168018341064,0.48658692836761475
0.2869635820388794,0.4851455092430115,0.30212634801864624,0.40550467371940613,0.33578890562057495,0.31430530548095703,0.3495714068412781,0.2411448359489441,0.34411564469337463,0.1790195107460022,0.3617614507675171,0.29533201456069946,0.42322081327438354,0.35999542474746704,0.403634250164032,0.37846145033836365,0.384196400642395,0.36192452907562256,0.3579826354980469,0.33529967069625854,0.4164108335971832,0.4090510606765747,0.3937331438064575,0.4221424460411072,0.3774089813232422,0.40676218271255493,0.3537783920764923,0.38901129364967346,0.4098874628543854,0.45648086071014404,0.3881494998931885,0.4634295105934143,0.3717501759529114,0.4460849463939667,0.3526425063610077,0.4470840096473694,0.39517104625701904,0.49927574396133423,0.3760707676410675,0.5023937821388245,0.36015287041664124,0.48471787571907043
0.28718286752700806,0.48606935143470764,0.30256345868110657,0.406232088804245,0.33598077297210693,0.3147556483745575,0.34940654039382935,0.24054786562919617,0.34400394558906555,0.17816130816936493,0.36232221126556396,0.2966059744358063,0.4241366684436798,0.36017343401908875,0.4044172167778015,0.3786872327327728,0.3844311535358429,0.3622264266014099,0.35844671726226807,0.3358624577522278,0.4167669415473938,0.40958529710769653,0.39435121417045593,0.42332521080970764,0.3779611587524414,0.407888263463974,0.35438254475593567,0.3892080783843994,0.41046422719955444,0.4563330411911011,0.3888673782348633,0.46475833654403687,0.3723198473453522,0.44775062799453735,0.35357362031936646,0.4472534954547882,0.39529016613960266,0.5002540946006775,0.37600722908973694,0.5049911737442017,0.36019089818000793,0.4875132441520691
0.2871359884738922,0.48347973823547363,0.30350613594055176,0.40347814559936523,0.3364504277706146,0.3125765323638916,0.34953218698501587,0.23845605552196503,0.3442949652671814,0.17629669606685638,0.3632665276527405,0.2968871295452118,0.42431238293647766,0.36063897609710693,0.40508103370666504,0.379007488489151,0.38501426577568054,0.3628033995628357,0.35978585481643677,0.33735764026641846,0.41777166724205017,0.40913233160972595,0.3961273431777954,0.42262405157089233,0.37908443808555603,0.4074840843677521,0.3558589816093445,0.3915104866027832,0.4109443426132202,0.4570155143737793,0.39009132981300354,0.4647594690322876,0.37333059310913086,0.44810962677001953,0.35472574830055237,0.44997459650039673,0.39629894495010376,0.4997750520706177,0.3779245615005493,0.5037112236022949,0.3622387647628784,0.4871952533721924
0.2872828245162964,0.47996580600738525,0.3034197986125946,0.40069207549095154,0.3376246690750122,0.3095460832118988,0.3512679934501648,0.2358144372701645,0.3462301194667816,0.17252588272094727,0.36665046215057373,0.29646429419517517,0.4256778359413147,0.3626098930835724,0.40637075901031494,0.37870875000953674,0.38690245151519775,0.36110779643058777,0.36326366662979126,0.3390010893344879,0.41849470138549805,0.4104114770889282,0.3965287506580353,0.4221035838127136,0.3795211613178253,0.40623900294303894,0.3590816855430603,0.39420202374458313,0.41127511858940125,0.45870357751846313,0.3898460566997528,0.46489402651786804,0.37292349338531494,0.4474342465400696,0.3568684756755829,0.45266473293304443,0.39630126953125,0.5018519759178162,0.37736257910728455,0.5051097273826599,0.36169201135635376,0.488851934671402
0.28652846813201904,0.4783761501312256,0.30207937955856323,0.39940425753593445,0.3367188274860382,0.3090614378452301,0.351640522480011,0.2359953671693802,0.34728100895881653,0.17258161306381226,0.36643487215042114,0.2955514192581177,0.4249739646911621,0.36221855878829956,0.4055386185646057,0.37823671102523804,0.3861842751502991,0.3613669276237488,0.36334505677223206,0.33776816725730896,0.4180378019809723,0.4098910689353943,0.3960992991924286,0.4209356904029846,0.3787496089935303,0.404876172542572,0.3596607446670532,0.39229339361190796,0.41051021218299866,0.4570469260215759,0.3891506791114807,0.46356838941574097,0.37228551506996155,0.44671133160591125,0.35789719223976135,0.45023322105407715,0.39603155851364136,0.49904221296310425,0.3768337368965149,0.5033491849899292,0.3613974153995514,0.48787251114845276
0.2880391478538513,0.4752057194709778,0.30418869853019714,0.3973998427391052,0.338456928730011,0.306609183549881,0.35265249013900757,0.23300088942050934,0.3480343222618103,0.1695910096168518,0.3677756190299988,0.2934468388557434,0.4265810251235962,0.36169353127479553,0.4067375361919403,0.3780999183654785,0.38722655177116394,0.3599452078342438,0.36442723870277405,0.3358084261417389,0.41929465532302856,0.4094255566596985,0.39672887325286865,0.42106887698173523,0.37960320711135864,0.4047141373157501,0.36026981472969055,0.39077335596084595,0.41173020005226135,0.45767349004745483,0.3897022604942322,0.46363604068756104,0.3727765381336212,0.4458251893520355,0.3582626283168793,0.44934210181236267,0.3965432643890381,0.5003917217254639,0.37694087624549866,0.503425657749176,0.36148303747177124,0.4864523708820343
0.2878493666648865,0.4759388864040375,0.3042534589767456,0.39693495631217957,0.33815997838974,0.30580878257751465,0.35202744603157043,0.23220838606357574,0.34733274579048157,0.16998696327209473,0.3670380711555481,0.29112425446510315,0.4264032244682312,0.35881805419921875,0.40654101967811584,0.3763812482357025,0.38718539476394653,0.3592486083507538,0.36353886127471924,0.3323819637298584,0.4189178943634033,0.4066023826599121,0.3965775668621063,0.4185650944709778,0.37968236207962036,0.40255895256996155,0.35928937792778015,0.38649311661720276,0.41105741262435913,0.45476722717285156,0.389354944229126,0.4610860347747803,0.3725857138633728,0.44356799125671387,0.35731783509254456,0.4446420669555664,0.39605939388275146,0.49668535590171814,0.3772963285446167,0.500442624092102,0.3621760308742523,0.48421430587768555
0.2859482169151306,0.47791776061058044,0.3014930188655853,0.3998377025127411,0.3350701332092285,0.3080918788909912,0.348904550075531,0.23429127037525177,0.3441731929779053,0.1715298593044281,0.3611329197883606,0.28981494903564453,0.4252205491065979,0.3522704839706421,0.4062998592853546,0.36988046765327454,0.3855366110801697,0.35393446683883667,0.3576609790325165,0.3316617012023926,0.41951581835746765,0.3990401327610016,0.397235631942749,0.41122734546661377,0.37871673703193665,0.3958410918712616,0.3541995882987976,0.3862058222293854,0.4133242070674896,0.44610175490379333,0.391435831785202,0.45234501361846924,0.37262964248657227,0.43569713830947876,0.3534090220928192,0.4445766508579254,0.39899688959121704,0.48782405257225037,0.37992990016937256,0.4900738000869751,0.36199209094047546,0.47434505820274353
0.2837732136249542,0.4794144630432129,0.2988930642604828,0.39589524269104004,0.3316526412963867,0.3022906482219696,0.34623026847839355,0.22843240201473236,0.34069183468818665,0.1660168319940567,0.35448381304740906,0.28497737646102905,0.4210380017757416,0.34129273891448975,0.4032093286514282,0.36068156361579895,0.38172411918640137,0.3484683632850647,0.3513716757297516,0.32879528403282166,0.4169217050075531,0.39075297117233276,0.3947190046310425,0.40446776151657104,0.37529444694519043,0.3922729194164276,0.3491079807281494,0.38466158509254456,0.41386502981185913,0.4373292028903961,0.39180514216423035,0.44472837448120117,0.37155577540397644,0.4320637285709381,0.34939849376678467,0.44289785623550415,0.4018608629703522,0.47957131266593933,0.38391149044036865,0.4819217324256897,0.3647105395793915,0.46948185563087463
0.28381720185279846,0.48221853375434875,0.299090713262558,0.3986036777496338,0.3313625752925873,0.303638219833374,0.3458274006843567,0.22853797674179077,0.3412860631942749,0.16578789055347443,0.35437899827957153,0.2869054079055786,0.4211093485355377,0.34163883328437805,0.4025319218635559,0.3609122037887573,0.38080283999443054,0.34865158796310425,0.35092097520828247,0.330342173576355,0.41701260209083557,0.39139214158058167,0.39426931738853455,0.4047515094280243,0.3750384449958801,0.3923988342285156,0.34822723269462585,0.38572752475738525,0.4129630923271179,0.43859463930130005,0.39076346158981323,0.44567185640335083,0.3709355592727661,0.4326537549495697,0.34842878580093384,0.4437553286552429,0.4002389907836914,0.4813404977321625,0.38167309761047363,0.48368436098098755,0.3624178171157837,0.4702990651130676
0.2836652398109436,0.4836091697216034,0.29887646436691284,0.3986879289150238,0.3313392996788025,0.3041122257709503,0.34726038575172424,0.22925516963005066,0.34244653582572937,0.1663173884153366,0.35307368636131287,0.2871832251548767,0.42022573947906494,0.3402809202671051,0.4020144045352936,0.36037465929985046,0.3802639842033386,0.3498641550540924,0.3496299088001251,0.33118200302124023,0.4158279597759247,0.39375147223472595,0.3935992121696472,0.40712612867355347,0.37457960844039917,0.395261287689209,0.34716692566871643,0.3868696093559265,0.4124717712402344,0.4401823878288269,0.39093512296676636,0.44681376218795776,0.3714568316936493,0.43411585688591003,0.347724974155426,0.44473639130592346,0.4001767933368683,0.482580304145813,0.3821563124656677,0.48476511240005493,0.36306095123291016,0.47162681818008423
0.2843846380710602,0.48451316356658936,0.29910337924957275,0.4005449712276459,0.33138608932495117,0.3044922947883606,0.34660518169403076,0.22946590185165405,0.34206515550613403,0.16672076284885406,0.35322555899620056,0.2865699827671051,0.42049452662467957,0.3418525159358978,0.4026506543159485,0.36247727274894714,0.38080522418022156,0.3516196310520172,0.34990760684013367,0.3300505578517914,0.41650524735450745,0.39208948612213135,0.39461398124694824,0.40613892674446106,0.37520384788513184,0.39406850934028625,0.3475000560283661,0.3852636218070984,0.4127205014228821,0.4389403760433197,0.39113014936447144,0.446927011013031,0.37126314640045166,0.43399083614349365,0.3481418490409851,0.44311532378196716,0.40026700496673584,0.4819951057434082,0.3820919096469879,0.4849652051925659,0.3626640737056732,0.47148770093917847
0.2831228971481323,0.4863355755805969,0.2995591163635254,0.4010211229324341,0.33179521560668945,0.30616918206214905,0.3466741740703583,0.23183736205101013,0.3448675274848938,0.16986709833145142,0.3486900329589844,0.28001293540000916,0.41954219341278076,0.32966315746307373,0.40205493569374084,0.3557273745536804,0.3780343532562256,0.3485416769981384,0.34477150440216064,0.32299232482910156,0.4152454137802124,0.38189125061035156,0.3938482701778412,0.4007139503955841,0.3739566504955292,0.39050668478012085,0.3426407277584076,0.378545880317688,0.4117486774921417,0.42755550146102905,0.39037570357322693,0.4402364492416382,0.3705365061759949,0.42940855026245117,0.34373486042022705,0.4365270435810089,0.4025823771953583,0.4690573215484619,0.38700947165489197,0.47574567794799805,0.3681752383708954,0.46652930974960327
0.2848401665687561,0.48764172196388245,0.30075985193252563,0.4033302366733551,0.33368048071861267,0.3092500865459442,0.3497752249240875,0.2346997857093811,0.3481699228286743,0.17274759709835052,0.35150429606437683,0.2864058315753937,0.4187381863594055,0.3349283039569855,0.40113070607185364,0.3597624599933624,0.37896791100502014,0.3524419069290161,0.34892764687538147,0.32874199748039246,0.4148194193840027,0.389431893825531,0.39307570457458496,0.4067552387714386,0.37433016300201416,0.3960365951061249,0.3476376533508301,0.3836788833141327,0.4119701385498047,0.4357438087463379,0.39044100046157837,0.4461129605770111,0.37147098779678345,0.43395233154296875,0.34912198781967163,0.44064533710479736,0.4025763273239136,0.4770616292953491,0.38541918992996216,0.4824824035167694,0.3670559227466583,0.4710637927055359
0.28558075428009033,0.4845364987850189,0.30152857303619385,0.40203213691711426,0.33489516377449036,0.30937284231185913,0.3510713577270508,0.23509955406188965,0.3488336205482483,0.1733124703168869,0.3557452857494354,0.2882917821407318,0.41975536942481995,0.3410414457321167,0.4017648696899414,0.36337000131607056,0.38076290488243103,0.35296568274497986,0.35309988260269165,0.32910752296447754,0.41578221321105957,0.3941088020801544,0.3939109742641449,0.4093574285507202,0.3762049674987793,0.3966199457645416,0.3510100841522217,0.3825071454048157,0.41110435128211975,0.44035598635673523,0.38971737027168274,0.44928810000419617,0.37198442220687866,0.43488025665283203,0.35166314244270325,0.43910956382751465,0.40026894211769104,0.4824540317058563,0.3815954923629761,0.4872173070907593,0.3637371063232422,0.47295600175857544
0.28665614128112793,0.4855450391769409,0.3016354441642761,0.4024288058280945,0.33458825945854187,0.30996161699295044,0.35048994421958923,0.23601843416690826,0.34695231914520264,0.17467956244945526,0.35628730058670044,0.29021042585372925,0.4208846390247345,0.3427170515060425,0.4030691683292389,0.3652656376361847,0.3823206126689911,0.35492247343063354,0.35375139117240906,0.3308646082878113,0.4163927137851715,0.39616432785987854,0.39465343952178955,0.41164588928222656,0.3769892752170563,0.3984745144844055,0.35194018483161926,0.3839735984802246,0.41180747747421265,0.44273534417152405,0.3902667462825775,0.4513813257217407,0.3725121021270752,0.43620508909225464,0.3529725670814514,0.4398953914642334,0.40033039450645447,0.48454102873802185,0.381479412317276,0.48913729190826416,0.36393970251083374,0.47394660115242004
0.28747284412384033,0.4861859679222107,0.30382239818573,0.4054270088672638,0.3374389708042145,0.31247618794441223,0.35280555486679077,0.23742714524269104,0.34946227073669434,0.17589278519153595,0.3603178560733795,0.29361993074417114,0.423661470413208,0.34880098700523376,0.4059893786907196,0.3703274130821228,0.38645705580711365,0.3590126633644104,0.3570205867290497,0.33391934633255005,0.4172632396221161,0.40228548645973206,0.39551734924316406,0.4173395037651062,0.37859469652175903,0.4039635956287384,0.3540058135986328,0.38741543889045715,0.41079825162887573,0.4494912624359131,0.3896416425704956,0.45782607793807983,0.3730979263782501,0.4420659840106964,0.3537518084049225,0.4442538619041443,0.3988151550292969,0.49297845363616943,0.38035690784454346,0.49733906984329224,0.3640907108783722,0.4814866781234741
0.28991347551345825,0.4797791540622711,0.30571413040161133,0.4013497531414032,0.3407983183860779,0.3141150176525116,0.3586648106575012,0.24257783591747284,0.35625115036964417,0.1814412921667099,0.3678824007511139,0.29837554693222046,0.4267520010471344,0.3590298295021057,0.40809664130210876,0.3773263394832611,0.38889503479003906,0.3638268709182739,0.36525842547416687,0.33934590220451355,0.4204748868942261,0.4102902114391327,0.3991895318031311,0.42250585556030273,0.3828777074813843,0.40750065445899963,0.3620041310787201,0.3930363357067108,0.41400963068008423,0.45729222893714905,0.39332228899002075,0.4639580547809601,0.3775635063648224,0.44756829738616943,0.3610619604587555,0.45012587308883667,0.4009755253791809,0.49959662556648254,0.3825567364692688,0.5030034780502319,0.36761030554771423,0.48667776584625244
0.2897706627845764,0.4768637418746948,0.3071082830429077,0.3993198871612549,0.3438829779624939,0.312943696975708,0.362136572599411,0.2422126680612564,0.36034485697746277,0.17981785535812378,0.3722628355026245,0.30074751377105713,0.42979300022125244,0.3679060935974121,0.41059410572052,0.3839353322982788,0.39179638028144836,0.366595596075058,0.36874958872795105,0.34339791536331177,0.42256292700767517,0.41523221135139465,0.4008440673351288,0.4254877269268036,0.3840925693511963,0.4085606634616852,0.3645898997783661,0.3979214131832123,0.41366350650787354,0.46320563554763794,0.3925580382347107,0.46797603368759155,0.3764488995075226,0.4500657320022583,0.3623776435852051,0.455314040184021,0.4007667899131775,0.5038257241249084,0.38192036747932434,0.5056217312812805,0.36669912934303284,0.4886486530303955
0.29077863693237305,0.47301536798477173,0.3085111081600189,0.39657387137413025,0.34427502751350403,0.31096014380455017,0.36133673787117004,0.23966607451438904,0.35967782139778137,0.17659778892993927,0.3761553168296814,0.30099165439605713,0.431173712015152,0.3698849081993103,0.41181132197380066,0.38635942339897156,0.3931090831756592,0.3695438802242279,0.3729996681213379,0.34440314769744873,0.42330101132392883,0.41794726252555847,0.4012072682380676,0.42862817645072937,0.38461825251579285,0.41112247109413147,0.3689197599887848,0.3999946713447571,0.4155964255332947,0.46514368057250977,0.39397063851356506,0.4704055190086365,0.3777296543121338,0.452064573764801,0.3665348291397095,0.45782896876335144,0.4032561779022217,0.5049093961715698,0.383638471364975,0.5073092579841614,0.36818021535873413,0.4909732937812805
0.2895556092262268,0.46391332149505615,0.3071327209472656,0.3878540098667145,0.3430846333503723,0.30351194739341736,0.36058032512664795,0.23301179707050323,0.35913464426994324,0.16987809538841248,0.3755813241004944,0.2953399121761322,0.4292362928390503,0.36681631207466125,0.409809947013855,0.38131579756736755,0.39143580198287964,0.36335355043411255,0.372583270072937,0.33766481280326843,0.42160356044769287,0.41347259283065796,0.3995252549648285,0.42224806547164917,0.3830319344997406,0.40477925539016724,0.36832118034362793,0.3919491767883301,0.4128619134426117,0.45966580510139465,0.3917807936668396,0.46298980712890625,0.3760925531387329,0.444227933883667,0.36544501781463623,0.4487631320953369,0.3997955918312073,0.4983150362968445,0.38068151473999023,0.4988868236541748,0.36618873476982117,0.4818344712257385
0.2904651165008545,0.45443445444107056,0.3086167871952057,0.37922194600105286,0.34292590618133545,0.29998505115509033,0.3601071238517761,0.2312021702528,0.35900387167930603,0.1686764508485794,0.37954777479171753,0.294770747423172,0.4301440119743347,0.3681046962738037,0.41061729192733765,0.3810480237007141,0.3925386965274811,0.3628261387348175,0.3764277994632721,0.33700644969940186,0.4227280616760254,0.41330477595329285,0.4009273946285248,0.42038407921791077,0.3841857314109802,0.4028390645980835,0.3715274930000305,0.3903621435165405,0.41250431537628174,0.4593585729598999,0.39146286249160767,0.4607093036174774,0.37594079971313477,0.44146227836608887,0.36741065979003906,0.44596734642982483,0.3989163339138031,0.49686676263809204,0.37971508502960205,0.4958297312259674,0.36536553502082825,0.478046178817749
0.2899579405784607,0.46152830123901367,0.3082275688648224,0.38505154848098755,0.3425244390964508,0.30429020524024963,0.3596877455711365,0.23561282455921173,0.3583158850669861,0.17396406829357147,0.3802970051765442,0.29885217547416687,0.4308280944824219,0.3740262985229492,0.4109693765640259,0.3863601088523865,0.3926464319229126,0.36773601174354553,0.37830695509910583,0.34159258008003235,0.4233104884624481,0.4202408492565155,0.4008718729019165,0.42643633484840393,0.38395535945892334,0.4086143672466278,0.3737770617008209,0.39540717005729675,0.41251707077026367,0.4655376672744751,0.39124953746795654,0.4665774405002594,0.3758012056350708,0.44701969623565674,0.3699171543121338,0.45211267471313477,0.399854838848114,0.5037673115730286,0.38061749935150146,0.5030369758605957,0.36633896827697754,0.4850669503211975
0.29142576456069946,0.4637834131717682,0.3095153868198395,0.3891390860080719,0.3405928611755371,0.3093304932117462,0.35647568106651306,0.2412475049495697,0.35589706897735596,0.18023362755775452,0.3810075521469116,0.30068397521972656,0.43038249015808105,0.3774387836456299,0.4096872806549072,0.391805499792099,0.3914559483528137,0.37508144974708557,0.37911224365234375,0.3421474099159241,0.4240565001964569,0.42281877994537354,0.40151506662368774,0.4305959641933441,0.3843594491481781,0.41375401616096497,0.3745638430118561,0.3953065872192383,0.413126140832901,0.4687792658805847,0.3919605016708374,0.4709573984146118,0.37635543942451477,0.4518391788005829,0.3706018626689911,0.45167800784111023,0.4002472758293152,0.5052010416984558,0.3812560737133026,0.5053969621658325,0.36692842841148376,0.4877055287361145
0.2889128029346466,0.4656437039375305,0.30655452609062195,0.39056283235549927,0.3380005955696106,0.31121203303337097,0.35336390137672424,0.24324481189250946,0.350155234336853,0.1820208579301834,0.3772866427898407,0.30133476853370667,0.42828789353370667,0.3768938481807709,0.40754440426826477,0.390686571598053,0.3892344832420349,0.37313538789749146,0.3760572373867035,0.34143900871276855,0.42108574509620667,0.4223051071166992,0.3987431824207306,0.42967134714126587,0.3822048604488373,0.4127165973186493,0.3718172013759613,0.3938482999801636,0.41061535477638245,0.4678668677806854,0.3896205723285675,0.46967369318008423,0.3744299113750458,0.4504835903644562,0.3680710792541504,0.4496036171913147,0.39702820777893066,0.504257082939148,0.37804365158081055,0.5043186545372009,0.36393406987190247,0.48635900020599365
0.2899603545665741,0.4687085747718811,0.3066524863243103,0.39460158348083496,0.3375903367996216,0.3170216977596283,0.3540569543838501,0.25087761878967285,0.35377195477485657,0.19075505435466766,0.3780265748500824,0.30660754442214966,0.42824608087539673,0.3829514980316162,0.4086838960647583,0.39812135696411133,0.39085477590560913,0.3811209499835968,0.37667301297187805,0.34763070940971375,0.421884685754776,0.42966943979263306,0.3993484675884247,0.437896728515625,0.38254719972610474,0.42037492990493774,0.3725912272930145,0.4003300964832306,0.41182026267051697,0.4754377007484436,0.3901980519294739,0.477159321308136,0.374858021736145,0.4567878842353821,0.3690548837184906,0.45585623383522034,0.3973802626132965,0.510849118232727,0.3776584565639496,0.5111048221588135,0.3634690046310425,0.49220046401023865
0.2897286117076874,0.47092509269714355,0.3059588074684143,0.39699628949165344,0.337870717048645,0.3192003667354584,0.35460662841796875,0.2530510425567627,0.3529001772403717,0.1913861632347107,0.3765026926994324,0.3080098032951355,0.4268994927406311,0.3837854564189911,0.4070360064506531,0.39720821380615234,0.3894554674625397,0.3797379434108734,0.3744703233242035,0.3481532037258148,0.4191761314868927,0.4307490885257721,0.3967394232749939,0.4370385408401489,0.38077059388160706,0.4189220666885376,0.37019890546798706,0.4003683030605316,0.4097244143486023,0.4762207269668579,0.38795334100723267,0.4761783480644226,0.3730008006095886,0.45536091923713684,0.36670762300491333,0.455680787563324,0.3962039053440094,0.511085033416748,0.37690141797065735,0.5098050236701965,0.36302322149276733,0.49000245332717896
0.2889804244041443,0.47112345695495605,0.3051239848136902,0.39815592765808105,0.3378835916519165,0.3201836049556732,0.35362347960472107,0.253324419260025,0.3509331941604614,0.19157572090625763,0.37532123923301697,0.3076585531234741,0.4256281852722168,0.3846544921398163,0.40560901165008545,0.3987363576889038,0.387592613697052,0.3809654116630554,0.37235450744628906,0.34783852100372314,0.4185279607772827,0.431436151266098,0.39590638875961304,0.43888694047927856,0.3796581029891968,0.4205264449119568,0.36763638257980347,0.400093138217926,0.4097970426082611,0.476102352142334,0.38789549469947815,0.4776027500629425,0.3726561665534973,0.4572070240974426,0.36416277289390564,0.4554840326309204,0.39615726470947266,0.5109567642211914,0.3767218291759491,0.5102788805961609,0.36250779032707214,0.49090948700904846
0.293271541595459,0.4745793044567108,0.311465322971344,0.39971956610679626,0.3429884910583496,0.3228916525840759,0.3595600724220276,0.2569214701652527,0.3572481572628021,0.1967782825231552,0.3823964595794678,0.31127598881721497,0.433483362197876,0.38454148173332214,0.41376858949661255,0.4007551968097687,0.3952940106391907,0.3862861096858978,0.3823072016239166,0.3536641597747803,0.42636942863464355,0.43166494369506836,0.40446120500564575,0.44044941663742065,0.3875466585159302,0.4250233769416809,0.3790813684463501,0.40731245279312134,0.41471749544143677,0.47903209924697876,0.39420297741889954,0.48137688636779785,0.37923648953437805,0.46271586418151855,0.37579265236854553,0.4632054269313812,0.4007563889026642,0.5167922973632812,0.38156208395957947,0.5180385112762451,0.367861270904541,0.500098466873169
0.29106366634368896,0.49237096309661865,0.3084169924259186,0.41644757986068726,0.3421277105808258,0.3380287289619446,0.3599318861961365,0.2706826329231262,0.35871538519859314,0.20655514299869537,0.3800499737262726,0.3284494876861572,0.4312639832496643,0.40411266684532166,0.41157928109169006,0.42058590054512024,0.392691433429718,0.4042915403842926,0.3778557777404785,0.37100133299827576,0.42429953813552856,0.45155537128448486,0.40129339694976807,0.46162545680999756,0.3838227093219757,0.4440327286720276,0.3725597560405731,0.4262021780014038,0.41532620787620544,0.4982380270957947,0.39338669180870056,0.5014421939849854,0.37730538845062256,0.48212647438049316,0.36753275990486145,0.48370012640953064,0.39889881014823914,0.5356694459915161,0.37962183356285095,0.535452663898468,0.3651100695133209,0.5177636742591858
0.2875187397003174,0.5096238851547241,0.30661287903785706,0.431986540555954,0.3417753577232361,0.35183513164520264,0.3597005307674408,0.28243035078048706,0.3582475185394287,0.21954691410064697,0.37766900658607483,0.34784066677093506,0.4311293959617615,0.41928157210350037,0.4122222363948822,0.4341122806072235,0.3931598961353302,0.41823020577430725,0.3751647174358368,0.3912639021873474,0.4231090545654297,0.46699094772338867,0.4011160433292389,0.47492653131484985,0.3831918239593506,0.4573161005973816,0.37014180421829224,0.4466262459754944,0.4129045009613037,0.5141035914421082,0.39189422130584717,0.5160720944404602,0.3753783106803894,0.49716001749038696,0.36547714471817017,0.5037739872932434,0.3989076018333435,0.5529966354370117,0.37967610359191895,0.5516681671142578,0.363720566034317,0.5338736772537231
0.28938600420951843,0.5248928070068359,0.3081977665424347,0.44795599579811096,0.3435734808444977,0.36617499589920044,0.3619427978992462,0.29701727628707886,0.3591346740722656,0.23443418741226196,0.3797886073589325,0.36513301730155945,0.43141958117485046,0.4379708468914032,0.4113936722278595,0.4491840600967407,0.3925274610519409,0.4304739236831665,0.37771958112716675,0.4101335108280182,0.4248935580253601,0.4851621687412262,0.4019227623939514,0.4900789260864258,0.3837209939956665,0.4719425141811371,0.37280401587486267,0.4654552638530731,0.4145762324333191,0.5312256813049316,0.39298999309539795,0.5304549932479858,0.3758934438228607,0.5110405683517456,0.3680097162723541,0.5224667191505432,0.3995533287525177,0.5690411925315857,0.37991997599601746,0.5659851431846619,0.36419299244880676,0.547649085521698
0.2898598909378052,0.5304259657859802,0.3078566789627075,0.4550006091594696,0.3429238200187683,0.37591156363487244,0.3610875904560089,0.3082488775253296,0.3583471477031708,0.24593165516853333,0.38031017780303955,0.37130823731422424,0.4320981502532959,0.4453199803829193,0.41172119975090027,0.45665451884269714,0.39369213581085205,0.4372803270816803,0.37720176577568054,0.41404756903648376,0.4246498644351959,0.4898380935192108,0.4015994966030121,0.49517637491226196,0.3845099210739136,0.4775959551334381,0.37171483039855957,0.4675212800502777,0.41433951258659363,0.5354963541030884,0.3925774097442627,0.5353792309761047,0.37627699971199036,0.5161804556846619,0.36704587936401367,0.5240306854248047,0.4010542333126068,0.573374330997467,0.38165706396102905,0.5709515810012817,0.3660241663455963,0.5525046586990356
0.2925836741924286,0.5218693017959595,0.3106110990047455,0.44994765520095825,0.3448679745197296,0.37409693002700806,0.36313480138778687,0.3087500035762787,0.36167487502098083,0.24815531075000763,0.38299983739852905,0.3712885081768036,0.43186819553375244,0.44280195236206055,0.41201144456863403,0.45444485545158386,0.39437413215637207,0.43685346841812134,0.3800447881221771,0.4129820466041565,0.4250676929950714,0.48643365502357483,0.40324971079826355,0.49252939224243164,0.3868997395038605,0.47548943758010864,0.3746570348739624,0.4646405577659607,0.4141849875450134,0.530023992061615,0.3934842050075531,0.5309280753135681,0.37815165519714355,0.5126613974571228,0.37003055214881897,0.519199013710022,0.4008944630622864,0.5661246180534363,0.38171088695526123,0.5647887587547302,0.366886705160141,0.5474533438682556
0.2935822606086731,0.5107061862945557,0.3110039532184601,0.4399756193161011,0.34467533230781555,0.3642041087150574,0.36165308952331543,0.2988165020942688,0.3585880994796753,0.23831355571746826,0.38002651929855347,0.3552923798561096,0.42975521087646484,0.43189552426338196,0.41030392050743103,0.44478464126586914,0.3930681645870209,0.4252793490886688,0.3772346079349518,0.3955479562282562,0.4223802983760834,0.4744448661804199,0.4010910093784332,0.4813971519470215,0.3852788507938385,0.46311140060424805,0.372343510389328,0.44740399718284607,0.4113498628139496,0.5178053975105286,0.3910923898220062,0.5190911293029785,0.37610381841659546,0.49977579712867737,0.36839181184768677,0.5016646385192871,0.3970888555049896,0.5521129369735718,0.3783126473426819,0.5512284636497498,0.3640797436237335,0.5333355665206909
0.29231905937194824,0.4960515797138214,0.30996158719062805,0.4271591305732727,0.34289786219596863,0.3517210781574249,0.35811811685562134,0.2865085005760193,0.3549099266529083,0.22694656252861023,0.3758300244808197,0.3414355516433716,0.4253130257129669,0.41517484188079834,0.40599745512008667,0.4289793372154236,0.38902565836906433,0.4100048542022705,0.37304478883743286,0.3807514011859894,0.4184788465499878,0.4570874273777008,0.3969306945800781,0.46527165174484253,0.38150689005851746,0.4463999569416046,0.3685202896595001,0.4313186705112457,0.40901702642440796,0.5000621676445007,0.38783973455429077,0.5029011368751526,0.3726843595504761,0.48354899883270264,0.36474111676216125,0.4842490553855896,0.3954017162322998,0.5351681113243103,0.37649625539779663,0.5358418822288513,0.36203524470329285,0.5189763307571411
0.2879096567630768,0.48789459466934204,0.30613571405410767,0.41883403062820435,0.3385717570781708,0.34191837906837463,0.3533546030521393,0.2762226462364197,0.3509671092033386,0.21725121140480042,0.37176698446273804,0.32969164848327637,0.422256737947464,0.40193068981170654,0.4032279849052429,0.41582944989204407,0.38572028279304504,0.3986479640007019,0.36828160285949707,0.36884066462516785,0.41443780064582825,0.44540056586265564,0.39312049746513367,0.45291540026664734,0.37735116481781006,0.43471968173980713,0.3633519113063812,0.4194127917289734,0.40501073002815247,0.4881804883480072,0.38400107622146606,0.49009859561920166,0.3685770034790039,0.47060197591781616,0.3595443367958069,0.47299256920814514,0.3912346065044403,0.5231290459632874,0.37218472361564636,0.5229676961898804,0.35714957118034363,0.5049104690551758
0.28084659576416016,0.48235946893692017,0.29832836985588074,0.41174253821372986,0.33090314269065857,0.334989458322525,0.34549880027770996,0.26994049549102783,0.3440944254398346,0.21149620413780212,0.3643953800201416,0.3226543664932251,0.41511690616607666,0.3966975510120392,0.3966394066810608,0.41046658158302307,0.37958693504333496,0.3913491368293762,0.3608724772930145,0.3619086742401123,0.4087172746658325,0.43957221508026123,0.38704219460487366,0.4467056393623352,0.37080392241477966,0.4271971881389618,0.35590776801109314,0.4127167761325836,0.39941564202308655,0.4830673635005951,0.37780410051345825,0.48413777351379395,0.36213168501853943,0.4635341763496399,0.35196653008461,0.4665868282318115,0.3834351897239685,0.5171095728874207,0.3640850782394409,0.5160133242607117,0.34952983260154724,0.49733731150627136
0.27536171674728394,0.4780089259147644,0.2923680543899536,0.40726804733276367,0.3250300884246826,0.3295365869998932,0.33907201886177063,0.2640342116355896,0.3355048596858978,0.20522861182689667,0.3550892472267151,0.31558024883270264,0.40774038434028625,0.38896018266677856,0.3899441957473755,0.4022415280342102,0.37301209568977356,0.38199424743652344,0.35097140073776245,0.35491448640823364,0.4005509316921234,0.4316547214984894,0.3799095153808594,0.4389868676662445,0.36402469873428345,0.4194391071796417,0.345767080783844,0.40598025918006897,0.3918926417827606,0.47535440325737,0.371502161026001,0.47771430015563965,0.3559637665748596,0.4580855071544647,0.34190234541893005,0.46010369062423706,0.37661150097846985,0.5105112791061401,0.3588818609714508,0.5102116465568542,0.3443705141544342,0.492837131023407
0.27094271779060364,0.4793013334274292,0.2883608639240265,0.40767133235931396,0.3207349181175232,0.326743483543396,0.33386388421058655,0.2600044012069702,0.3294893205165863,0.20191431045532227,0.34908345341682434,0.31508275866508484,0.40211135149002075,0.3859858512878418,0.3842756152153015,0.4015110731124878,0.3672149181365967,0.3821586072444916,0.3456595540046692,0.3544626235961914,0.3963139057159424,0.4294809401035309,0.375667929649353,0.43961185216903687,0.3596745431423187,0.4216555058956146,0.34115174412727356,0.4055447280406952,0.3879675269126892,0.47466111183166504,0.36770424246788025,0.4784379303455353,0.352029412984848,0.4595862030982971,0.33785152435302734,0.45921269059181213,0.3734382688999176,0.509533166885376,0.35621196031570435,0.5101628303527832,0.34209150075912476,0.4941786229610443
0.2598412036895752,0.48649862408638,0.2775217890739441,0.41372931003570557,0.3112146854400635,0.33249759674072266,0.32532456517219543,0.2649586796760559,0.32029300928115845,0.20621386170387268,0.33749157190322876,0.3183555006980896,0.39303553104400635,0.3844715356826782,0.37514612078666687,0.399934321641922,0.35753101110458374,0.3821883499622345,0.3336710035800934,0.35688620805740356,0.38662558794021606,0.4294714331626892,0.36587512493133545,0.43910643458366394,0.3497416377067566,0.42129480838775635,0.3289269208908081,0.40752455592155457,0.37745967507362366,0.4748411774635315,0.3571663200855255,0.4781000018119812,0.34138041734695435,0.4585729241371155,0.3256171941757202,0.46095821261405945,0.36217570304870605,0.5116515755653381,0.34451937675476074,0.5123570561408997,0.33003681898117065,0.4949108958244324
0.2577154040336609,0.48923200368881226,0.27517274022102356,0.41678863763809204,0.3091523051261902,0.3353889584541321,0.3234005570411682,0.2675345242023468,0.31843483448028564,0.20896385610103607,0.3369467258453369,0.32089442014694214,0.39223262667655945,0.3875345289707184,0.37378519773483276,0.40268296003341675,0.3558870553970337,0.3845316767692566,0.33264052867889404,0.35956844687461853,0.3857790529727936,0.43173253536224365,0.36454007029533386,0.4414040744304657,0.34816595911979675,0.4237665832042694,0.3274906277656555,0.4101652204990387,0.3764951527118683,0.47636163234710693,0.3560924232006073,0.47980421781539917,0.34017300605773926,0.4609612226486206,0.32395029067993164,0.46367597579956055,0.36131784319877625,0.5125439167022705,0.34392985701560974,0.5132246613502502,0.32942456007003784,0.4965709447860718
0.26149478554725647,0.48630785942077637,0.27586057782173157,0.41174158453941345,0.3075020909309387,0.3274053931236267,0.31966105103492737,0.25787439942359924,0.3130977749824524,0.19819824397563934,0.3393026888370514,0.3150990605354309,0.39470404386520386,0.38084301352500916,0.3744255602359772,0.39483940601348877,0.35509681701660156,0.3773472011089325,0.33713799715042114,0.35421469807624817,0.38900700211524963,0.4231865108013153,0.3669726252555847,0.4321756958961487,0.3500770926475525,0.4168493151664734,0.33414411544799805,0.40497907996177673,0.38090378046035767,0.4675131142139435,0.3598500192165375,0.47171682119369507,0.3432089686393738,0.45550447702407837,0.33302080631256104,0.45936012268066406,0.369902104139328,0.5041348934173584,0.35094505548477173,0.5056094527244568,0.3348543643951416,0.4904518723487854
0.2701135277748108,0.4802302122116089,0.2842845916748047,0.40478581190109253,0.3138878643512726,0.3213973641395569,0.3258812725543976,0.25274670124053955,0.3195649981498718,0.19460052251815796,0.3484746217727661,0.3058493733406067,0.4022677540779114,0.36815282702445984,0.3827051818370819,0.384464830160141,0.3639201819896698,0.3704445958137512,0.34840524196624756,0.34677937626838684,0.39859575033187866,0.41273418068885803,0.376931369304657,0.4236420691013336,0.36001068353652954,0.41049373149871826,0.347075879573822,0.39883100986480713,0.3913690745830536,0.4590808153152466,0.3709031641483307,0.46464088559150696,0.3546818494796753,0.44949108362197876,0.3466644287109375,0.4540080726146698,0.38147976994514465,0.49746009707450867,0.362886905670166,0.5006632208824158,0.34738367795944214,0.48685014247894287
0.2743456959724426,0.47987452149391174,0.28994467854499817,0.40409529209136963,0.32103776931762695,0.31859180331230164,0.3330216407775879,0.2499573528766632,0.32753682136535645,0.19282500445842743,0.34772244095802307,0.3041786551475525,0.4064447581768036,0.3650754690170288,0.38812175393104553,0.3817707896232605,0.3695588707923889,0.36578842997550964,0.3441791236400604,0.34381726384162903,0.4006712734699249,0.41084402799606323,0.3797885477542877,0.42234674096107483,0.3631661832332611,0.40752342343330383,0.3403996229171753,0.3951723277568817,0.3933924734592438,0.45669904351234436,0.37299686670303345,0.46216636896133423,0.35627061128616333,0.44607505202293396,0.33845752477645874,0.449565589427948,0.38022640347480774,0.4954609274864197,0.3633427321910858,0.49795085191726685,0.34797582030296326,0.48355811834335327
0.27855604887008667,0.49499836564064026,0.29840511083602905,0.41932743787765503,0.3323822021484375,0.3346254825592041,0.3460564911365509,0.26424363255500793,0.34110337495803833,0.20529314875602722,0.3472760021686554,0.3068293631076813,0.4049144685268402,0.3762170076370239,0.3856107294559479,0.39553672075271606,0.36688825488090515,0.37720608711242676,0.3383464813232422,0.3467976450920105,0.39819100499153137,0.42892155051231384,0.3748725950717926,0.4374878406524658,0.35844287276268005,0.4180763065814972,0.3305935263633728,0.3986442983150482,0.3877825438976288,0.47053951025009155,0.3656001389026642,0.47359487414360046,0.3500846326351166,0.45500025153160095,0.3255927860736847,0.45196080207824707,0.37182357907295227,0.503255307674408,0.35453522205352783,0.5035870671272278,0.33860552310943604,0.48610571026802063
0.2807678282260895,0.5039647817611694,0.30400240421295166,0.4278763234615326,0.3372555673122406,0.3442605435848236,0.3526098430156708,0.27328798174858093,0.34901005029678345,0.21336063742637634,0.34351205825805664,0.3074030578136444,0.40324345231056213,0.3687466084957123,0.38426119089126587,0.38969704508781433,0.36520084738731384,0.37452277541160583,0.3318935036659241,0.34716328978538513,0.39574071764945984,0.42384546995162964,0.37126195430755615,0.43138405680656433,0.35362914204597473,0.4157966673374176,0.3224598169326782,0.3983888030052185,0.38367488980293274,0.4682241678237915,0.3600365221500397,0.47048312425613403,0.34447214007377625,0.45442235469818115,0.3162383437156677,0.4514094293117523,0.3679444193840027,0.5017719268798828,0.3509593904018402,0.5018156170845032,0.33438706398010254,0.48581090569496155
0.28811582922935486,0.5311383008956909,0.314395546913147,0.44983971118927,0.3405826687812805,0.35495609045028687,0.35103487968444824,0.27882319688796997,0.3465484380722046,0.2177266627550125,0.33609071373939514,0.3096697926521301,0.3963331878185272,0.3605530858039856,0.3793516457080841,0.3870393633842468,0.36196479201316833,0.3756156265735626,0.32347095012664795,0.3480663299560547,0.3923523426055908,0.41261160373687744,0.3681965172290802,0.42753538489341736,0.3511805534362793,0.41545066237449646,0.3143938183784485,0.3978275954723358,0.3793168067932129,0.460888534784317,0.3551919162273407,0.4690496027469635,0.34083306789398193,0.45341694355010986,0.30931907892227173,0.4495035409927368,0.3635018765926361,0.4957909882068634,0.34593573212623596,0.49866998195648193,0.3289318084716797,0.4822903275489807
0.2877371907234192,0.531166672706604,0.3132571578025818,0.4471537470817566,0.34059736132621765,0.35090312361717224,0.35094839334487915,0.2729383111000061,0.3449554443359375,0.21123990416526794,0.34205329418182373,0.3108404874801636,0.40020227432250977,0.36254003643989563,0.3829456567764282,0.38811516761779785,0.3662835955619812,0.3776678442955017,0.3303317129611969,0.35064083337783813,0.3970327377319336,0.41670671105384827,0.37258461117744446,0.4303729236125946,0.35590651631355286,0.4174310266971588,0.32145562767982483,0.4015945792198181,0.38555654883384705,0.46520912647247314,0.3612792491912842,0.47213995456695557,0.34703028202056885,0.45529815554618835,0.3162645101547241,0.4541698098182678,0.3703562021255493,0.5004796981811523,0.35217252373695374,0.5029770135879517,0.33508679270744324,0.4859375059604645
0.2826034724712372,0.5069383978843689,0.3028474450111389,0.42465633153915405,0.33687829971313477,0.3370034694671631,0.3511424958705902,0.26410549879074097,0.346015602350235,0.20450575649738312,0.35014745593070984,0.3087678849697113,0.4115273654460907,0.36593079566955566,0.3926987648010254,0.3884362578392029,0.3728356659412384,0.3768885135650635,0.3428049385547638,0.34929776191711426,0.40548548102378845,0.42326948046684265,0.38137638568878174,0.43511345982551575,0.3641807436943054,0.4206531345844269,0.33693864941596985,0.402069628238678,0.39607927203178406,0.4689125120639801,0.3730952739715576,0.4732281565666199,0.3571181893348694,0.4567546844482422,0.333317369222641,0.4561433792114258,0.3805828094482422,0.5048772692680359,0.3619663417339325,0.5067352056503296,0.3449248969554901,0.4899136424064636
0.27990907430648804,0.47852545976638794,0.2965051233768463,0.4002455472946167,0.3300631642341614,0.31528177857398987,0.3452572822570801,0.24518375098705292,0.34038764238357544,0.18530994653701782,0.355238676071167,0.2989037036895752,0.41547077894210815,0.3616936206817627,0.3967750072479248,0.38042759895324707,0.3774186968803406,0.365761935710907,0.35109803080558777,0.33812615275382996,0.4078313410282135,0.41103553771972656,0.38592302799224854,0.4229423999786377,0.3696058392524719,0.40806156396865845,0.34642699360847473,0.38979101181030273,0.3993019163608551,0.4553643465042114,0.37828055024147034,0.4611504077911377,0.3623451888561249,0.44496241211891174,0.34394434094429016,0.44457975029945374,0.38570404052734375,0.4950084388256073,0.36761194467544556,0.49647077918052673,0.351909339427948,0.47918400168418884
0.28085005283355713,0.46404072642326355,0.2971380352973938,0.39015093445777893,0.3300616145133972,0.3047843277454376,0.3440091609954834,0.23526746034622192,0.3393891155719757,0.1754731833934784,0.35668128728866577,0.291448712348938,0.4147488474845886,0.35845136642456055,0.3951749801635742,0.3730020523071289,0.3763936161994934,0.3543052077293396,0.35306215286254883,0.33223390579223633,0.4077364504337311,0.4044148623943329,0.3860091269016266,0.41407573223114014,0.36968231201171875,0.3968883156776428,0.3490237891674042,0.38413622975349426,0.40000784397125244,0.4491996169090271,0.3790034055709839,0.453510582447052,0.3623505234718323,0.4358777403831482,0.3472878932952881,0.43914052844047546,0.38577646017074585,0.48696091771125793,0.3674682080745697,0.4888073801994324,0.352119505405426,0.4725917875766754
0.2788308262825012,0.45935890078544617,0.29357367753982544,0.38372403383255005,0.32696017622947693,0.2962403893470764,0.341994971036911,0.22582902014255524,0.3381747007369995,0.1653921753168106,0.3590112328529358,0.2836107015609741,0.41383805871009827,0.3560129404067993,0.3928937017917633,0.3705868422985077,0.37399110198020935,0.35144123435020447,0.3584124743938446,0.3247397541999817,0.4090491235256195,0.401756227016449,0.38628917932510376,0.4113086462020874,0.36920809745788574,0.39431145787239075,0.35630324482917786,0.3770483434200287,0.4008798599243164,0.4487515687942505,0.3793194591999054,0.45251739025115967,0.3630440831184387,0.4336809515953064,0.35551437735557556,0.43253207206726074,0.38813692331314087,0.4860413074493408,0.36820128560066223,0.48768746852874756,0.353030800819397,0.47018763422966003
0.2754857540130615,0.4542813301086426,0.2900054156780243,0.3774866759777069,0.31995889544487,0.29400843381881714,0.33527907729148865,0.22451110184192657,0.3313739597797394,0.16347956657409668,0.3606129288673401,0.2796700894832611,0.4127603769302368,0.35329657793045044,0.39162448048591614,0.36807262897491455,0.37263429164886475,0.3507417142391205,0.361425518989563,0.3229696452617645,0.40725794434547424,0.4008861780166626,0.38385945558547974,0.4098544120788574,0.36690977215766907,0.39458462595939636,0.3592835068702698,0.3778035044670105,0.3988851308822632,0.44778838753700256,0.3767452538013458,0.4502600431442261,0.3604699373245239,0.43232959508895874,0.35788577795028687,0.43576204776763916,0.3875291347503662,0.48592883348464966,0.3671397566795349,0.48653438687324524,0.3518414795398712,0.4686339497566223
0.27462607622146606,0.4631527364253998,0.29128479957580566,0.381161093711853,0.3209233582019806,0.2991638481616974,0.3376464545726776,0.23199951648712158,0.33589181303977966,0.17318345606327057,0.3656427264213562,0.29166656732559204,0.4139302372932434,0.3657608926296234,0.3932812809944153,0.3795149028301239,0.37417250871658325,0.3643783926963806,0.3679579198360443,0.3364028036594391,0.4098542332649231,0.41265109181404114,0.38735443353652954,0.4206123948097229,0.37015318870544434,0.4079369902610779,0.36638134717941284,0.3918988108634949,0.3992328941822052,0.46084415912628174,0.37831056118011475,0.46353572607040405,0.3626490831375122,0.44686490297317505,0.3640797436237335,0.4502621293067932,0.3871046304702759,0.49989813566207886,0.36743277311325073,0.5008722543716431,0.3535159230232239,0.4839732348918915
0.27534371614456177,0.46626633405685425,0.29301369190216064,0.3833213448524475,0.32338765263557434,0.3067064881324768,0.3426159620285034,0.24125760793685913,0.3426814675331116,0.18083001673221588,0.3717116117477417,0.3019471764564514,0.41410890221595764,0.38238558173179626,0.39442068338394165,0.4004664719104767,0.3762098550796509,0.3879897892475128,0.3744279444217682,0.3455674648284912,0.41027146577835083,0.42786911129951477,0.3881876468658447,0.43974411487579346,0.3707740306854248,0.42808452248573303,0.37228524684906006,0.40193697810173035,0.39906617999076843,0.47427061200141907,0.3786354064941406,0.4798864424228668,0.36294713616371155,0.4649365544319153,0.36867526173591614,0.46095824241638184,0.3866337537765503,0.5113764405250549,0.3676822781562805,0.513425886631012,0.3541264832019806,0.4979325830936432
0.2737888991832733,0.4644087851047516,0.2941429913043976,0.3825003504753113,0.3252941370010376,0.3082650303840637,0.3459380567073822,0.24519403278827667,0.34872767329216003,0.18607375025749207,0.3790897727012634,0.3111370801925659,0.418347030878067,0.3950394093990326,0.39783427119255066,0.4135475158691406,0.38024577498435974,0.40164923667907715,0.3819104731082916,0.3552604913711548,0.4137265682220459,0.4406522810459137,0.390269935131073,0.45107153058052063,0.3725239932537079,0.4373815059661865,0.3788905143737793,0.4108774960041046,0.40282219648361206,0.48358234763145447,0.3813278079032898,0.48825210332870483,0.3648664355278015,0.47218573093414307,0.37391453981399536,0.468537300825119,0.389892578125,0.5176023840904236,0.3699376881122589,0.5180824398994446,0.35584768652915955,0.501480221748352
0.2752019166946411,0.45172473788261414,0.2986721396446228,0.3701409697532654,0.33250948786735535,0.2983577847480774,0.3554431200027466,0.2375354766845703,0.3603289723396301,0.17787374556064606,0.386408269405365,0.3099119961261749,0.4186994731426239,0.3969899117946625,0.3995054364204407,0.41134512424468994,0.38343748450279236,0.39726847410202026,0.3879357874393463,0.3571197986602783,0.41391798853874207,0.4408460557460785,0.3915347158908844,0.4481661915779114,0.3744795024394989,0.43297961354255676,0.3834959864616394,0.413205087184906,0.4026961326599121,0.48257938027381897,0.38181427121162415,0.4845982789993286,0.3659100830554962,0.4676700532436371,0.3768111765384674,0.4699268341064453,0.39002954959869385,0.5149583220481873,0.37071895599365234,0.5140977501869202,0.357185959815979,0.49798113107681274
0.2716512680053711,0.4432084560394287,0.29501470923423767,0.3623540699481964,0.32852405309677124,0.2898208796977997,0.35151565074920654,0.2290995568037033,0.3562479615211487,0.17027118802070618,0.38328859210014343,0.30414819717407227,0.4138992428779602,0.3880678713321686,0.3942407965660095,0.4028027653694153,0.3777748644351959,0.3890013098716736,0.38478055596351624,0.35320594906806946,0.4097393751144409,0.4346417188644409,0.3875461518764496,0.4430152177810669,0.37054359912872314,0.42875826358795166,0.3798474967479706,0.4105333089828491,0.3990238904953003,0.4777606725692749,0.37846148014068604,0.4801021218299866,0.36223694682121277,0.463731586933136,0.3721630275249481,0.4669668674468994,0.3852800130844116,0.5099552869796753,0.36615100502967834,0.5087038278579712,0.35267043113708496,0.49285098910331726
0.26344478130340576,0.4435449242591858,0.2880415618419647,0.36115244030952454,0.3224468529224396,0.2895023822784424,0.34642741084098816,0.2288111001253128,0.3518586754798889,0.1696796715259552,0.37706735730171204,0.3042203187942505,0.40810367465019226,0.3905189037322998,0.3894888162612915,0.40721872448921204,0.37365275621414185,0.39380747079849243,0.37942445278167725,0.35343265533447266,0.40318214893341064,0.43555521965026855,0.38185882568359375,0.4457094967365265,0.365511953830719,0.43167880177497864,0.3749464452266693,0.4114808440208435,0.3928087651729584,0.4784219264984131,0.37224963307380676,0.48230668902397156,0.3557243049144745,0.46632760763168335,0.3673555850982666,0.4685097634792328,0.37919121980667114,0.5100242495536804,0.3601202070713043,0.5102695226669312,0.3462217152118683,0.4954174757003784
0.25471487641334534,0.45021966099739075,0.279084712266922,0.36727261543273926,0.3142433762550354,0.2950897812843323,0.337862491607666,0.23326383531093597,0.34213486313819885,0.17327208817005157,0.36884281039237976,0.3072274923324585,0.40383100509643555,0.39768269658088684,0.3843953013420105,0.41593679785728455,0.36758941411972046,0.4028840959072113,0.37158674001693726,0.3559361398220062,0.39659950137138367,0.44265222549438477,0.37324708700180054,0.4527714252471924,0.35612213611602783,0.43797481060028076,0.36714208126068115,0.41392481327056885,0.38574454188346863,0.4846997559070587,0.3639340102672577,0.48882171511650085,0.34671449661254883,0.4719647467136383,0.35974183678627014,0.47192269563674927,0.3713732659816742,0.5172073841094971,0.3516062796115875,0.5173696279525757,0.33713507652282715,0.5007424354553223
0.24351443350315094,0.463114470243454,0.266263872385025,0.37968069314956665,0.29969531297683716,0.30475127696990967,0.3225037455558777,0.24162258207798004,0.3264201283454895,0.18104927241802216,0.35409247875213623,0.31164124608039856,0.39133965969085693,0.3981230854988098,0.3700152635574341,0.41421860456466675,0.3521469533443451,0.40012094378471375,0.35690170526504517,0.36087173223495483,0.3879253566265106,0.4443660378456116,0.36455580592155457,0.4535807967185974,0.3468397855758667,0.43861812353134155,0.35291537642478943,0.41965487599372864,0.37764617800712585,0.4888143539428711,0.35583654046058655,0.4922942519187927,0.3381439447402954,0.4755963087081909,0.34628787636756897,0.47899770736694336,0.36225607991218567,0.5224701166152954,0.3420732915401459,0.5217248797416687,0.3272700011730194,0.5050853490829468
0.23808807134628296,0.4643242359161377,0.26205623149871826,0.3806148171424866,0.29481297731399536,0.3036128580570221,0.31683415174484253,0.23871338367462158,0.31964290142059326,0.17634737491607666,0.3491850793361664,0.30858126282691956,0.3872024118900299,0.3950851559638977,0.3671899139881134,0.411072701215744,0.34991323947906494,0.39677485823631287,0.3527771234512329,0.360739529132843,0.38372093439102173,0.4420230984687805,0.36043882369995117,0.4512580931186676,0.3422884941101074,0.4362613558769226,0.3496233820915222,0.42144593596458435,0.3739173412322998,0.4883691668510437,0.35187551379203796,0.4913298785686493,0.3338073492050171,0.4744911789894104,0.3433876037597656,0.4818771481513977,0.3576536178588867,0.5229506492614746,0.33693307638168335,0.5225696563720703,0.32179000973701477,0.5064336657524109
0.2344866693019867,0.4599193334579468,0.25762948393821716,0.3724468946456909,0.2916669547557831,0.2941945195198059,0.31383711099624634,0.22765451669692993,0.3163398504257202,0.16330735385417938,0.34532445669174194,0.3006590008735657,0.3843085765838623,0.3927221894264221,0.3648555278778076,0.4080048203468323,0.3479003310203552,0.39195433259010315,0.34818291664123535,0.352335125207901,0.3811151683330536,0.43786779046058655,0.3579677939414978,0.447155237197876,0.3397839367389679,0.4313560426235199,0.3450915813446045,0.4133131206035614,0.3705027401447296,0.4830890893936157,0.34839117527008057,0.48617786169052124,0.33060434460639954,0.46803945302963257,0.33951565623283386,0.47467291355133057,0.355599969625473,0.5176118016242981,0.33559831976890564,0.5177013874053955,0.3209570050239563,0.5006721615791321
0.23674458265304565,0.4591027796268463,0.25955164432525635,0.37124139070510864,0.2930523455142975,0.29404911398887634,0.31611335277557373,0.2289717048406601,0.3193274736404419,0.16544364392757416,0.3495221436023712,0.30111610889434814,0.3846144676208496,0.3868950605392456,0.3655327260494232,0.4048440158367157,0.34859344363212585,0.3922483026981354,0.35369738936424255,0.35355710983276367,0.3828188180923462,0.43538597226142883,0.3597100079059601,0.445993036031723,0.3412929177284241,0.4319189190864563,0.35114359855651855,0.41421324014663696,0.3734339475631714,0.48218095302581787,0.3511466681957245,0.48657357692718506,0.33347541093826294,0.4700906276702881,0.34513285756111145,0.47415101528167725,0.35861578583717346,0.5176314115524292,0.3377629518508911,0.5182467699050903,0.3228038549423218,0.5016962289810181
0.2417525202035904,0.455451637506485,0.2645169198513031,0.3681141138076782,0.29890844225883484,0.29073217511177063,0.3217720687389374,0.2253807783126831,0.32503873109817505,0.16173265874385834,0.3570845425128937,0.29528969526290894,0.39736273884773254,0.3891611099243164,0.3772193491458893,0.40582966804504395,0.3598155677318573,0.3911884129047394,0.36057227849960327,0.3462763726711273,0.39087560772895813,0.4362752139568329,0.36634424328804016,0.44527968764305115,0.34851154685020447,0.43062639236450195,0.3570067584514618,0.40629079937934875,0.378152996301651,0.4801090955734253,0.3545668125152588,0.48295894265174866,0.33793768286705017,0.46589869260787964,0.3509148359298706,0.4673089385032654,0.36105287075042725,0.5146923065185547,0.3396979868412018,0.5153512954711914,0.3260400891304016,0.49967092275619507
0.25039610266685486,0.443978875875473,0.27272117137908936,0.35909634828567505,0.30712467432022095,0.2807023227214813,0.32983410358428955,0.21474021673202515,0.3330775797367096,0.15209615230560303,0.36372095346450806,0.28503456711769104,0.4063079357147217,0.36970993876457214,0.3877299427986145,0.39352697134017944,0.3700604736804962,0.38639694452285767,0.36716321110725403,0.3355402946472168,0.3978999853134155,0.4262874126434326,0.37332823872566223,0.4392358064651489,0.3550911545753479,0.42527300119400024,0.3633876144886017,0.3951936960220337,0.385312020778656,0.47282958030700684,0.36177244782447815,0.47736233472824097,0.3451090455055237,0.45969635248184204,0.35725364089012146,0.4555948078632355,0.368928462266922,0.5091849565505981,0.3479999601840973,0.5094716548919678,0.3346642255783081,0.4922936260700226
0.25545796751976013,0.44612982869148254,0.2794531285762787,0.36160799860954285,0.31274208426475525,0.2840191721916199,0.3355221450328827,0.21742261946201324,0.3392742872238159,0.1538703292608261,0.37004321813583374,0.2877293527126312,0.4112207889556885,0.37561264634132385,0.39281558990478516,0.402691125869751,0.37625300884246826,0.39801040291786194,0.3733022212982178,0.33624354004859924,0.40661293268203735,0.43218690156936646,0.38349056243896484,0.4506743252277374,0.36527344584465027,0.4410228431224823,0.36963504552841187,0.3941499888896942,0.390863299369812,0.4786832332611084,0.36795613169670105,0.4870024025440216,0.3510489761829376,0.47098127007484436,0.3635338842868805,0.45466148853302,0.37217023968696594,0.5145821571350098,0.35133126378059387,0.5167690515518188,0.3378504514694214,0.49962368607521057
0.2552037537097931,0.4494420289993286,0.2794598639011383,0.366221159696579,0.3131389617919922,0.288316011428833,0.33571070432662964,0.22193922102451324,0.33958443999290466,0.15930874645709991,0.37034744024276733,0.2925451099872589,0.4105914533138275,0.3819880485534668,0.3913852274417877,0.4070096015930176,0.373374879360199,0.40061333775520325,0.37338128685951233,0.33863207697868347,0.4065011143684387,0.43293824791908264,0.3826463222503662,0.44903433322906494,0.363452285528183,0.4381907284259796,0.36937540769577026,0.39508792757987976,0.3934941589832306,0.4784133732318878,0.36985111236572266,0.48394209146499634,0.35199809074401855,0.46644309163093567,0.3629905879497528,0.4558373689651489,0.37373068928718567,0.5136972665786743,0.35256141424179077,0.5144320130348206,0.33841025829315186,0.49685966968536377
0.24948489665985107,0.45546671748161316,0.2738966643810272,0.3718327283859253,0.3079145848751068,0.2953357398509979,0.33029118180274963,0.2290041148662567,0.3341321051120758,0.16648876667022705,0.3640213906764984,0.3002347946166992,0.40743690729141235,0.3941076993942261,0.3880089521408081,0.4149458110332489,0.3697034418582916,0.402692049741745,0.3669733703136444,0.346939355134964,0.40177273750305176,0.4420941174030304,0.3773234784603119,0.4549487829208374,0.3583359122276306,0.440458208322525,0.363146036863327,0.4036792516708374,0.388364315032959,0.4865322709083557,0.3643323481082916,0.49130189418792725,0.34661781787872314,0.4729045033454895,0.35694563388824463,0.46400022506713867,0.3699738085269928,0.5215204358100891,0.34811434149742126,0.5214658975601196,0.3333229422569275,0.5028064846992493
0.2462136149406433,0.4594705402851105,0.2703612744808197,0.37444591522216797,0.305143803358078,0.2972927987575531,0.32750970125198364,0.23154665529727936,0.33080893754959106,0.1691027730703354,0.36087334156036377,0.3032671809196472,0.40560322999954224,0.4021545648574829,0.385272353887558,0.42067277431488037,0.36710208654403687,0.4049602150917053,0.362758070230484,0.35100024938583374,0.3982280492782593,0.4479818344116211,0.3720855712890625,0.4578533470630646,0.35251298546791077,0.4405752122402191,0.3584822714328766,0.4082950949668884,0.3851102888584137,0.49044954776763916,0.36025187373161316,0.494019091129303,0.3422800600528717,0.47506585717201233,0.35209405422210693,0.4681004285812378,0.3685053884983063,0.5223822593688965,0.3467050790786743,0.5225808620452881,0.33170872926712036,0.5046485662460327
0.24641992151737213,0.4608910083770752,0.2705390453338623,0.37919241189956665,0.3062722086906433,0.30234429240226746,0.3290047347545624,0.2366577535867691,0.33257395029067993,0.17377135157585144,0.3632247745990753,0.30691882967948914,0.40978723764419556,0.4086343050003052,0.3892561197280884,0.42633071541786194,0.37125203013420105,0.4097176194190979,0.36482638120651245,0.35375502705574036,0.40166276693344116,0.4514106214046478,0.3759117126464844,0.4617446959018707,0.35724833607673645,0.44532838463783264,0.36004847288131714,0.41059520840644836,0.38723140954971313,0.49264758825302124,0.36270034313201904,0.4959784150123596,0.3456815183162689,0.4767186939716339,0.35309553146362305,0.4701448976993561,0.36718180775642395,0.524149477481842,0.3456323444843292,0.523861825466156,0.33164504170417786,0.5052028298377991
0.2487756311893463,0.45697128772735596,0.2718399167060852,0.3740691542625427,0.30684953927993774,0.29837045073509216,0.329657644033432,0.2333381623029709,0.3330717980861664,0.17109982669353485,0.3639261722564697,0.30281946063041687,0.4097958505153656,0.40275633335113525,0.38992178440093994,0.4216393530368805,0.3722921907901764,0.4057968258857727,0.3663081228733063,0.34918761253356934,0.40174609422683716,0.44730713963508606,0.3763337731361389,0.45781439542770386,0.35807400941848755,0.4405197203159332,0.3622462749481201,0.40599414706230164,0.38823816180229187,0.4886658191680908,0.3638495206832886,0.49226176738739014,0.3468139171600342,0.4726135730743408,0.35626357793807983,0.4663355350494385,0.3698532283306122,0.5221261382102966,0.3484155535697937,0.5224342942237854,0.33435460925102234,0.5038080811500549
0.2507391571998596,0.4510363042354584,0.274760901927948,0.3655821979045868,0.3087500333786011,0.2905668616294861,0.33084261417388916,0.22617651522159576,0.3358536660671234,0.16448241472244263,0.3677440881729126,0.29914477467536926,0.40832674503326416,0.39013177156448364,0.3935305178165436,0.4153696596622467,0.3788641095161438,0.4089733362197876,0.3717634677886963,0.3497237265110016,0.40140172839164734,0.43899670243263245,0.3787546753883362,0.45311468839645386,0.360673725605011,0.4396701455116272,0.3684929609298706,0.4091447591781616,0.3878631293773651,0.48270273208618164,0.36484670639038086,0.48891010880470276,0.34661123156547546,0.47205883264541626,0.36260899901390076,0.46972909569740295,0.37219423055648804,0.5169053673744202,0.35148441791534424,0.5190887451171875,0.33646249771118164,0.5034377574920654
0.25156182050704956,0.44855380058288574,0.2759561538696289,0.3638341724872589,0.3096660375595093,0.2879723608493805,0.33180299401283264,0.2219797968864441,0.3353212773799896,0.15915507078170776,0.3669735789299011,0.2938024401664734,0.4114567041397095,0.3869897723197937,0.3933088183403015,0.4087682366371155,0.3760519325733185,0.3975312411785126,0.3698873519897461,0.3430698812007904,0.40388616919517517,0.43617579340934753,0.3795013427734375,0.448841392993927,0.3608783781528473,0.43294692039489746,0.36595848202705383,0.40192073583602905,0.38978561758995056,0.47931355237960815,0.3659551739692688,0.48470526933670044,0.3481443226337433,0.4661044478416443,0.3596135377883911,0.4622742533683777,0.37259307503700256,0.5133727788925171,0.3518146276473999,0.5146653056144714,0.3374583125114441,0.4969775676727295
0.2518469989299774,0.4536539912223816,0.2751696705818176,0.36986491084098816,0.30845344066619873,0.2946326732635498,0.33095312118530273,0.22936338186264038,0.3341577351093292,0.16733522713184357,0.3640207350254059,0.29548564553260803,0.40761733055114746,0.38843753933906555,0.3874117434024811,0.40963229537010193,0.36919769644737244,0.39774858951568604,0.3675611913204193,0.3409055471420288,0.40172675251960754,0.4352363348007202,0.37646862864494324,0.44892287254333496,0.3577063977718353,0.4352535605430603,0.3642212152481079,0.39788326621055603,0.38906794786453247,0.4785310626029968,0.36515626311302185,0.4851641058921814,0.34762781858444214,0.46813926100730896,0.358530730009079,0.4581282138824463,0.3715655207633972,0.5126783847808838,0.35057273507118225,0.5145199298858643,0.33656424283981323,0.49696311354637146
0.255142480134964,0.45295196771621704,0.2770007848739624,0.36886096000671387,0.31070393323898315,0.29357388615608215,0.33190691471099854,0.22788257896900177,0.33322298526763916,0.16511237621307373,0.3620104193687439,0.2902528643608093,0.40790700912475586,0.382384717464447,0.38790178298950195,0.40055209398269653,0.36970505118370056,0.3879014551639557,0.3644014000892639,0.33501511812210083,0.4029107987880707,0.42856600880622864,0.3784293234348297,0.4397713541984558,0.3597843050956726,0.42554396390914917,0.3608589768409729,0.3920736312866211,0.3908897936344147,0.47201865911483765,0.3670670688152313,0.47879937291145325,0.35079169273376465,0.46297723054885864,0.35571199655532837,0.45348837971687317,0.37427273392677307,0.5083973407745361,0.35368794202804565,0.5122620463371277,0.3406059443950653,0.49733245372772217
0.25779229402542114,0.4552644193172455,0.27785587310791016,0.37071287631988525,0.31063032150268555,0.29339778423309326,0.3315002918243408,0.2265823781490326,0.3318147361278534,0.16326041519641876,0.360520601272583,0.28650468587875366,0.40511810779571533,0.37352636456489563,0.3854126036167145,0.39126601815223694,0.3665357828140259,0.3799828886985779,0.3630949854850769,0.331936240196228,0.4031350016593933,0.41819947957992554,0.37892699241638184,0.43004196882247925,0.35963085293769836,0.41866135597229004,0.360172837972641,0.3889467716217041,0.3925047218799591,0.46546807885169983,0.36899423599243164,0.47082939743995667,0.35210222005844116,0.45502376556396484,0.3555431067943573,0.44999587535858154,0.37642544507980347,0.5047239065170288,0.35548898577690125,0.5068706274032593,0.34142112731933594,0.49008631706237793
0.26048076152801514,0.4536682963371277,0.27988776564598083,0.36957406997680664,0.31215065717697144,0.29003414511680603,0.3324299156665802,0.22282975912094116,0.3311658799648285,0.1604049652814865,0.36047056317329407,0.2852831780910492,0.405134916305542,0.37315672636032104,0.38383322954177856,0.38773098587989807,0.3649594187736511,0.37330251932144165,0.36232784390449524,0.33074402809143066,0.40352359414100647,0.41826707124710083,0.3791360557079315,0.4277900755405426,0.36036762595176697,0.41612786054611206,0.3593932092189789,0.38665148615837097,0.3926539719104767,0.46527665853500366,0.36926841735839844,0.46840012073516846,0.3526398241519928,0.45190200209617615,0.35542842745780945,0.4464760720729828,0.37670737504959106,0.5031409859657288,0.35575374960899353,0.503956139087677,0.3420295715332031,0.48627808690071106
0.26215165853500366,0.4573490023612976,0.2824252247810364,0.3724936544895172,0.3153742849826813,0.2942611277103424,0.3366476595401764,0.22795499861240387,0.3389948904514313,0.16533973813056946,0.36641818284988403,0.2902727425098419,0.41049712896347046,0.3779734671115875,0.39062604308128357,0.3947627544403076,0.37191566824913025,0.3825918734073639,0.3691364526748657,0.3363445997238159,0.4067775309085846,0.42444196343421936,0.3831577003002167,0.4354882836341858,0.3644257187843323,0.42359447479248047,0.3664472699165344,0.39324384927749634,0.39548876881599426,0.47114297747612,0.37279239296913147,0.4762345552444458,0.3563701808452606,0.4603261351585388,0.36241236329078674,0.45425885915756226,0.37962162494659424,0.5099239945411682,0.35877272486686707,0.5113388895988464,0.34521329402923584,0.49424976110458374
0.26581236720085144,0.4565918445587158,0.2863301634788513,0.3706589341163635,0.3200087547302246,0.29236525297164917,0.3418976068496704,0.22614629566669464,0.34304413199424744,0.16333851218223572,0.3696742653846741,0.2889479994773865,0.41200995445251465,0.37674185633659363,0.3911384046077728,0.3942287266254425,0.37227797508239746,0.38184982538223267,0.37352386116981506,0.334971159696579,0.4105803668498993,0.4230164885520935,0.3864051103591919,0.43525367975234985,0.3671095371246338,0.42434555292129517,0.37153372168540955,0.3922880291938782,0.39996495842933655,0.46895328164100647,0.37705886363983154,0.4770832061767578,0.3602597713470459,0.4637649655342102,0.3675077557563782,0.45322445034980774,0.38456347584724426,0.506103515625,0.3640587329864502,0.5106232762336731,0.35047751665115356,0.4964226186275482
0.2701559364795685,0.45424625277519226,0.2894502580165863,0.3697567880153656,0.3233445882797241,0.291109174489975,0.3449343740940094,0.22423696517944336,0.345388263463974,0.16093361377716064,0.37136754393577576,0.28617042303085327,0.4163339138031006,0.3721380829811096,0.39488911628723145,0.389163076877594,0.3753679692745209,0.3767729699611664,0.3736748695373535,0.3314566910266876,0.41326168179512024,0.4178619086742401,0.388701856136322,0.4295019805431366,0.3693239688873291,0.41885390877723694,0.3710351884365082,0.38811320066452026,0.40107786655426025,0.46538203954696655,0.37817758321762085,0.471291184425354,0.3621441423892975,0.45677196979522705,0.3673439621925354,0.44789597392082214,0.3859672248363495,0.5037108659744263,0.36537879705429077,0.506549596786499,0.3524401783943176,0.49109137058258057
0.2683161795139313,0.4508104920387268,0.2894747853279114,0.3671827018260956,0.32464203238487244,0.2893078327178955,0.3460707664489746,0.22319072484970093,0.34698718786239624,0.16075266897678375,0.37008899450302124,0.2866997718811035,0.4181894063949585,0.3737068176269531,0.3977663815021515,0.3887360990047455,0.3787795305252075,0.3733919858932495,0.3715084493160248,0.33309850096702576,0.41260048747062683,0.4191155731678009,0.38932788372039795,0.4280763268470764,0.3708198070526123,0.41443029046058655,0.3679402470588684,0.39104053378105164,0.39845162630081177,0.46476733684539795,0.3768395483493805,0.46791544556617737,0.3610028624534607,0.45130202174186707,0.36288172006607056,0.45124584436416626,0.3844875693321228,0.5026450157165527,0.3649769127368927,0.5035575032234192,0.35119837522506714,0.4876534044742584
0.26733481884002686,0.4492885172367096,0.286888986825943,0.3705621361732483,0.3217444121837616,0.2915189564228058,0.34171628952026367,0.22338391840457916,0.34113410115242004,0.15990887582302094,0.36411842703819275,0.283292293548584,0.4134049713611603,0.36990296840667725,0.3919428884983063,0.38284769654273987,0.37365299463272095,0.36337506771087646,0.3636179566383362,0.3264598250389099,0.4063957631587982,0.41585472226142883,0.38244038820266724,0.423467218875885,0.36535149812698364,0.40625226497650146,0.3589062988758087,0.38240814208984375,0.3935359716415405,0.46123743057250977,0.37114453315734863,0.4629420042037964,0.3556356430053711,0.44366157054901123,0.35382893681526184,0.44153404235839844,0.3777604103088379,0.49760156869888306,0.35706979036331177,0.497618705034256,0.3429577946662903,0.4791676700115204
0.27178657054901123,0.45193618535995483,0.28958821296691895,0.37400445342063904,0.32331204414367676,0.2953183054924011,0.3423258066177368,0.22890131175518036,0.34163370728492737,0.16767024993896484,0.36486873030662537,0.28671908378601074,0.4144977033138275,0.3696996569633484,0.3932974934577942,0.38305655121803284,0.3748374581336975,0.3644338846206665,0.36367321014404297,0.32924380898475647,0.4071962833404541,0.41655662655830383,0.38377779722213745,0.4242463707923889,0.36689484119415283,0.40664079785346985,0.35935282707214355,0.3839646279811859,0.3956911265850067,0.4622083902359009,0.3737768530845642,0.46416860818862915,0.3586241602897644,0.44393765926361084,0.35506072640419006,0.44245588779449463,0.38145655393600464,0.49867910146713257,0.3616523742675781,0.4994775652885437,0.3480469882488251,0.4812896251678467
0.2786744236946106,0.45533108711242676,0.2969799041748047,0.3780202269554138,0.3306368887424469,0.29863452911376953,0.34771251678466797,0.23101924359798431,0.3459014594554901,0.1697215884923935,0.37138399481773376,0.28995510935783386,0.41980013251304626,0.3724380135536194,0.398616760969162,0.3865901827812195,0.3804818093776703,0.3683498203754425,0.3701152503490448,0.33112040162086487,0.413222074508667,0.41756516695022583,0.3904459476470947,0.4256637692451477,0.3741320073604584,0.4096859097480774,0.3656151592731476,0.3846360146999359,0.40071767568588257,0.4628772735595703,0.37947988510131836,0.4654521942138672,0.36527857184410095,0.4467373192310333,0.36094918847084045,0.44154131412506104,0.38671568036079407,0.4994078278541565,0.36797013878822327,0.5003744959831238,0.3554834723472595,0.48307833075523376
0.2865093946456909,0.45501473546028137,0.3044934570789337,0.37870585918426514,0.33803677558898926,0.3015516996383667,0.35562893748283386,0.23533432185649872,0.3537854254245758,0.17384222149848938,0.37792056798934937,0.29271233081817627,0.427518367767334,0.37378257513046265,0.4071405827999115,0.3866484761238098,0.38907521963119507,0.36829301714897156,0.3764907717704773,0.3335320055484772,0.4192263185977936,0.41974392533302307,0.3970330059528351,0.42599964141845703,0.380876749753952,0.40913671255111694,0.3718627393245697,0.38628068566322327,0.40746280550956726,0.4637792408466339,0.3868270218372345,0.46558278799057007,0.37289074063301086,0.44677695631980896,0.3675035238265991,0.4428025484085083,0.39341622591018677,0.5010374188423157,0.3751112222671509,0.5015193223953247,0.3626781105995178,0.48368096351623535
0.29082632064819336,0.453130304813385,0.3084743022918701,0.378192663192749,0.34115198254585266,0.3009496331214905,0.3582668602466583,0.23420113325119019,0.35594189167022705,0.17275454103946686,0.38161399960517883,0.2913796305656433,0.4297763705253601,0.3692387640476227,0.408860445022583,0.38415980339050293,0.39084315299987793,0.3677949905395508,0.3802434802055359,0.3325307071208954,0.4223940968513489,0.41647717356681824,0.40021243691444397,0.42545005679130554,0.3842472732067108,0.41034093499183655,0.37617525458335876,0.3859225809574127,0.41099733114242554,0.4623180627822876,0.39029091596603394,0.4645005762577057,0.3760046362876892,0.44614601135253906,0.3723568618297577,0.4423663020133972,0.39763444662094116,0.4994748830795288,0.379398375749588,0.5006733536720276,0.36718112230300903,0.4841536581516266
0.28868889808654785,0.4521697163581848,0.306125670671463,0.3757503926753998,0.3398459851741791,0.2971019446849823,0.35822567343711853,0.23049229383468628,0.35619398951530457,0.16915608942508698,0.37915748357772827,0.28657928109169006,0.4302208721637726,0.36328640580177307,0.4091758728027344,0.3777977526187897,0.39126378297805786,0.36027538776397705,0.3786493241786957,0.32661229372024536,0.4228179156780243,0.40950673818588257,0.4003324508666992,0.4173631966114044,0.38454508781433105,0.4008881747722626,0.37498122453689575,0.3792526125907898,0.41115495562553406,0.4544173777103424,0.3898754417896271,0.4571800231933594,0.3756529986858368,0.43914902210235596,0.3718123137950897,0.4356885850429535,0.397472083568573,0.49204152822494507,0.3779853582382202,0.49375998973846436,0.36521193385124207,0.4766177237033844
0.284483939409256,0.4513324797153473,0.3030739426612854,0.37464970350265503,0.3373076319694519,0.29646486043930054,0.3551274240016937,0.22843526303768158,0.3523150682449341,0.16597424447536469,0.3748263716697693,0.28387922048568726,0.42574986815452576,0.3627268671989441,0.40491539239883423,0.37635183334350586,0.38736429810523987,0.3575644791126251,0.3735395669937134,0.32196664810180664,0.418284147977829,0.4081311821937561,0.396216481924057,0.41522109508514404,0.3809146583080292,0.3984859585762024,0.36922839283943176,0.3734787702560425,0.4066220223903656,0.45199984312057495,0.38584133982658386,0.4541608393192291,0.372071772813797,0.4358308017253876,0.36553138494491577,0.4292074739933014,0.39182788133621216,0.48853206634521484,0.37317371368408203,0.49042248725891113,0.3610869348049164,0.47339218854904175
0.28057628870010376,0.4454478621482849,0.29908809065818787,0.3709428012371063,0.3337148129940033,0.2902075946331024,0.3502637445926666,0.22200025618076324,0.34746497869491577,0.16037863492965698,0.3702804446220398,0.2774503827095032,0.42133092880249023,0.3608279228210449,0.40031561255455017,0.3745223879814148,0.3822782337665558,0.3545144498348236,0.36906805634498596,0.31755754351615906,0.41368234157562256,0.4067850708961487,0.3907586634159088,0.41420483589172363,0.37447798252105713,0.3957619071006775,0.3650912940502167,0.3700764775276184,0.40293753147125244,0.4515421986579895,0.38119783997535706,0.45334288477897644,0.36627882719039917,0.4326778054237366,0.36150655150413513,0.4260483980178833,0.3884448707103729,0.4863949418067932,0.36864039301872253,0.4881918430328369,0.3551253080368042,0.4701327681541443
0.2805609107017517,0.4426957666873932,0.2993870675563812,0.3684072196483612,0.335565447807312,0.2884579598903656,0.35236454010009766,0.22018243372440338,0.3486822843551636,0.15765543282032013,0.3724309802055359,0.2738875150680542,0.4229240417480469,0.3620181977748871,0.40178048610687256,0.37673038244247437,0.3843565285205841,0.35469964146614075,0.37041085958480835,0.312841534614563,0.4152413606643677,0.40642106533050537,0.39227616786956787,0.41441047191619873,0.3765203356742859,0.39416539669036865,0.3654463589191437,0.3649720847606659,0.404472678899765,0.44872918725013733,0.38260969519615173,0.45138925313949585,0.36799365282058716,0.42987674474716187,0.3610468804836273,0.4212230145931244,0.3894854784011841,0.4838576018810272,0.3697355389595032,0.4859232008457184,0.35588017106056213,0.4675171375274658
0.2800636887550354,0.4363574981689453,0.2990064024925232,0.3623058795928955,0.33476191759109497,0.2830219864845276,0.352127343416214,0.21522484719753265,0.3494052588939667,0.15324673056602478,0.3729693293571472,0.2717190384864807,0.42362403869628906,0.3595210611820221,0.40281662344932556,0.3719882369041443,0.3851613402366638,0.34922483563423157,0.3703703284263611,0.3112688362598419,0.4155696630477905,0.4035676419734955,0.39275097846984863,0.41015851497650146,0.376876562833786,0.3894447386264801,0.36472731828689575,0.36296793818473816,0.40448126196861267,0.4464778006076813,0.38283389806747437,0.44819992780685425,0.3682405352592468,0.42660871148109436,0.35963356494903564,0.41863492131233215,0.3899343013763428,0.4816436171531677,0.3707348704338074,0.48257943987846375,0.356812447309494,0.4637981951236725
0.27817636728286743,0.4334513247013092,0.29593709111213684,0.3583179712295532,0.3309691846370697,0.27821555733680725,0.3491741120815277,0.211713045835495,0.3469090461730957,0.1510317325592041,0.3691575229167938,0.2649681866168976,0.42027077078819275,0.35178521275520325,0.3990928828716278,0.36512160301208496,0.3815658688545227,0.3429417312145233,0.36701107025146484,0.3054722547531128,0.41299426555633545,0.3976683020591736,0.3898031413555145,0.40502089262008667,0.3738093078136444,0.38485413789749146,0.36183875799179077,0.357755184173584,0.4015098810195923,0.44220930337905884,0.37938418984413147,0.44436925649642944,0.3645856976509094,0.4230808615684509,0.3573317229747772,0.4137342572212219,0.38650739192962646,0.4777935743331909,0.3669198453426361,0.479297935962677,0.35319408774375916,0.4604705274105072
0.2744438052177429,0.4291878044605255,0.29370662569999695,0.3525644838809967,0.3305119276046753,0.26953959465026855,0.3476690948009491,0.19927802681922913,0.3440757691860199,0.1368054896593094,0.366777241230011,0.25610995292663574,0.4203653633594513,0.34274739027023315,0.3992447555065155,0.35874974727630615,0.38133692741394043,0.33797672390937805,0.36473679542541504,0.29707348346710205,0.41217467188835144,0.38978511095046997,0.3889634609222412,0.39891910552978516,0.3731200397014618,0.3801440894603729,0.35980913043022156,0.35060688853263855,0.40084025263786316,0.43588078022003174,0.3786107897758484,0.43846380710601807,0.3637194037437439,0.41748684644699097,0.35562244057655334,0.40811067819595337,0.386529803276062,0.4719616174697876,0.3668350577354431,0.47299322485923767,0.3526623547077179,0.4547235667705536
0.2753799855709076,0.42711034417152405,0.29460012912750244,0.3495296239852905,0.3310782313346863,0.2666763663291931,0.34815534949302673,0.19667303562164307,0.3446795344352722,0.13425470888614655,0.3696068525314331,0.25377750396728516,0.42038413882255554,0.34618106484413147,0.3988266885280609,0.3595505356788635,0.38080546259880066,0.33679938316345215,0.36769476532936096,0.2939976751804352,0.41275209188461304,0.391810804605484,0.3887676000595093,0.39798879623413086,0.37270256876945496,0.3781493902206421,0.36213234066963196,0.34695157408714294,0.4015492796897888,0.435005784034729,0.3789826035499573,0.4360206723213196,0.36434608697891235,0.4150095582008362,0.35735073685646057,0.4040025472640991,0.38643091917037964,0.47085702419281006,0.366685152053833,0.47147440910339355,0.3534838557243347,0.4524405598640442
0.2743842303752899,0.42974865436553955,0.29481062293052673,0.35076823830604553,0.32991713285446167,0.27015650272369385,0.34729015827178955,0.20190833508968353,0.3447245955467224,0.14013177156448364,0.37194007635116577,0.25995516777038574,0.42159444093704224,0.34980398416519165,0.40023353695869446,0.36320337653160095,0.3815900385379791,0.343746542930603,0.37142544984817505,0.3022308349609375,0.41431209444999695,0.39591726660728455,0.3903803825378418,0.40244612097740173,0.3730374276638031,0.3847348093986511,0.36633649468421936,0.35722216963768005,0.402365118265152,0.4409221410751343,0.3799746036529541,0.4420042335987091,0.36440542340278625,0.42188316583633423,0.360673189163208,0.41599565744400024,0.3873308598995209,0.4772612154483795,0.36783409118652344,0.47732365131378174,0.35392728447914124,0.45905208587646484
0.2783307433128357,0.43964025378227234,0.296255886554718,0.3606097400188446,0.3299869894981384,0.2812940180301666,0.34892603754997253,0.21337196230888367,0.3486698269844055,0.15133041143417358,0.37331631779670715,0.2712223529815674,0.4252302050590515,0.3571351170539856,0.40409785509109497,0.37154620885849,0.38579806685447693,0.3530521094799042,0.3730018734931946,0.31282299757003784,0.41621464490890503,0.403976708650589,0.39232009649276733,0.4107378423213959,0.37498992681503296,0.3924812376499176,0.368431955575943,0.3674921989440918,0.40317660570144653,0.44819673895835876,0.38109830021858215,0.4496396780014038,0.36572831869125366,0.4294213056564331,0.36382248997688293,0.4257754981517792,0.388931006193161,0.4852246642112732,0.36900538206100464,0.48581796884536743,0.35493868589401245,0.4674125909805298
0.28197339177131653,0.44292402267456055,0.3000035285949707,0.3657107949256897,0.3338249921798706,0.2860424816608429,0.35218048095703125,0.21820269525051117,0.35115066170692444,0.15664194524288177,0.3748474419116974,0.27663663029670715,0.42629221081733704,0.36110448837280273,0.4052833020687103,0.3751712143421173,0.3869076669216156,0.3570198118686676,0.37461987137794495,0.31743162870407104,0.4182506799697876,0.4077092111110687,0.3948207497596741,0.41417282819747925,0.3778621554374695,0.39613911509513855,0.3705369234085083,0.3706182539463043,0.405230849981308,0.45175492763519287,0.383282333612442,0.4530889391899109,0.36873355507850647,0.4327535033226013,0.36646145582199097,0.4278770089149475,0.3903021812438965,0.4892996549606323,0.3703138530254364,0.4906300902366638,0.3573915958404541,0.4721360206604004
0.2871311902999878,0.44621798396110535,0.3046824634075165,0.36929038166999817,0.3386094868183136,0.29151463508605957,0.356017142534256,0.22446352243423462,0.3539751470088959,0.16293351352214813,0.3797982633113861,0.28129100799560547,0.430236279964447,0.36622846126556396,0.4095216393470764,0.37920695543289185,0.3915398120880127,0.35877543687820435,0.37832045555114746,0.32111141085624695,0.42177262902259827,0.4112885296344757,0.3985937535762787,0.4174852967262268,0.38227134943008423,0.3987325131893158,0.37325963377952576,0.37307339906692505,0.40946364402770996,0.4542863667011261,0.38770201802253723,0.4557064473628998,0.3732796013355255,0.4351744055747986,0.3686142563819885,0.42945289611816406,0.3938470184803009,0.4911872148513794,0.3744557797908783,0.4919803738594055,0.36166444420814514,0.4732482433319092
0.2909855246543884,0.4508349895477295,0.307829350233078,0.37499865889549255,0.3412708342075348,0.2964026629924774,0.3583945631980896,0.22919218242168427,0.3560561537742615,0.16749562323093414,0.3807082176208496,0.28575849533081055,0.4308273196220398,0.3667568862438202,0.409941166639328,0.379842072725296,0.392122358083725,0.36035633087158203,0.37944692373275757,0.32564860582351685,0.4234258830547333,0.41207656264305115,0.40108904242515564,0.41887015104293823,0.3851231038570404,0.4007103145122528,0.3753398358821869,0.37823304533958435,0.4127112329006195,0.45621931552886963,0.3918920159339905,0.4579986333847046,0.37773454189300537,0.438127338886261,0.3718399107456207,0.4347836971282959,0.39906045794487,0.492853045463562,0.3807390034198761,0.494114488363266,0.3681440055370331,0.47658514976501465
0.299713671207428,0.4545620083808899,0.31729134917259216,0.3798770308494568,0.3498910367488861,0.3028815984725952,0.36604994535446167,0.2361459583044052,0.3645079433917999,0.17622163891792297,0.38856422901153564,0.2917836308479309,0.4393291175365448,0.3688421845436096,0.41961851716041565,0.3811589479446411,0.40138211846351624,0.36363422870635986,0.38764476776123047,0.33134546875953674,0.43154165148735046,0.41392982006073,0.4099384844303131,0.4202938973903656,0.39370012283325195,0.4044787585735321,0.38341912627220154,0.38265687227249146,0.4209068715572357,0.45788443088531494,0.4006871283054352,0.4601602554321289,0.3865169584751129,0.4420742094516754,0.37976622581481934,0.4382490813732147,0.406169593334198,0.4959872364997864,0.38790783286094666,0.4978739619255066,0.3749987483024597,0.48109179735183716
0.30909064412117004,0.4619412124156952,0.3266986906528473,0.38882026076316833,0.35937511920928955,0.3127080798149109,0.3756397068500519,0.24613186717033386,0.37314146757125854,0.18596278131008148,0.39653119444847107,0.3009493350982666,0.4450830817222595,0.37931516766548157,0.4253595471382141,0.3916915953159332,0.40799179673194885,0.3738206923007965,0.3958413302898407,0.3393416702747345,0.437434583902359,0.4239580035209656,0.41626885533332825,0.430197149515152,0.400884747505188,0.41462278366088867,0.391905277967453,0.3902360796928406,0.42779088020324707,0.46766260266304016,0.4081220328807831,0.46873751282691956,0.39477255940437317,0.4505661725997925,0.3883802592754364,0.44512444734573364,0.41169029474258423,0.5039411187171936,0.3938525915145874,0.5041138529777527,0.3821794390678406,0.48673006892204285
0.31634122133255005,0.46501922607421875,0.334354043006897,0.39192551374435425,0.3665981590747833,0.31646913290023804,0.38253384828567505,0.2513481378555298,0.3805917799472809,0.19239382445812225,0.4040290117263794,0.30723538994789124,0.4522135853767395,0.3827647268772125,0.43257248401641846,0.3946557641029358,0.41498515009880066,0.37673357129096985,0.4024222195148468,0.3466567397117615,0.44419607520103455,0.42674049735069275,0.4229688048362732,0.43285584449768066,0.407648503780365,0.4166773557662964,0.39802393317222595,0.3977009057998657,0.4348929226398468,0.4702993631362915,0.4147229492664337,0.4713972508907318,0.40079331398010254,0.4525407552719116,0.39404064416885376,0.4521755576133728,0.4206829071044922,0.5067384243011475,0.4025576412677765,0.5068346261978149,0.38979387283325195,0.4892880916595459
0.3234303891658783,0.4669113755226135,0.3406616747379303,0.3970066010951996,0.3740178048610687,0.3220149576663971,0.3904264271259308,0.2572527229785919,0.38753965497016907,0.1969396024942398,0.4111661911010742,0.3115798830986023,0.45757320523262024,0.3903181850910187,0.43663763999938965,0.40181151032447815,0.419186532497406,0.3828541934490204,0.40838876366615295,0.3497185707092285,0.44986283779144287,0.43392667174339294,0.4277340769767761,0.44024136662483215,0.4129899740219116,0.42346641421318054,0.40284767746925354,0.3995687663555145,0.44038325548171997,0.47637349367141724,0.41951924562454224,0.47755947709083557,0.40566501021385193,0.45884960889816284,0.3979196548461914,0.45210325717926025,0.42596834897994995,0.5089702606201172,0.40704095363616943,0.5092939138412476,0.39403221011161804,0.491412878036499
0.3226396441459656,0.4658532738685608,0.33932366967201233,0.3960557281970978,0.37238481640815735,0.32059115171432495,0.38961803913116455,0.255481481552124,0.3876178562641144,0.19512446224689484,0.40997686982154846,0.31085261702537537,0.45786505937576294,0.38825440406799316,0.43687453866004944,0.3994620442390442,0.41941067576408386,0.380141943693161,0.4076465964317322,0.35000360012054443,0.44958558678627014,0.4329521358013153,0.42705032229423523,0.43865978717803955,0.41194668412208557,0.42122623324394226,0.4022800624370575,0.40039345622062683,0.4394657015800476,0.47538813948631287,0.418265700340271,0.4765145778656006,0.4043155014514923,0.4581128656864166,0.3974874019622803,0.453553706407547,0.4253186583518982,0.5091133713722229,0.40618211030960083,0.5087172985076904,0.3929460048675537,0.49087464809417725
0.31450963020324707,0.47285765409469604,0.3313814401626587,0.40134197473526,0.36442726850509644,0.32472679018974304,0.38214123249053955,0.2584346532821655,0.38044047355651855,0.1981925666332245,0.40070840716362,0.31427323818206787,0.4517538249492645,0.3874611556529999,0.4326377809047699,0.40296778082847595,0.415381520986557,0.38632577657699585,0.3985230028629303,0.3530047833919525,0.4438593089580536,0.43249988555908203,0.42228272557258606,0.4414372742176056,0.4070027470588684,0.42356324195861816,0.39383962750434875,0.40344467759132385,0.4342004656791687,0.4771166741847992,0.41315773129463196,0.48056066036224365,0.3989432156085968,0.46111756563186646,0.39001336693763733,0.45637452602386475,0.41833528876304626,0.5121795535087585,0.39914360642433167,0.5141118764877319,0.38620367646217346,0.4964430332183838
0.3105403184890747,0.4754157066345215,0.3276043236255646,0.4023642838001251,0.3608955144882202,0.32666316628456116,0.3790327310562134,0.260944664478302,0.3774125576019287,0.20016133785247803,0.39838385581970215,0.3138860762119293,0.4493109881877899,0.38853996992111206,0.4295879900455475,0.40304332971572876,0.412007600069046,0.3854547441005707,0.396083265542984,0.35262155532836914,0.4410918354988098,0.43259263038635254,0.419450581073761,0.44027969241142273,0.404413640499115,0.4226422905921936,0.39109674096107483,0.4033765494823456,0.4309236705303192,0.4771442711353302,0.40990597009658813,0.47965532541275024,0.3957858979701996,0.4607750177383423,0.38697656989097595,0.45667901635169983,0.4163295030593872,0.5124852657318115,0.3971937894821167,0.5135152339935303,0.3838914632797241,0.4956361651420593
0.3060820996761322,0.4688984453678131,0.32397258281707764,0.3944110572338104,0.35892385244369507,0.3160845935344696,0.3762173056602478,0.2491401880979538,0.37260159850120544,0.18751701712608337,0.39286330342292786,0.3059566915035248,0.44464126229286194,0.3824957311153412,0.42470815777778625,0.39655134081840515,0.4071294367313385,0.3775289058685303,0.39079850912094116,0.3443391025066376,0.43747666478157043,0.42633941769599915,0.41606366634368896,0.4353061616420746,0.40076661109924316,0.4188738763332367,0.3864794373512268,0.39476096630096436,0.427573561668396,0.4715021252632141,0.40754497051239014,0.47440093755722046,0.39316222071647644,0.45555028319358826,0.38298189640045166,0.44812095165252686,0.41210728883743286,0.5060226321220398,0.39410242438316345,0.5081155300140381,0.38122716546058655,0.49052199721336365
0.30152755975723267,0.4625761806964874,0.31999340653419495,0.3883056044578552,0.354808509349823,0.3084240257740021,0.3714119791984558,0.24082499742507935,0.36835581064224243,0.1793234497308731,0.39167147874832153,0.29659390449523926,0.44166988134384155,0.3759216368198395,0.42112863063812256,0.38901421427726746,0.4035198390483856,0.3695763051509857,0.389464408159256,0.33569300174713135,0.43496274948120117,0.42071062326431274,0.41269007325172424,0.4283396899700165,0.3971865177154541,0.4110105335712433,0.384667307138443,0.38700971007347107,0.425161749124527,0.4651440978050232,0.404044508934021,0.46727848052978516,0.38941216468811035,0.4478384852409363,0.3805930018424988,0.44213154911994934,0.41050487756729126,0.49993273615837097,0.3916258215904236,0.500965416431427,0.37799015641212463,0.4827965199947357
0.2975107729434967,0.45725753903388977,0.3142448663711548,0.3829168379306793,0.34646517038345337,0.30307334661483765,0.3643718957901001,0.23515111207962036,0.36389464139938354,0.1731587052345276,0.38622257113456726,0.290901780128479,0.4381451904773712,0.36989694833755493,0.4176587462425232,0.3847620487213135,0.3993314802646637,0.3681284189224243,0.38490328192710876,0.3307979702949524,0.43112874031066895,0.4158622622489929,0.4085387885570526,0.42450010776519775,0.3919312059879303,0.4078505039215088,0.38084250688552856,0.38301020860671997,0.42145439982414246,0.4610833525657654,0.39990076422691345,0.46380922198295593,0.38478389382362366,0.44502487778663635,0.37730175256729126,0.43869784474372864,0.40603649616241455,0.4967310428619385,0.3867427408695221,0.4981195330619812,0.37329044938087463,0.48067301511764526
0.29199129343032837,0.45744389295578003,0.30847784876823425,0.38032254576683044,0.34127408266067505,0.3002386689186096,0.35908570885658264,0.2322179228067398,0.3571627140045166,0.17005416750907898,0.3814651072025299,0.28734761476516724,0.4337996542453766,0.364431768655777,0.41245853900909424,0.38014185428619385,0.39366215467453003,0.3636626601219177,0.3802594840526581,0.3273143172264099,0.42630043625831604,0.41123485565185547,0.4032772183418274,0.4199666976928711,0.38689884543418884,0.4033779203891754,0.3761591911315918,0.3800511062145233,0.4157559871673584,0.45665672421455383,0.39390963315963745,0.4597785472869873,0.3788362145423889,0.4414461851119995,0.37277886271476746,0.43638092279434204,0.40199044346809387,0.49392759799957275,0.38260844349861145,0.49556881189346313,0.36909350752830505,0.47841766476631165
0.29125088453292847,0.45754727721214294,0.30690133571624756,0.3821738064289093,0.34050050377845764,0.2998109459877014,0.3581254780292511,0.23059265315532684,0.35546883940696716,0.168195441365242,0.37968629598617554,0.28686270117759705,0.4324621558189392,0.3656366169452667,0.41105377674102783,0.38110801577568054,0.392512708902359,0.36237674951553345,0.37844613194465637,0.32649680972099304,0.4263148605823517,0.4107425808906555,0.4030976891517639,0.4199352264404297,0.3860223591327667,0.40231502056121826,0.3744826316833496,0.37855610251426697,0.4150671064853668,0.455575168132782,0.3932079076766968,0.45911872386932373,0.37795960903167725,0.4398089051246643,0.3714688718318939,0.43460753560066223,0.40079018473625183,0.49316471815109253,0.38114574551582336,0.4951692819595337,0.36757802963256836,0.4773605465888977
0.2913244962692261,0.45923924446105957,0.3071683943271637,0.38298770785331726,0.34052684903144836,0.3020251393318176,0.3576686680316925,0.2331928014755249,0.35493946075439453,0.17082862555980682,0.3806450664997101,0.28901252150535583,0.43235766887664795,0.3672635853290558,0.4109532833099365,0.38252151012420654,0.392345666885376,0.3643617331981659,0.37960284948349,0.32870861887931824,0.4256667494773865,0.4136433005332947,0.40248996019363403,0.42261916399002075,0.3859574794769287,0.4053867757320404,0.375591516494751,0.3813035190105438,0.41545233130455017,0.4581497311592102,0.3937227427959442,0.4620807468891144,0.3789583444595337,0.4434933364391327,0.3721524775028229,0.4380524754524231,0.401867538690567,0.4963375926017761,0.3823243975639343,0.4982462525367737,0.3686774671077728,0.4808996617794037
0.2917420268058777,0.46502476930618286,0.30799317359924316,0.38918736577033997,0.3416232168674469,0.30653607845306396,0.3584196865558624,0.23700745403766632,0.35514211654663086,0.1747099608182907,0.38049569725990295,0.2936553359031677,0.43183693289756775,0.37161362171173096,0.41067999601364136,0.38711756467819214,0.392615407705307,0.3689675033092499,0.37848931550979614,0.3340277671813965,0.425544798374176,0.418735146522522,0.40213635563850403,0.4279101490974426,0.3854832053184509,0.41040486097335815,0.37389522790908813,0.38673490285873413,0.4159098267555237,0.4641661047935486,0.3940705955028534,0.4677864909172058,0.3785625696182251,0.44898054003715515,0.36988091468811035,0.4426335096359253,0.4012397229671478,0.5007331967353821,0.3823728859424591,0.5025149583816528,0.36857616901397705,0.48584598302841187
0.289230078458786,0.46779265999794006,0.30690157413482666,0.3930218517780304,0.34146004915237427,0.31245964765548706,0.35842153429985046,0.24352042376995087,0.35470688343048096,0.18121199309825897,0.3750273883342743,0.29548320174217224,0.4311002790927887,0.3665271997451782,0.41111958026885986,0.382047176361084,0.3925355076789856,0.3649579584598541,0.3713832497596741,0.3356100916862488,0.4236832559108734,0.4135371446609497,0.4010632336139679,0.42270520329475403,0.3846285045146942,0.40499910712242126,0.3664432764053345,0.3887200653553009,0.4145725965499878,0.45944806933403015,0.39279910922050476,0.46313223242759705,0.3767892122268677,0.44420763850212097,0.36284926533699036,0.4450080990791321,0.39968958497047424,0.4977998435497284,0.3812187612056732,0.4990653991699219,0.36681434512138367,0.4817526936531067
0.291070818901062,0.4720733165740967,0.30837202072143555,0.3977622091770172,0.3424423933029175,0.3173035681247711,0.3584809899330139,0.24896621704101562,0.35571423172950745,0.18841516971588135,0.3740101456642151,0.29852503538131714,0.4303141236305237,0.36717069149017334,0.41141343116760254,0.3842255771160126,0.39301374554634094,0.3679347336292267,0.3693595230579376,0.3373103439807892,0.42266595363616943,0.4141092002391815,0.40104803442955017,0.42486464977264404,0.3851968050003052,0.4075188636779785,0.363761305809021,0.3890463709831238,0.41388747096061707,0.46013936400413513,0.3927331268787384,0.46562308073043823,0.3773197531700134,0.44714024662971497,0.3600374460220337,0.4445585608482361,0.39923128485679626,0.49924856424331665,0.3812612295150757,0.501559853553772,0.3668232858181,0.4842350482940674
0.2917616665363312,0.48313868045806885,0.30788975954055786,0.40758007764816284,0.34266388416290283,0.32598885893821716,0.35834187269210815,0.2568974494934082,0.3534882366657257,0.19648312032222748,0.3687230050563812,0.30428576469421387,0.4274417757987976,0.369554728269577,0.40935632586479187,0.38823622465133667,0.3906387388706207,0.3731335699558258,0.3632619380950928,0.3419182002544403,0.4198422133922577,0.41694915294647217,0.3985910713672638,0.42960959672927856,0.382671594619751,0.41365277767181396,0.35765618085861206,0.3932008147239685,0.41148361563682556,0.4619549512863159,0.39094334840774536,0.46900475025177,0.37546244263648987,0.4516097605228424,0.35445213317871094,0.4482244849205017,0.39688658714294434,0.5017141103744507,0.37927719950675964,0.5043385028839111,0.3641236424446106,0.4869459867477417
0.29531607031822205,0.48916542530059814,0.31214872002601624,0.41468921303749084,0.3461301922798157,0.3300727307796478,0.36113646626472473,0.26006007194519043,0.3566659688949585,0.2010723352432251,0.36676737666130066,0.301873117685318,0.42640089988708496,0.3664707839488983,0.4077570140361786,0.38655683398246765,0.3879499137401581,0.36988070607185364,0.3600604236125946,0.33896058797836304,0.4187685251235962,0.4183088541030884,0.39643487334251404,0.43072670698165894,0.38045674562454224,0.41296255588531494,0.3539857268333435,0.3901287615299225,0.4106898903846741,0.46057426929473877,0.3893946409225464,0.4680890440940857,0.37412524223327637,0.45080435276031494,0.3507423400878906,0.4454849362373352,0.3967689573764801,0.4986675977706909,0.3791758418083191,0.5016810894012451,0.36341890692710876,0.48446932435035706
0.2996023893356323,0.4929766356945038,0.3164134621620178,0.41787347197532654,0.34967783093452454,0.3342074751853943,0.36465486884117126,0.26443880796432495,0.3605295419692993,0.20573849976062775,0.36850571632385254,0.3037354350090027,0.42794325947761536,0.36352694034576416,0.4105609655380249,0.3851989507675171,0.3914179801940918,0.371209055185318,0.36158624291419983,0.3407742977142334,0.42158323526382446,0.41702914237976074,0.4001697897911072,0.4298422038555145,0.38421759009361267,0.4122254252433777,0.35560089349746704,0.39113813638687134,0.41275665163993835,0.45970794558525085,0.39212560653686523,0.46721190214157104,0.37708768248558044,0.4493808448314667,0.3520776033401489,0.44493499398231506,0.39851605892181396,0.4969642460346222,0.3816492259502411,0.5000654458999634,0.3660401403903961,0.4829687774181366
0.30425238609313965,0.490924596786499,0.3225054442882538,0.4159471392631531,0.3550521731376648,0.3330657482147217,0.3688325881958008,0.2635638117790222,0.3642830550670624,0.20514363050460815,0.37311795353889465,0.3035929799079895,0.43263760209083557,0.364614337682724,0.4149675667285919,0.38659629225730896,0.39548513293266296,0.37107014656066895,0.36580151319503784,0.3410201072692871,0.4260960817337036,0.4176003932952881,0.4042854905128479,0.43109792470932007,0.38828498125076294,0.4132066071033478,0.3592764437198639,0.391630619764328,0.41658034920692444,0.4598025381565094,0.3959195613861084,0.4678730070590973,0.38101962208747864,0.45054981112480164,0.35511672496795654,0.44556525349617004,0.4016853868961334,0.49829864501953125,0.3849870562553406,0.501359760761261,0.3694010376930237,0.4845828711986542
0.30678853392601013,0.4895305037498474,0.32442304491996765,0.4136594831943512,0.3571140170097351,0.33107197284698486,0.3714043200016022,0.26231610774993896,0.3672420382499695,0.20423679053783417,0.37579476833343506,0.30259960889816284,0.4361414611339569,0.3655821681022644,0.41837620735168457,0.3868206739425659,0.3988035023212433,0.3710985779762268,0.3681809604167938,0.34009042382240295,0.4290961027145386,0.41897818446159363,0.4070606231689453,0.4313488006591797,0.39104795455932617,0.4129410982131958,0.3614216148853302,0.3904157876968384,0.4188818335533142,0.46098974347114563,0.39774060249328613,0.46776899695396423,0.38288938999176025,0.44943997263908386,0.3573872148990631,0.44381991028785706,0.4041391611099243,0.49834144115448,0.38687437772750854,0.5002880692481995,0.3710220754146576,0.48207131028175354
0.3041672706604004,0.4875084459781647,0.3213875889778137,0.4121212959289551,0.35480108857154846,0.3287132978439331,0.3692382574081421,0.25998300313949585,0.3648594319820404,0.20186208188533783,0.37403401732444763,0.30181729793548584,0.4344335198402405,0.3646151125431061,0.4165920615196228,0.3865797519683838,0.396870493888855,0.3704729378223419,0.3668963611125946,0.33906134963035583,0.4270307421684265,0.4161326289176941,0.4057423770427704,0.42928293347358704,0.3897787034511566,0.410923033952713,0.360544353723526,0.3896837532520294,0.41680821776390076,0.45870441198349,0.39629223942756653,0.46680018305778503,0.3814491331577301,0.4487389326095581,0.3569999039173126,0.4437852203845978,0.40279334783554077,0.497199684381485,0.3858577013015747,0.500304102897644,0.37029075622558594,0.48279473185539246
0.29887187480926514,0.49021315574645996,0.3157292902469635,0.4152352809906006,0.3498578667640686,0.3323785662651062,0.3656451404094696,0.2636270523071289,0.3621969521045685,0.20566709339618683,0.37024739384651184,0.3033161461353302,0.42919737100601196,0.36474740505218506,0.4114619493484497,0.38581153750419617,0.3921920657157898,0.3709172308444977,0.363455206155777,0.33997562527656555,0.42293885350227356,0.4168422520160675,0.4011876583099365,0.4292975664138794,0.3852148950099945,0.4119657278060913,0.3572366237640381,0.39013800024986267,0.41308844089508057,0.4594585597515106,0.39226022362709045,0.4667421281337738,0.3774583339691162,0.44926518201828003,0.3533312678337097,0.4438546299934387,0.3991394639015198,0.49683547019958496,0.38187530636787415,0.4997289180755615,0.36627209186553955,0.4825136959552765
0.29335734248161316,0.48394858837127686,0.3104338049888611,0.41047099232673645,0.3458363115787506,0.3271796703338623,0.3614487648010254,0.25808221101760864,0.3574899435043335,0.19909825921058655,0.3687729835510254,0.3007954955101013,0.4263423681259155,0.36818018555641174,0.4079516530036926,0.3879716992378235,0.38863319158554077,0.3709326684474945,0.36163032054901123,0.33828774094581604,0.41887161135673523,0.4202263057231903,0.39687052369117737,0.43210867047309875,0.3812808394432068,0.4132337272167206,0.3547005355358124,0.389260858297348,0.40994617342948914,0.4625791907310486,0.3888833224773407,0.4693281650543213,0.3740558922290802,0.450423002243042,0.35018402338027954,0.4440496861934662,0.39485761523246765,0.4995691776275635,0.3776904046535492,0.5020678639411926,0.3628738224506378,0.4844629168510437
0.29160481691360474,0.47030922770500183,0.30822351574897766,0.3969084620475769,0.34412652254104614,0.31627362966537476,0.3599417209625244,0.2484768033027649,0.35508865118026733,0.18867139518260956,0.3693482577800751,0.29673153162002563,0.42657941579818726,0.3636948764324188,0.40768641233444214,0.38193973898887634,0.3895200490951538,0.36523741483688354,0.36320072412490845,0.33316487073898315,0.4186306297779083,0.4142676591873169,0.3962094187736511,0.4260292649269104,0.38152605295181274,0.4087987542152405,0.35673776268959045,0.38348713517189026,0.41051527857780457,0.4573710560798645,0.3892800509929657,0.46338412165641785,0.37485364079475403,0.4452492594718933,0.3527570366859436,0.4384106695652008,0.39618098735809326,0.49610304832458496,0.37876248359680176,0.4978618621826172,0.3640974462032318,0.4800040125846863
0.2901468873023987,0.46611469984054565,0.3079143166542053,0.3914839029312134,0.3440244495868683,0.30959761142730713,0.36006322503089905,0.24103444814682007,0.3559671640396118,0.1800449788570404,0.37326908111572266,0.2930053174495697,0.4289226830005646,0.36699604988098145,0.40972086787223816,0.3827667534351349,0.3918021619319916,0.3626488745212555,0.3679209351539612,0.3319944739341736,0.4206737279891968,0.41378116607666016,0.3987678289413452,0.4231540858745575,0.38314682245254517,0.40332692861557007,0.3613669276237488,0.38406604528427124,0.41171351075172424,0.45910269021987915,0.39068660140037537,0.4631967842578888,0.37533658742904663,0.4430881142616272,0.3562714457511902,0.4398777186870575,0.39584794640541077,0.497465044260025,0.3789627254009247,0.4986450672149658,0.3651280105113983,0.48091012239456177
0.2876042127609253,0.45645198225975037,0.3062231242656708,0.3823358714580536,0.3424888253211975,0.3006834089756012,0.3588886260986328,0.2319226711988449,0.35476556420326233,0.16980496048927307,0.373567134141922,0.2895198464393616,0.4283512234687805,0.36418408155441284,0.4076920449733734,0.377276748418808,0.3895869851112366,0.35591959953308105,0.36905044317245483,0.32921722531318665,0.4197891354560852,0.4099053740501404,0.3970676064491272,0.41670286655426025,0.3810982406139374,0.39670661091804504,0.3629566431045532,0.38148510456085205,0.409945011138916,0.4548596441745758,0.3882148861885071,0.4569959044456482,0.372470885515213,0.4373320937156677,0.3581443130970001,0.4372882544994354,0.39402538537979126,0.49344173073768616,0.37586644291877747,0.49360913038253784,0.3617153465747833,0.47582682967185974
0.28627246618270874,0.43451356887817383,0.3064920902252197,0.3605729639530182,0.3426942527294159,0.28020593523979187,0.35876426100730896,0.2125985324382782,0.35543447732925415,0.1523847132921219,0.37306898832321167,0.2671809792518616,0.42767471075057983,0.34682202339172363,0.407350093126297,0.360343337059021,0.3895936906337738,0.33908116817474365,0.36875930428504944,0.3059471845626831,0.42000892758369446,0.39110004901885986,0.3973977863788605,0.39864975214004517,0.38152816891670227,0.3793034851551056,0.3626798987388611,0.35660403966903687,0.4091510474681854,0.4349404573440552,0.387226402759552,0.4367249310016632,0.37158215045928955,0.41635701060295105,0.3578718304634094,0.4109589457511902,0.3927353322505951,0.46961838006973267,0.3741558790206909,0.46972396969795227,0.359761118888855,0.4512764513492584
0.28570011258125305,0.4191882014274597,0.306659072637558,0.34449443221092224,0.34387677907943726,0.26378098130226135,0.36129382252693176,0.19632147252559662,0.35754671692848206,0.13537974655628204,0.37409812211990356,0.24780619144439697,0.4282305836677551,0.33068662881851196,0.4073995351791382,0.3437279462814331,0.3898567259311676,0.32041096687316895,0.37026649713516235,0.28524482250213623,0.4207926094532013,0.37442436814308167,0.39752110838890076,0.3817034661769867,0.3820633590221405,0.361719012260437,0.36395058035850525,0.33563554286956787,0.41054555773735046,0.4173145890235901,0.3883529305458069,0.4195968210697174,0.3731057047843933,0.3993034362792969,0.358822762966156,0.39043742418289185,0.3939865231513977,0.45249009132385254,0.37481752038002014,0.4527641534805298,0.360603392124176,0.4328387975692749
0.2826150953769684,0.4105408191680908,0.3028026223182678,0.3359721899032593,0.34134867787361145,0.25665244460105896,0.3603389859199524,0.18959756195545197,0.3577580451965332,0.12875896692276,0.3730776309967041,0.24002371728420258,0.42829400300979614,0.3208794891834259,0.40750402212142944,0.33488795161247253,0.39029958844184875,0.31377363204956055,0.36898964643478394,0.27823764085769653,0.4182928800582886,0.36742740869522095,0.3948369324207306,0.3744974434375763,0.37977802753448486,0.3542061746120453,0.36242467164993286,0.329316109418869,0.4078616797924042,0.4100709855556488,0.38548433780670166,0.41106218099594116,0.3702118396759033,0.3895435333251953,0.35728731751441956,0.3831305205821991,0.39155420660972595,0.4441260099411011,0.3719434142112732,0.44476908445358276,0.35762566328048706,0.4244619607925415
0.27614548802375793,0.40645354986190796,0.2968965172767639,0.3318880796432495,0.3348463177680969,0.25328803062438965,0.3527149558067322,0.18514642119407654,0.349231481552124,0.12296819686889648,0.36769622564315796,0.23542821407318115,0.4231085777282715,0.3141337037086487,0.40272095799446106,0.32727211713790894,0.3853966295719147,0.30672115087509155,0.3638204336166382,0.27280572056770325,0.41309279203414917,0.360457181930542,0.38994356989860535,0.3665798306465149,0.3748043477535248,0.34649625420570374,0.35726577043533325,0.3231348693370819,0.4014681279659271,0.4039280414581299,0.3794800341129303,0.4045989513397217,0.36495691537857056,0.3827988803386688,0.35222116112709045,0.3766671419143677,0.3857942521572113,0.4395616054534912,0.3664190471172333,0.43954652547836304,0.352334201335907,0.4186340272426605
0.2660899758338928,0.40954458713531494,0.2869948148727417,0.3339028060436249,0.3248174488544464,0.2559123933315277,0.34332722425460815,0.18841785192489624,0.34076637029647827,0.1271807849407196,0.35665249824523926,0.2376493513584137,0.41301360726356506,0.3181549906730652,0.39292845129966736,0.33285844326019287,0.3746510148048401,0.31236669421195984,0.35208266973495483,0.2740570604801178,0.4041796326637268,0.3625789284706116,0.38166487216949463,0.3708454668521881,0.36615151166915894,0.35157281160354614,0.3452793061733246,0.3237842917442322,0.3918052613735199,0.40544483065605164,0.3702682852745056,0.40869396924972534,0.3556043803691864,0.38810214400291443,0.34004297852516174,0.3776816129684448,0.37563467025756836,0.44129228591918945,0.35680440068244934,0.44251298904418945,0.3428349196910858,0.4218081831932068
0.2637295722961426,0.4125800132751465,0.28368234634399414,0.33631253242492676,0.32017338275909424,0.2588009834289551,0.3382870554924011,0.19196149706840515,0.33503222465515137,0.13163644075393677,0.35179615020751953,0.24105645716190338,0.4088238775730133,0.31919997930526733,0.3900936245918274,0.3355792164802551,0.37276744842529297,0.3176020383834839,0.3463670015335083,0.27708107233047485,0.3994026482105255,0.3640725612640381,0.3767753541469574,0.3739551603794098,0.3611961603164673,0.355094313621521,0.3391992747783661,0.3263044059276581,0.38787785172462463,0.40716204047203064,0.36614131927490234,0.4110362231731415,0.35102421045303345,0.39045313000679016,0.3336772620677948,0.3797612488269806,0.3697209060192108,0.44304159283638,0.3512802720069885,0.44394102692604065,0.3377023935317993,0.4232657551765442
0.260166198015213,0.4142875373363495,0.28041860461235046,0.340244859457016,0.31738221645355225,0.26071101427078247,0.33440619707107544,0.19238600134849548,0.3307095766067505,0.13128343224525452,0.3471572697162628,0.2414415180683136,0.404314249753952,0.32067421078681946,0.38423675298690796,0.3352125287055969,0.36603930592536926,0.31373387575149536,0.34135156869888306,0.2774908244609833,0.394339382648468,0.36441469192504883,0.37136557698249817,0.37278062105178833,0.3559896647930145,0.3514899015426636,0.3340105712413788,0.3266921043395996,0.38423222303390503,0.40698519349098206,0.3625204861164093,0.4105049967765808,0.34694400429725647,0.389126181602478,0.32842203974723816,0.38046935200691223,0.36729133129119873,0.4422682523727417,0.34890347719192505,0.44305816292762756,0.33374911546707153,0.4225275218486786
0.2608655095100403,0.4140108525753021,0.28121864795684814,0.33925431966781616,0.3176144063472748,0.2591090798377991,0.33346667885780334,0.19049938023090363,0.3291650116443634,0.13031458854675293,0.34459924697875977,0.24139347672462463,0.40117061138153076,0.32035648822784424,0.38202881813049316,0.3359418213367462,0.3642588257789612,0.31522446870803833,0.3382439911365509,0.27758124470710754,0.39124080538749695,0.3651846647262573,0.368988037109375,0.37403029203414917,0.3537161350250244,0.3534199297428131,0.3310006260871887,0.32698673009872437,0.3817231357097626,0.407937228679657,0.36056873202323914,0.41134047508239746,0.3449263572692871,0.39006108045578003,0.32566601037979126,0.3810144066810608,0.3644758462905884,0.4441486597061157,0.34699949622154236,0.4447232782840729,0.33243635296821594,0.42462989687919617
0.2618958652019501,0.4277373254299164,0.2807263731956482,0.3516315221786499,0.3155995309352875,0.27045875787734985,0.3313840925693512,0.20212122797966003,0.3277474641799927,0.14321239292621613,0.3422721326351166,0.24833513796329498,0.40030959248542786,0.32455796003341675,0.3809703290462494,0.3419879078865051,0.36192116141319275,0.32382732629776,0.33667561411857605,0.2838265597820282,0.39148616790771484,0.37045568227767944,0.3682504892349243,0.38116902112960815,0.35240212082862854,0.36343497037887573,0.3301198184490204,0.33339864015579224,0.38256484270095825,0.41302353143692017,0.360321968793869,0.4172442555427551,0.3445828855037689,0.39760932326316833,0.3257507383823395,0.3879254162311554,0.3654487133026123,0.4503057599067688,0.34653860330581665,0.45079320669174194,0.331494003534317,0.43066421151161194
0.2654469311237335,0.44473356008529663,0.28315165638923645,0.369213730096817,0.31738826632499695,0.28698837757110596,0.33269017934799194,0.21793672442436218,0.32895103096961975,0.15983420610427856,0.34345635771751404,0.26250776648521423,0.40246671438217163,0.33579686284065247,0.3833175599575043,0.3531612455844879,0.3640826940536499,0.3353077173233032,0.3382555842399597,0.2982029318809509,0.39415937662124634,0.3825853765010834,0.3715857267379761,0.3932613730430603,0.3560791015625,0.3752164840698242,0.3319893181324005,0.34840404987335205,0.38590940833091736,0.42501258850097656,0.36463943123817444,0.4298233389854431,0.3490986227989197,0.41033539175987244,0.3276185393333435,0.40370625257492065,0.3695564866065979,0.46319931745529175,0.3516804575920105,0.46492689847946167,0.33645790815353394,0.44624921679496765
0.27356550097465515,0.4501544237136841,0.2905576229095459,0.3760719895362854,0.32581332325935364,0.2953958809375763,0.3422125577926636,0.22811870276927948,0.3390849232673645,0.16971543431282043,0.3501443564891815,0.2752062678337097,0.4078065752983093,0.34707173705101013,0.3900566101074219,0.36349520087242126,0.3722005784511566,0.3467864394187927,0.34402331709861755,0.31234702467918396,0.39931464195251465,0.39454615116119385,0.3776569366455078,0.40437042713165283,0.36260440945625305,0.3863595128059387,0.3375760018825531,0.3624795079231262,0.3918318748474121,0.4367968440055847,0.37083083391189575,0.4404156506061554,0.3552148938179016,0.4207955002784729,0.3330754041671753,0.4166126251220703,0.37552618980407715,0.4738531708717346,0.3585323691368103,0.4744008481502533,0.3435438573360443,0.45635074377059937
0.2810848355293274,0.45381960272789,0.29946500062942505,0.3809056282043457,0.3346514105796814,0.3016103506088257,0.3507997393608093,0.23402924835681915,0.34812551736831665,0.17613595724105835,0.35995879769325256,0.2806195020675659,0.41609492897987366,0.3554573953151703,0.3977615237236023,0.37107720971107483,0.3796745538711548,0.35294002294540405,0.35352587699890137,0.31691882014274597,0.40748918056488037,0.3998778760433197,0.3863920271396637,0.4091469347476959,0.37081626057624817,0.3913991153240204,0.34665587544441223,0.36641934514045715,0.39843103289604187,0.4427179992198944,0.3781607151031494,0.4460383653640747,0.36281198263168335,0.4261041581630707,0.34191861748695374,0.42095762491226196,0.38235148787498474,0.48005932569503784,0.3655342757701874,0.4812389612197876,0.3511454164981842,0.46233633160591125
0.2988598346710205,0.4678642451763153,0.3166510760784149,0.39533761143684387,0.35179823637008667,0.31683653593063354,0.36811554431915283,0.2510008215904236,0.3653803765773773,0.19363024830818176,0.3782462477684021,0.30032220482826233,0.4345875084400177,0.37226754426956177,0.4162626564502716,0.3879668116569519,0.39792507886886597,0.37054243683815,0.3728084862232208,0.33726966381073,0.42579883337020874,0.41825753450393677,0.40473201870918274,0.4274490475654602,0.38901621103286743,0.4097074568271637,0.36624467372894287,0.3870108723640442,0.4161069393157959,0.46114540100097656,0.39598071575164795,0.4647592306137085,0.3807959258556366,0.44546008110046387,0.3612181544303894,0.44086208939552307,0.4000306725502014,0.49761563539505005,0.38448065519332886,0.49915504455566406,0.3712644875049591,0.48248428106307983
0.3097878098487854,0.4706895053386688,0.3274860978126526,0.3975723683834076,0.3620808720588684,0.3197411596775055,0.37793368101119995,0.25334662199020386,0.3744186460971832,0.19426406919956207,0.39091184735298157,0.30598604679107666,0.44545990228652954,0.3780268430709839,0.42667216062545776,0.3929598033428192,0.40902024507522583,0.37512749433517456,0.38630613684654236,0.3433600664138794,0.4365815222263336,0.4228750765323639,0.41502392292022705,0.43152791261672974,0.3997276723384857,0.41348886489868164,0.3803192377090454,0.3933461308479309,0.42764222621917725,0.46626016497612,0.4071572721004486,0.468906044960022,0.3919370472431183,0.44941824674606323,0.375789999961853,0.44638603925704956,0.41130590438842773,0.5020227432250977,0.3941826820373535,0.5025351047515869,0.38036537170410156,0.484596848487854
0.3142959475517273,0.4624071419239044,0.33305707573890686,0.3918580710887909,0.36823534965515137,0.3122725486755371,0.38356316089630127,0.24523763358592987,0.3802623450756073,0.1862242966890335,0.3968903124332428,0.3006148040294647,0.45143091678619385,0.3729434311389923,0.43124574422836304,0.3867056965827942,0.4135202169418335,0.36692747473716736,0.3924154043197632,0.33774468302726746,0.4420556426048279,0.41770079731941223,0.4196520447731018,0.42537766695022583,0.4049983620643616,0.40600287914276123,0.3861701190471649,0.3873147666454315,0.43238988518714905,0.46059778332710266,0.41168317198753357,0.46258294582366943,0.3967047333717346,0.4426495432853699,0.38129743933677673,0.4403713047504425,0.4171268939971924,0.4944095313549042,0.3995434641838074,0.49393725395202637,0.38495704531669617,0.4760294556617737
0.3136962652206421,0.4475671052932739,0.3341856896877289,0.37674158811569214,0.36938536167144775,0.29941844940185547,0.3847366273403168,0.23306721448898315,0.3819378912448883,0.1727694869041443,0.3980654180049896,0.2846924364566803,0.4514259099960327,0.3627581000328064,0.43111151456832886,0.37477877736091614,0.4129376709461212,0.35233354568481445,0.39292046427726746,0.3221287131309509,0.44273707270622253,0.40603986382484436,0.4207534193992615,0.4130241870880127,0.40574708580970764,0.3918726444244385,0.3862276077270508,0.3717362582683563,0.43292462825775146,0.44857141375541687,0.4121142327785492,0.4506088197231293,0.3967781662940979,0.42927199602127075,0.38093340396881104,0.4250143766403198,0.41668084263801575,0.4822632372379303,0.3989328145980835,0.48181039094924927,0.38430601358413696,0.4622255563735962
0.3080674409866333,0.4320763945579529,0.3280191421508789,0.3611844480037689,0.3611309826374054,0.2839972674846649,0.3758546710014343,0.21883422136306763,0.3731343448162079,0.16086065769195557,0.39009788632392883,0.2658163607120514,0.4431840479373932,0.34232431650161743,0.4240943491458893,0.3553086221218109,0.4055940806865692,0.33321118354797363,0.3864632844924927,0.30152466893196106,0.4371062219142914,0.3829324245452881,0.4159174859523773,0.3920258581638336,0.40030840039253235,0.3726973831653595,0.38118237257003784,0.3493786156177521,0.4280819892883301,0.42501717805862427,0.4076026976108551,0.42924100160598755,0.39214563369750977,0.40914228558540344,0.37708452343940735,0.4016959071159363,0.41203561425209045,0.4595077931880951,0.39365559816360474,0.4604983925819397,0.378775954246521,0.44092604517936707
0.29997390508651733,0.41038012504577637,0.31942111253738403,0.3401874005794525,0.35392138361930847,0.26162612438201904,0.36908870935440063,0.1970081627368927,0.3654928505420685,0.14021465182304382,0.38001593947410583,0.24474819004535675,0.4335006773471832,0.3226046562194824,0.4153721034526825,0.3358776569366455,0.3975694179534912,0.3133351802825928,0.37561944127082825,0.27919813990592957,0.4269021153450012,0.36370936036109924,0.4069647192955017,0.3730730414390564,0.3923570513725281,0.3528614640235901,0.36996376514434814,0.3268338441848755,0.41869086027145386,0.4045562148094177,0.39926356077194214,0.4093022644519806,0.3844512701034546,0.3889658749103546,0.365923136472702,0.3794393837451935,0.40279436111450195,0.43818867206573486,0.3852238953113556,0.43947064876556396,0.3705924153327942,0.4199165403842926
0.286607027053833,0.4119831621646881,0.3052218556404114,0.339441180229187,0.34099912643432617,0.26097211241722107,0.3572935461997986,0.19431254267692566,0.353231281042099,0.13531066477298737,0.3699394762516022,0.23768167197704315,0.4267215430736542,0.3155282437801361,0.4076002836227417,0.3319655954837799,0.389272540807724,0.3120812773704529,0.3660943806171417,0.2710981070995331,0.41788309812545776,0.3577655851840973,0.3960866928100586,0.36835089325904846,0.381000280380249,0.3490656018257141,0.3604067862033844,0.3186675012111664,0.4077947437763214,0.3997371792793274,0.3868740499019623,0.4043639898300171,0.37243953347206116,0.3833737075328827,0.3563656806945801,0.3709627091884613,0.3910813331604004,0.4343891143798828,0.3721979856491089,0.43644189834594727,0.3583333492279053,0.415689080953598
0.27531394362449646,0.4150945544242859,0.29436194896698,0.3419681489467621,0.3302624225616455,0.2638029456138611,0.3465467393398285,0.1962086260318756,0.3427266776561737,0.13660642504692078,0.3607790172100067,0.24283427000045776,0.41767796874046326,0.3175719976425171,0.3985115885734558,0.33229154348373413,0.37985482811927795,0.3128661513328552,0.3568252623081207,0.2762039303779602,0.40930405259132385,0.35971567034721375,0.38712629675865173,0.3695001006126404,0.3717975616455078,0.35159701108932495,0.35108694434165955,0.32341596484184265,0.3985883295536041,0.4009803235530853,0.3774680495262146,0.4057333767414093,0.36271485686302185,0.3860330879688263,0.3471842110157013,0.37543344497680664,0.38371121883392334,0.4364181160926819,0.3645866811275482,0.4389585554599762,0.3498452603816986,0.41875576972961426
0.27108585834503174,0.41945260763168335,0.2895250916481018,0.34494537115097046,0.32501259446144104,0.26616397500038147,0.3416944742202759,0.19963473081588745,0.3377304971218109,0.14058683812618256,0.3553145229816437,0.24880890548229218,0.41216981410980225,0.3234386444091797,0.392551988363266,0.33776339888572693,0.3742523789405823,0.3172045946121216,0.35143962502479553,0.2836032509803772,0.40305888652801514,0.3658498227596283,0.3810533583164215,0.37472712993621826,0.3660486042499542,0.35561421513557434,0.34554779529571533,0.3318532705307007,0.3924323320388794,0.4082131087779999,0.37171119451522827,0.4123868942260742,0.35727280378341675,0.39244386553764343,0.34155699610710144,0.38437047600746155,0.3775485157966614,0.44469138979911804,0.3594149053096771,0.44679272174835205,0.34550464153289795,0.42724931240081787
0.26501327753067017,0.42679542303085327,0.283294677734375,0.351247638463974,0.3177701234817505,0.26899492740631104,0.33290308713912964,0.20120865106582642,0.3279513418674469,0.14265717566013336,0.3471474349498749,0.25158849358558655,0.4045211672782898,0.3281225264072418,0.3852510154247284,0.34361112117767334,0.36717891693115234,0.32333266735076904,0.34285563230514526,0.28841301798820496,0.3956022560596466,0.37258148193359375,0.373473584651947,0.3816116750240326,0.3577573001384735,0.36155402660369873,0.3369678258895874,0.33807897567749023,0.38579195737838745,0.4156159460544586,0.36474061012268066,0.4197305738925934,0.3491213321685791,0.399496465921402,0.33277982473373413,0.391559898853302,0.3700679838657379,0.45093226432800293,0.3521832227706909,0.4530702531337738,0.33769023418426514,0.4343338906764984
0.259937584400177,0.4437220096588135,0.2777915298938751,0.36663299798965454,0.31194519996643066,0.28425613045692444,0.3272218704223633,0.21614359319210052,0.32225310802459717,0.1573822796344757,0.34095922112464905,0.26663297414779663,0.39999911189079285,0.34053221344947815,0.38113635778427124,0.35936641693115234,0.36225050687789917,0.34230539202690125,0.33762070536613464,0.30270999670028687,0.3927592635154724,0.3848547339439392,0.3704203963279724,0.3973725140094757,0.3541184663772583,0.379619836807251,0.33307576179504395,0.35228845477104187,0.3844694495201111,0.42940133810043335,0.3631834387779236,0.4351385235786438,0.3471718728542328,0.41548484563827515,0.33008989691734314,0.4062776565551758,0.3689749240875244,0.4649416208267212,0.3512556552886963,0.46720367670059204,0.33669787645339966,0.4491690993309021
0.2633775472640991,0.4531317949295044,0.28068751096725464,0.37848880887031555,0.3151625990867615,0.2953456938266754,0.3299282491207123,0.22675420343875885,0.32577624917030334,0.16694419085979462,0.3449965715408325,0.2807859480381012,0.40202173590660095,0.35551464557647705,0.38297268748283386,0.3700612485408783,0.3646269738674164,0.3507624864578247,0.3406254053115845,0.32044553756713867,0.39460086822509766,0.40167415142059326,0.37210583686828613,0.40938839316368103,0.3550977110862732,0.3897642195224762,0.33521148562431335,0.3721683919429779,0.3863821029663086,0.4463779628276825,0.3648860454559326,0.44771522283554077,0.3479795753955841,0.4267411530017853,0.33160942792892456,0.42728391289711,0.37021154165267944,0.4829398989677429,0.3518521785736084,0.4825759530067444,0.33616214990615845,0.4636058509349823
0.26735275983810425,0.460968017578125,0.2846844792366028,0.38591283559799194,0.31853416562080383,0.3033938705921173,0.3341182470321655,0.23517194390296936,0.3304723799228668,0.1749158352613449,0.34781256318092346,0.2875671684741974,0.40480881929397583,0.3602256178855896,0.38542473316192627,0.3760998845100403,0.366664856672287,0.35872745513916016,0.3437737822532654,0.3261561691761017,0.3969612419605255,0.4076099693775177,0.3749411106109619,0.41841965913772583,0.358551949262619,0.4003199338912964,0.33906251192092896,0.3770048916339874,0.38978156447410583,0.45312997698783875,0.3688960075378418,0.45763421058654785,0.3522799611091614,0.4374709129333496,0.3359787166118622,0.4316450357437134,0.3744836151599884,0.4893873333930969,0.3565422594547272,0.49157360196113586,0.3412041962146759,0.47346943616867065
0.2739691436290741,0.46429914236068726,0.29001396894454956,0.38958606123924255,0.3250296711921692,0.30671024322509766,0.34105291962623596,0.23953162133693695,0.33763641119003296,0.1798611283302307,0.35537704825401306,0.292134165763855,0.4128105640411377,0.367089182138443,0.3922747075557709,0.3806563913822174,0.373138427734375,0.3609986901283264,0.3514432907104492,0.3308572769165039,0.4053221344947815,0.4119524657726288,0.3825024962425232,0.4204719662666321,0.3660992383956909,0.402886301279068,0.34620097279548645,0.3818869888782501,0.3965279459953308,0.45728975534439087,0.37492188811302185,0.4599493741989136,0.3586253821849823,0.4402540326118469,0.3425552248954773,0.436325341463089,0.38126319646835327,0.4934329390525818,0.3629697263240814,0.4943210780620575,0.3478505313396454,0.4759116768836975
0.2842973470687866,0.47031551599502563,0.3007103204727173,0.3966258764266968,0.3347460627555847,0.31356966495513916,0.3492313027381897,0.24443167448043823,0.34518173336982727,0.18499037623405457,0.36496591567993164,0.3028903603553772,0.42130669951438904,0.3756132125854492,0.40073472261428833,0.3904684782028198,0.3821406960487366,0.37109118700027466,0.3612147867679596,0.34102845191955566,0.4132685661315918,0.4198327660560608,0.39061611890792847,0.42965948581695557,0.3748202919960022,0.41216903924942017,0.3560508191585541,0.39155489206314087,0.40413492918014526,0.4652373790740967,0.382643461227417,0.46948307752609253,0.3669540286064148,0.4504644274711609,0.3526953160762787,0.44645994901657104,0.3905872702598572,0.5028131604194641,0.3727160692214966,0.5044587850570679,0.35821205377578735,0.487285852432251
0.29140496253967285,0.4715254306793213,0.30938345193862915,0.39887988567352295,0.34437236189842224,0.31763237714767456,0.35986271500587463,0.25012707710266113,0.3552230894565582,0.19111943244934082,0.3742833733558655,0.3013153672218323,0.42991727590560913,0.3725071847438812,0.40959274768829346,0.3870644271373749,0.3908925950527191,0.3682587444782257,0.3710545003414154,0.3392092287540436,0.42222610116004944,0.4185943305492401,0.3996316194534302,0.42702993750572205,0.38342827558517456,0.4093762934207916,0.36666446924209595,0.38945838809013367,0.41256752610206604,0.4632070064544678,0.39118799567222595,0.4658650755882263,0.3757047951221466,0.4468253552913666,0.3633444011211395,0.443318247795105,0.3987799882888794,0.49859583377838135,0.3805905282497406,0.4995179772377014,0.3663216233253479,0.482326865196228
0.30476492643356323,0.47002917528152466,0.32291290163993835,0.39587005972862244,0.35682904720306396,0.3158198595046997,0.37166333198547363,0.24862004816532135,0.3675271272659302,0.18975043296813965,0.38725709915161133,0.30269408226013184,0.4422450363636017,0.3740816116333008,0.4226488173007965,0.3885570466518402,0.40361306071281433,0.3709544837474823,0.3838643431663513,0.3388553857803345,0.43431878089904785,0.4173918664455414,0.4128137528896332,0.4264950454235077,0.39698782563209534,0.4107663631439209,0.3788657784461975,0.3872367739677429,0.42434021830558777,0.4605671763420105,0.40375810861587524,0.4642094075679779,0.3886851668357849,0.4464660882949829,0.3751598298549652,0.43956008553504944,0.41039782762527466,0.49609285593032837,0.3924262225627899,0.4976676106452942,0.37778785824775696,0.48069798946380615
0.31637755036354065,0.4569564759731293,0.3334861397743225,0.3865053057670593,0.3654743432998657,0.31066322326660156,0.38066163659095764,0.2465539425611496,0.37712815403938293,0.1887301504611969,0.3961160182952881,0.2946271598339081,0.44893959164619446,0.36691421270370483,0.4302198588848114,0.38140538334846497,0.4122468829154968,0.3641083836555481,0.39311328530311584,0.3314083218574524,0.44174373149871826,0.4105328917503357,0.42084330320358276,0.42027896642684937,0.405462384223938,0.40409016609191895,0.38850733637809753,0.3796613812446594,0.4329908788204193,0.45338907837867737,0.4129456877708435,0.45805859565734863,0.39815405011177063,0.43994811177253723,0.38510942459106445,0.43120697140693665,0.4188324809074402,0.48806750774383545,0.4011954367160797,0.49126675724983215,0.3870137333869934,0.47465354204177856
0.3272106647491455,0.441565603017807,0.3444608747959137,0.37221840023994446,0.376425564289093,0.2940683364868164,0.3902652859687805,0.2288406789302826,0.38568729162216187,0.17113089561462402,0.4054175019264221,0.2786732316017151,0.4581008553504944,0.35372015833854675,0.43885743618011475,0.3681141138076782,0.42140406370162964,0.3482528626918793,0.4026723802089691,0.31348052620887756,0.45199331641197205,0.39598822593688965,0.43070074915885925,0.40510326623916626,0.4154624342918396,0.3871346712112427,0.3980104923248291,0.3607821464538574,0.44294363260269165,0.43823081254959106,0.42263081669807434,0.4424692988395691,0.40792572498321533,0.42362937331199646,0.3944830298423767,0.41264551877975464,0.4272606670856476,0.47240230441093445,0.4098299741744995,0.47426602244377136,0.39649561047554016,0.4568634629249573
0.32944321632385254,0.4371528625488281,0.3466666042804718,0.36726251244544983,0.37826743721961975,0.28879791498184204,0.3925497531890869,0.22323642671108246,0.38836097717285156,0.16623364388942719,0.4094119071960449,0.2767380475997925,0.4599965810775757,0.3500519096851349,0.4409298002719879,0.3651529848575592,0.42369958758354187,0.3477723002433777,0.4084336459636688,0.31259599328041077,0.4546665847301483,0.3913538455963135,0.43390554189682007,0.40115082263946533,0.4186263978481293,0.3860184848308563,0.4051196575164795,0.3605298399925232,0.4457702338695526,0.43452516198158264,0.4258641004562378,0.4387921094894409,0.4114364981651306,0.42116665840148926,0.4024103879928589,0.4127950668334961,0.43127790093421936,0.4700855314731598,0.41346320509910583,0.47206005454063416,0.40034931898117065,0.4554571509361267
0.32835686206817627,0.43846145272254944,0.34542518854141235,0.36701399087905884,0.37520962953567505,0.2884700894355774,0.38935795426368713,0.2236260175704956,0.3861970603466034,0.16657377779483795,0.4077483117580414,0.27513182163238525,0.4562130868434906,0.3516925275325775,0.4372527599334717,0.365875780582428,0.42014145851135254,0.34586793184280396,0.4063546061515808,0.3119989037513733,0.4527910053730011,0.39153963327407837,0.43198296427726746,0.4017069637775421,0.41635242104530334,0.3849954903125763,0.40281060338020325,0.3603948652744293,0.44407883286476135,0.4341653883457184,0.42419230937957764,0.43920645117759705,0.4095022678375244,0.4217558801174164,0.40000709891319275,0.412710964679718,0.43015074729919434,0.46751129627227783,0.4124273955821991,0.46947869658470154,0.39913344383239746,0.45310351252555847
0.3178662061691284,0.4420834481716156,0.3347146213054657,0.3654318153858185,0.3628694713115692,0.2897326350212097,0.37837138772010803,0.22485992312431335,0.3764010965824127,0.16627906262874603,0.4049037992954254,0.2805311679840088,0.45090803503990173,0.3518218398094177,0.43138647079467773,0.36594292521476746,0.41269874572753906,0.3512828052043915,0.40705543756484985,0.3219887912273407,0.4467923939228058,0.39482536911964417,0.4258382320404053,0.40447643399238586,0.40914100408554077,0.3919084966182709,0.4052796959877014,0.37470442056655884,0.43808093667030334,0.4392581284046173,0.41866761445999146,0.4445207417011261,0.4032766819000244,0.42990073561668396,0.403001606464386,0.43040212988853455,0.42742103338241577,0.47645485401153564,0.40976977348327637,0.47985169291496277,0.3958982229232788,0.46618419885635376
0.3185409605503082,0.4516609013080597,0.334145724773407,0.3749596178531647,0.36065804958343506,0.30105310678482056,0.3772863745689392,0.23773927986621857,0.3770567774772644,0.18041037023067474,0.405348539352417,0.29372555017471313,0.44913583993911743,0.3646577000617981,0.42995786666870117,0.3804778754711151,0.41178640723228455,0.36957496404647827,0.40856218338012695,0.3354725241661072,0.44598186016082764,0.40909332036972046,0.4249282479286194,0.4187565743923187,0.4076135754585266,0.4090445041656494,0.40751370787620544,0.38753846287727356,0.4367859661579132,0.45362359285354614,0.4171968996524811,0.4584260582923889,0.40179532766342163,0.44578438997268677,0.40581074357032776,0.4428419768810272,0.4244330823421478,0.4917047619819641,0.40601250529289246,0.4943500757217407,0.3929964005947113,0.4806019067764282
0.3179668188095093,0.45684605836868286,0.3332611918449402,0.37769609689712524,0.36104610562324524,0.3040653467178345,0.37921908497810364,0.2404964715242386,0.3804968297481537,0.18208956718444824,0.40641888976097107,0.2981598377227783,0.44989675283432007,0.371991366147995,0.42959555983543396,0.3869066536426544,0.4114114046096802,0.37488383054733276,0.40977975726127625,0.3403879404067993,0.44642260670661926,0.4165600836277008,0.4245035946369171,0.4254780411720276,0.4075283706188202,0.4155220091342926,0.4083324074745178,0.39312949776649475,0.4364174008369446,0.4609852731227875,0.41601669788360596,0.46528714895248413,0.40092089772224426,0.45222100615501404,0.40620875358581543,0.44866684079170227,0.42457589507102966,0.4990602731704712,0.4058988690376282,0.5008800625801086,0.39308667182922363,0.486494779586792
0.3104260563850403,0.4526052474975586,0.3291841745376587,0.37612637877464294,0.3583432137966156,0.3016599416732788,0.37537193298339844,0.23726364970207214,0.3760872483253479,0.17838965356349945,0.4026797413825989,0.2973251938819885,0.44678711891174316,0.37022465467453003,0.4264177680015564,0.384726345539093,0.4075945317745209,0.37127915024757385,0.40433433651924133,0.33921095728874207,0.4426514804363251,0.4146636426448822,0.42072731256484985,0.42425456643104553,0.4037170112133026,0.4122069776058197,0.40172043442726135,0.3924069404602051,0.4327447712421417,0.45900845527648926,0.4122936725616455,0.4633927643299103,0.39694496989250183,0.44846898317337036,0.3984968066215515,0.4488171935081482,0.4190562963485718,0.4965619742870331,0.4000224173069,0.49823540449142456,0.38697779178619385,0.4828495383262634
0.2966890037059784,0.4518832862377167,0.31382474303245544,0.37592828273773193,0.34487417340278625,0.2963172495365143,0.3616706430912018,0.2281903475522995,0.35961756110191345,0.16793017089366913,0.38591867685317993,0.2864842712879181,0.4388066828250885,0.35927706956863403,0.417794793844223,0.3751680254936218,0.3992381989955902,0.3601658046245575,0.386101096868515,0.3270895481109619,0.4314296245574951,0.40542280673980713,0.40889355540275574,0.4141009449958801,0.3923501968383789,0.39883261919021606,0.38277938961982727,0.3799841105937958,0.42000797390937805,0.4508987069129944,0.3988379240036011,0.45429283380508423,0.38370615243911743,0.4368799924850464,0.37979739904403687,0.43629807233810425,0.40667659044265747,0.48884814977645874,0.38734984397888184,0.4912627637386322,0.3736615777015686,0.47535252571105957
0.29955601692199707,0.45284298062324524,0.3172987103462219,0.37609171867370605,0.3480362594127655,0.295837938785553,0.363924503326416,0.22804032266139984,0.3627893328666687,0.16852401196956635,0.38926440477371216,0.28604942560195923,0.4406653344631195,0.3613151013851166,0.42047178745269775,0.3758864104747772,0.4013912081718445,0.3599872589111328,0.38967248797416687,0.32672494649887085,0.4347352385520935,0.40635111927986145,0.41296112537384033,0.41495105624198914,0.3960036039352417,0.4000517725944519,0.3863844573497772,0.3794877529144287,0.42388132214546204,0.45199793577194214,0.4035782814025879,0.4558175206184387,0.38836827874183655,0.43816938996315,0.38286519050598145,0.43629392981529236,0.4098793864250183,0.49066397547721863,0.39107006788253784,0.4929255545139313,0.37687960267066956,0.47666728496551514
0.305512011051178,0.450933039188385,0.32244986295700073,0.37288981676101685,0.353404700756073,0.29477494955062866,0.3701915740966797,0.22713714838027954,0.3695162534713745,0.16717125475406647,0.39469388127326965,0.28462859988212585,0.4463581442832947,0.36266499757766724,0.42655399441719055,0.3779193162918091,0.40812087059020996,0.3626614809036255,0.39514997601509094,0.32493555545806885,0.43964430689811707,0.40709570050239563,0.41784924268722534,0.41624870896339417,0.40130430459976196,0.40201783180236816,0.39203548431396484,0.3777513802051544,0.42898663878440857,0.4519536793231964,0.40822210907936096,0.45596906542778015,0.3935594856739044,0.438588947057724,0.38879963755607605,0.4343923330307007,0.4150718152523041,0.4897288382053375,0.3960099220275879,0.493266761302948,0.38246339559555054,0.4777824580669403
